src/api/mapbox/geocode.ts(2,44): error TS2304: Cannot find name 'VercelRequest'.
src/api/mapbox/geocode.ts(2,64): error TS2304: Cannot find name 'VercelResponse'.
src/api/mapbox/geocode.ts(5,17): error TS2591: Cannot find name 'process'. Do you need to install type definitions for node? Try `npm i --save-dev @types/node` and then add 'node' to the types field in your tsconfig.
src/api/mapbox/geocode.ts(8,36): error TS2304: Cannot find name 'GeocodeRequest'.
src/App.tsx(10,29): error TS2306: File 'D:/final1_23022026/src/panels/rider/index.tsx' is not a module.
src/App.tsx(11,34): error TS2306: File 'D:/final1_23022026/src/panels/super-admin/index.tsx' is not a module.
src/App.tsx(12,40): error TS2306: File 'D:/final1_23022026/src/panels/merchant-customer/index.tsx' is not a module.
src/App.tsx(20,6): error TS2304: Cannot find name 'Route'.
src/App.tsx(26,6): error TS2304: Cannot find name 'Router'.
src/App.tsx(27,8): error TS2304: Cannot find name 'Routes'.
src/App.tsx(29,10): error TS2304: Cannot find name 'Route'.
src/App.tsx(30,12): error TS2304: Cannot find name 'Route'.
src/App.tsx(30,24): error TS2304: Cannot find name 'ROUTE_PATHS'.
src/App.tsx(31,12): error TS2304: Cannot find name 'Route'.
src/App.tsx(31,24): error TS2304: Cannot find name 'ROUTE_PATHS'.
src/App.tsx(32,11): error TS2304: Cannot find name 'Route'.
src/App.tsx(35,10): error TS2304: Cannot find name 'Route'.
src/App.tsx(38,14): error TS2322: Type '{ children: Element; panel: any; }' is not assignable to type 'IntrinsicAttributes'.
  Property 'children' does not exist on type 'IntrinsicAttributes'.
src/App.tsx(38,33): error TS2304: Cannot find name 'PANELS'.
src/App.tsx(44,11): error TS2304: Cannot find name 'Route'.
src/App.tsx(47,10): error TS2304: Cannot find name 'Route'.
src/App.tsx(48,20): error TS2304: Cannot find name 'ROUTE_PATHS'.
src/App.tsx(50,14): error TS2322: Type '{ children: Element; panel: any; }' is not assignable to type 'IntrinsicAttributes'.
  Property 'children' does not exist on type 'IntrinsicAttributes'.
src/App.tsx(50,33): error TS2304: Cannot find name 'PANELS'.
src/App.tsx(56,11): error TS2304: Cannot find name 'Route'.
src/App.tsx(59,10): error TS2304: Cannot find name 'Route'.
src/App.tsx(60,20): error TS2304: Cannot find name 'ROUTE_PATHS'.
src/App.tsx(62,14): error TS2322: Type '{ children: Element; panel: any; }' is not assignable to type 'IntrinsicAttributes'.
  Property 'children' does not exist on type 'IntrinsicAttributes'.
src/App.tsx(62,33): error TS2304: Cannot find name 'PANELS'.
src/App.tsx(68,11): error TS2304: Cannot find name 'Route'.
src/App.tsx(71,10): error TS2304: Cannot find name 'Route'.
src/App.tsx(72,20): error TS2304: Cannot find name 'ROUTE_PATHS'.
src/App.tsx(74,14): error TS2322: Type '{ children: Element; panel: any; }' is not assignable to type 'IntrinsicAttributes'.
  Property 'children' does not exist on type 'IntrinsicAttributes'.
src/App.tsx(74,33): error TS2304: Cannot find name 'PANELS'.
src/App.tsx(80,11): error TS2304: Cannot find name 'Route'.
src/App.tsx(83,10): error TS2304: Cannot find name 'Route'.
src/App.tsx(86,14): error TS2322: Type '{ children: Element; panel: any; }' is not assignable to type 'IntrinsicAttributes'.
  Property 'children' does not exist on type 'IntrinsicAttributes'.
src/App.tsx(86,33): error TS2304: Cannot find name 'PANELS'.
src/App.tsx(92,11): error TS2304: Cannot find name 'Route'.
src/App.tsx(95,10): error TS2304: Cannot find name 'Route'.
src/App.tsx(95,22): error TS2304: Cannot find name 'ROUTE_PATHS'.
src/App.tsx(95,50): error TS2304: Cannot find name 'Navigate'.
src/App.tsx(95,63): error TS2304: Cannot find name 'ROUTE_PATHS'.
src/App.tsx(96,10): error TS2304: Cannot find name 'Route'.
src/App.tsx(96,35): error TS2304: Cannot find name 'Navigate'.
src/App.tsx(96,48): error TS2304: Cannot find name 'ROUTE_PATHS'.
src/App.tsx(97,9): error TS2304: Cannot find name 'Routes'.
src/App.tsx(98,7): error TS2304: Cannot find name 'Router'.
src/components/auth/StandaloneLoginForm.tsx(6,20): error TS2304: Cannot find name 'useNavigate'.
src/components/auth/StandaloneLoginForm.tsx(7,21): error TS2304: Cannot find name 'useAuth'.
src/components/auth/StandaloneLoginForm.tsx(9,29): error TS2304: Cannot find name 'useState'.
src/components/auth/StandaloneLoginForm.tsx(10,35): error TS2304: Cannot find name 'useState'.
src/components/auth/StandaloneLoginForm.tsx(11,37): error TS2304: Cannot find name 'useState'.
src/components/auth/StandaloneLoginForm.tsx(12,29): error TS2304: Cannot find name 'useState'.
src/components/auth/StandaloneLoginForm.tsx(20,67): error TS2304: Cannot find name 'postLoginPath'.
src/components/auth/StandaloneLoginForm.tsx(34,12): error TS2304: Cannot find name 'AlertTriangle'.
src/components/auth/StandaloneLoginForm.tsx(41,10): error TS2304: Cannot find name 'Input'.
src/components/auth/StandaloneLoginForm.tsx(51,10): error TS2304: Cannot find name 'Input'.
src/components/auth/StandaloneLoginForm.tsx(60,8): error TS2304: Cannot find name 'Button'.
src/components/auth/StandaloneLoginForm.tsx(61,23): error TS2304: Cannot find name 'Loader2'.
src/components/auth/StandaloneLoginForm.tsx(61,75): error TS2304: Cannot find name 'ShieldCheck'.
src/components/auth/StandaloneLoginForm.tsx(63,9): error TS2304: Cannot find name 'Button'.
src/components/auth/StandaloneLoginForm.tsx(66,10): error TS2304: Cannot find name 'Link'.
src/components/auth/StandaloneLoginForm.tsx(68,11): error TS2304: Cannot find name 'Link'.
src/components/auth/StandaloneLoginForm.tsx(69,10): error TS2304: Cannot find name 'Link'.
src/components/auth/StandaloneLoginForm.tsx(71,11): error TS2304: Cannot find name 'Link'.
src/components/AWBLabel.tsx(4,13): error TS2304: Cannot find name 'Shipment'.
src/components/AWBLabel.tsx(5,10): error TS2304: Cannot find name 'User'.
src/components/AWBLabel.tsx(20,12): error TS2304: Cannot find name 'QRCodeSVG'.
src/components/AWBLabel.tsx(39,49): error TS2304: Cannot find name 'formatCurrency'.
src/components/Cards.tsx(1,56): error TS2304: Cannot find name 'Shipment'.
src/components/Cards.tsx(2,17): error TS2304: Cannot find name 'useLanguageContext'.
src/components/Cards.tsx(4,6): error TS2304: Cannot find name 'Card'.
src/components/Cards.tsx(6,8): error TS2304: Cannot find name 'CardContent'.
src/components/Cards.tsx(12,12): error TS2304: Cannot find name 'StatusBadge'.
src/components/Cards.tsx(16,73): error TS2304: Cannot find name 'User'.
src/components/Cards.tsx(23,73): error TS2304: Cannot find name 'MapPin'.
src/components/Cards.tsx(33,62): error TS2304: Cannot find name 'formatCurrency'.
src/components/Cards.tsx(36,9): error TS2304: Cannot find name 'CardContent'.
src/components/Cards.tsx(37,7): error TS2304: Cannot find name 'Card'.
src/components/Charts.tsx(70,14): error TS2304: Cannot find name 'CartesianGrid'.
src/components/Charts.tsx(71,14): error TS2304: Cannot find name 'XAxis'.
src/components/Charts.tsx(78,14): error TS2304: Cannot find name 'YAxis'.
src/components/Charts.tsx(119,14): error TS2304: Cannot find name 'CartesianGrid'.
src/components/Charts.tsx(120,14): error TS2304: Cannot find name 'XAxis'.
src/components/Charts.tsx(127,14): error TS2304: Cannot find name 'YAxis'.
src/components/DashboardLayout.tsx(11,20): error TS2306: File 'D:/final1_23022026/src/lib/utils.ts' is not a module.
src/components/DashboardLayout.tsx(15,20): error TS2304: Cannot find name 'useLocation'.
src/components/DashboardLayout.tsx(16,20): error TS2304: Cannot find name 'useNavigate'.
src/components/DashboardLayout.tsx(30,13): error TS2304: Cannot find name 'LayoutDashboard'.
src/components/DashboardLayout.tsx(36,13): error TS2304: Cannot find name 'SettingsIcon'.
src/components/DashboardLayout.tsx(44,13): error TS2304: Cannot find name 'LayoutDashboard'.
src/components/DashboardLayout.tsx(50,13): error TS2304: Cannot find name 'Package'.
src/components/DashboardLayout.tsx(83,14): error TS2304: Cannot find name 'Link'.
src/components/DashboardLayout.tsx(95,15): error TS2304: Cannot find name 'Link'.
src/components/DashboardLayout.tsx(105,14): error TS2304: Cannot find name 'LogOut'.
src/components/DashboardLayout.tsx(131,12): error TS2304: Cannot find name 'Outlet'.
src/components/DashboardLayout.tsx(146,19): error TS2304: Cannot find name 'Link'.
src/components/DashboardLayout.tsx(153,20): error TS2304: Cannot find name 'Link'.
src/components/DataEntryAutomation.tsx(12,17): error TS2304: Cannot find name 'useLanguageContext'.
src/components/DataEntryAutomation.tsx(13,31): error TS2304: Cannot find name 'useState'.
src/components/DataEntryAutomation.tsx(20,5): error TS2304: Cannot find name 'toast'.
src/components/DataEntryAutomation.tsx(24,6): error TS2304: Cannot find name 'Card'.
src/components/DataEntryAutomation.tsx(25,8): error TS2304: Cannot find name 'CardHeader'.
src/components/DataEntryAutomation.tsx(26,10): error TS2304: Cannot find name 'CardTitle'.
src/components/DataEntryAutomation.tsx(27,12): error TS2304: Cannot find name 'Cpu'.
src/components/DataEntryAutomation.tsx(29,11): error TS2304: Cannot find name 'CardTitle'.
src/components/DataEntryAutomation.tsx(30,9): error TS2304: Cannot find name 'CardHeader'.
src/components/DataEntryAutomation.tsx(31,8): error TS2304: Cannot find name 'CardContent'.
src/components/DataEntryAutomation.tsx(37,14): error TS2304: Cannot find name 'Badge'.
src/components/DataEntryAutomation.tsx(38,16): error TS2304: Cannot find name 'CheckCircle2'.
src/components/DataEntryAutomation.tsx(39,15): error TS2304: Cannot find name 'Badge'.
src/components/DataEntryAutomation.tsx(43,10): error TS2304: Cannot find name 'Button'.
src/components/DataEntryAutomation.tsx(49,14): error TS2304: Cannot find name 'Loader2'.
src/components/DataEntryAutomation.tsx(51,14): error TS2304: Cannot find name 'Zap'.
src/components/DataEntryAutomation.tsx(56,11): error TS2304: Cannot find name 'Button'.
src/components/DataEntryAutomation.tsx(57,9): error TS2304: Cannot find name 'CardContent'.
src/components/DataEntryAutomation.tsx(58,7): error TS2304: Cannot find name 'Card'.
src/components/DataEntryForm.tsx(8,23): error TS2307: Cannot find module 'sonner' or its corresponding type declarations.
src/components/DataEntryForm.tsx(13,43): error TS2304: Cannot find name 'useState'.
src/components/DataEntryForm.tsx(14,33): error TS2304: Cannot find name 'useState'.
src/components/DataEntryForm.tsx(15,27): error TS2304: Cannot find name 'useState'.
src/components/DataEntryForm.tsx(16,27): error TS2304: Cannot find name 'useState'.
src/components/DataEntryForm.tsx(18,24): error TS2304: Cannot find name 'useMemo'.
src/components/DeliveryExceptionHandler.tsx(115,45): error TS2304: Cannot find name 'useState'.
src/components/DeliveryExceptionHandler.tsx(116,31): error TS2304: Cannot find name 'useState'.
src/components/DeliveryExceptionHandler.tsx(117,45): error TS2304: Cannot find name 'useState'.
src/components/DeliveryExceptionHandler.tsx(118,29): error TS2304: Cannot find name 'useState'.
src/components/DeliveryExceptionHandler.tsx(119,47): error TS2304: Cannot find name 'useState'.
src/components/DeliveryExceptionHandler.tsx(120,51): error TS2304: Cannot find name 'useState'.
src/components/DeliveryExceptionHandler.tsx(122,20): error TS2304: Cannot find name 'useRef'.
src/components/DeliveryExceptionHandler.tsx(123,21): error TS2304: Cannot find name 'useRef'.
src/components/DeliveryExceptionHandler.tsx(125,3): error TS2304: Cannot find name 'useEffect'.
src/components/DeliveryExceptionHandler.tsx(225,8): error TS2304: Cannot find name 'Card'.
src/components/DeliveryExceptionHandler.tsx(226,10): error TS2304: Cannot find name 'CardHeader'.
src/components/DeliveryExceptionHandler.tsx(227,12): error TS2304: Cannot find name 'CardTitle'.
src/components/DeliveryExceptionHandler.tsx(230,13): error TS2304: Cannot find name 'CardTitle'.
src/components/DeliveryExceptionHandler.tsx(241,14): error TS2304: Cannot find name 'Badge'.
src/components/DeliveryExceptionHandler.tsx(243,15): error TS2304: Cannot find name 'Badge'.
src/components/DeliveryExceptionHandler.tsx(245,11): error TS2304: Cannot find name 'CardHeader'.
src/components/DeliveryExceptionHandler.tsx(246,10): error TS2304: Cannot find name 'CardContent'.
src/components/DeliveryExceptionHandler.tsx(249,14): error TS2304: Cannot find name 'Label'.
src/components/DeliveryExceptionHandler.tsx(249,38): error TS2304: Cannot find name 'Label'.
src/components/DeliveryExceptionHandler.tsx(271,14): error TS2304: Cannot find name 'Label'.
src/components/DeliveryExceptionHandler.tsx(271,47): error TS2304: Cannot find name 'Label'.
src/components/DeliveryExceptionHandler.tsx(272,14): error TS2304: Cannot find name 'Textarea'.
src/components/DeliveryExceptionHandler.tsx(284,16): error TS2304: Cannot find name 'Label'.
src/components/DeliveryExceptionHandler.tsx(284,40): error TS2304: Cannot find name 'Badge'.
src/components/DeliveryExceptionHandler.tsx(284,91): error TS2304: Cannot find name 'Badge'.
src/components/DeliveryExceptionHandler.tsx(284,99): error TS2304: Cannot find name 'Label'.
src/components/DeliveryExceptionHandler.tsx(288,22): error TS2304: Cannot find name 'Button'.
src/components/DeliveryExceptionHandler.tsx(291,23): error TS2304: Cannot find name 'Button'.
src/components/DeliveryExceptionHandler.tsx(301,26): error TS2304: Cannot find name 'Button'.
src/components/DeliveryExceptionHandler.tsx(304,27): error TS2304: Cannot find name 'Button'.
src/components/DeliveryExceptionHandler.tsx(305,26): error TS2304: Cannot find name 'Button'.
src/components/DeliveryExceptionHandler.tsx(307,27): error TS2304: Cannot find name 'Button'.
src/components/DeliveryExceptionHandler.tsx(319,20): error TS2304: Cannot find name 'Button'.
src/components/DeliveryExceptionHandler.tsx(329,21): error TS2304: Cannot find name 'Button'.
src/components/DeliveryExceptionHandler.tsx(338,16): error TS2304: Cannot find name 'Label'.
src/components/DeliveryExceptionHandler.tsx(338,49): error TS2304: Cannot find name 'Label'.
src/components/DeliveryExceptionHandler.tsx(340,18): error TS2304: Cannot find name 'Button'.
src/components/DeliveryExceptionHandler.tsx(343,19): error TS2304: Cannot find name 'Button'.
src/components/DeliveryExceptionHandler.tsx(351,20): error TS2304: Cannot find name 'Button'.
src/components/DeliveryExceptionHandler.tsx(358,21): error TS2304: Cannot find name 'Button'.
src/components/DeliveryExceptionHandler.tsx(366,14): error TS2304: Cannot find name 'Label'.
src/components/DeliveryExceptionHandler.tsx(366,54): error TS2304: Cannot find name 'Label'.
src/components/DeliveryExceptionHandler.tsx(367,14): error TS2304: Cannot find name 'Textarea'.
src/components/DeliveryExceptionHandler.tsx(378,14): error TS2304: Cannot find name 'Alert'.
src/components/DeliveryExceptionHandler.tsx(380,16): error TS2304: Cannot find name 'AlertDescription'.
src/components/DeliveryExceptionHandler.tsx(387,17): error TS2304: Cannot find name 'AlertDescription'.
src/components/DeliveryExceptionHandler.tsx(388,15): error TS2304: Cannot find name 'Alert'.
src/components/DeliveryExceptionHandler.tsx(409,14): error TS2304: Cannot find name 'Button'.
src/components/DeliveryExceptionHandler.tsx(415,15): error TS2304: Cannot find name 'Button'.
src/components/DeliveryExceptionHandler.tsx(416,14): error TS2304: Cannot find name 'Button'.
src/components/DeliveryExceptionHandler.tsx(418,15): error TS2304: Cannot find name 'Button'.
src/components/DeliveryExceptionHandler.tsx(420,11): error TS2304: Cannot find name 'CardContent'.
src/components/DeliveryExceptionHandler.tsx(421,9): error TS2304: Cannot find name 'Card'.
src/components/ElectronicSignaturePad.tsx(17,21): error TS2304: Cannot find name 'useRef'.
src/components/ElectronicSignaturePad.tsx(18,37): error TS2304: Cannot find name 'useState'.
src/components/ElectronicSignaturePad.tsx(19,43): error TS2304: Cannot find name 'useState'.
src/components/ElectronicSignaturePad.tsx(20,45): error TS2304: Cannot find name 'useState'.
src/components/ElectronicSignaturePad.tsx(21,51): error TS2304: Cannot find name 'useState'.
src/components/ElectronicSignaturePad.tsx(22,43): error TS2304: Cannot find name 'useState'.
src/components/ElectronicSignaturePad.tsx(26,3): error TS2304: Cannot find name 'useEffect'.
src/components/ElectronicSignaturePad.tsx(131,6): error TS2304: Cannot find name 'Card'.
src/components/ElectronicSignaturePad.tsx(132,8): error TS2304: Cannot find name 'CardHeader'.
src/components/ElectronicSignaturePad.tsx(134,12): error TS2304: Cannot find name 'CardTitle'.
src/components/ElectronicSignaturePad.tsx(135,14): error TS2304: Cannot find name 'CheckCircle2'.
src/components/ElectronicSignaturePad.tsx(137,13): error TS2304: Cannot find name 'CardTitle'.
src/components/ElectronicSignaturePad.tsx(138,12): error TS2304: Cannot find name 'Badge'.
src/components/ElectronicSignaturePad.tsx(140,13): error TS2304: Cannot find name 'Badge'.
src/components/ElectronicSignaturePad.tsx(142,9): error TS2304: Cannot find name 'CardHeader'.
src/components/ElectronicSignaturePad.tsx(144,8): error TS2304: Cannot find name 'CardContent'.
src/components/ElectronicSignaturePad.tsx(147,14): error TS2304: Cannot find name 'Label'.
src/components/ElectronicSignaturePad.tsx(148,16): error TS2304: Cannot find name 'Package'.
src/components/ElectronicSignaturePad.tsx(149,15): error TS2304: Cannot find name 'Label'.
src/components/ElectronicSignaturePad.tsx(153,14): error TS2304: Cannot find name 'Label'.
src/components/ElectronicSignaturePad.tsx(154,16): error TS2304: Cannot find name 'User'.
src/components/ElectronicSignaturePad.tsx(155,15): error TS2304: Cannot find name 'Label'.
src/components/ElectronicSignaturePad.tsx(159,14): error TS2304: Cannot find name 'Label'.
src/components/ElectronicSignaturePad.tsx(160,16): error TS2304: Cannot find name 'Calendar'.
src/components/ElectronicSignaturePad.tsx(161,15): error TS2304: Cannot find name 'Label'.
src/components/ElectronicSignaturePad.tsx(166,10): error TS2304: Cannot find name 'Separator'.
src/components/ElectronicSignaturePad.tsx(169,12): error TS2304: Cannot find name 'Label'.
src/components/ElectronicSignaturePad.tsx(171,13): error TS2304: Cannot find name 'Label'.
src/components/ElectronicSignaturePad.tsx(185,16): error TS2304: Cannot find name 'Button'.
src/components/ElectronicSignaturePad.tsx(191,18): error TS2304: Cannot find name 'Eraser'.
src/components/ElectronicSignaturePad.tsx(192,17): error TS2304: Cannot find name 'Button'.
src/components/ElectronicSignaturePad.tsx(203,12): error TS2304: Cannot find name 'Label'.
src/components/ElectronicSignaturePad.tsx(205,13): error TS2304: Cannot find name 'Label'.
src/components/ElectronicSignaturePad.tsx(218,18): error TS2304: Cannot find name 'Button'.
src/components/ElectronicSignaturePad.tsx(224,19): error TS2304: Cannot find name 'Button'.
src/components/ElectronicSignaturePad.tsx(231,22): error TS2304: Cannot find name 'Button'.
src/components/ElectronicSignaturePad.tsx(238,23): error TS2304: Cannot find name 'Button'.
src/components/ElectronicSignaturePad.tsx(243,24): error TS2304: Cannot find name 'Camera'.
src/components/ElectronicSignaturePad.tsx(249,22): error TS2304: Cannot find name 'Button'.
src/components/ElectronicSignaturePad.tsx(255,23): error TS2304: Cannot find name 'Button'.
src/components/ElectronicSignaturePad.tsx(262,9): error TS2304: Cannot find name 'CardContent'.
src/components/ElectronicSignaturePad.tsx(264,8): error TS2304: Cannot find name 'CardFooter'.
src/components/ElectronicSignaturePad.tsx(265,10): error TS2304: Cannot find name 'Button'.
src/components/ElectronicSignaturePad.tsx(272,11): error TS2304: Cannot find name 'Button'.
src/components/ElectronicSignaturePad.tsx(273,10): error TS2304: Cannot find name 'Button'.
src/components/ElectronicSignaturePad.tsx(279,11): error TS2304: Cannot find name 'Button'.
src/components/ElectronicSignaturePad.tsx(280,9): error TS2304: Cannot find name 'CardFooter'.
src/components/ElectronicSignaturePad.tsx(281,7): error TS2304: Cannot find name 'Card'.
src/components/layout/PublicNavbar.tsx(2,20): error TS2306: File 'D:/final1_23022026/src/lib/utils.ts' is not a module.
src/components/layout/PublicNavbar.tsx(5,31): error TS2304: Cannot find name 'useState'.
src/components/layout/PublicNavbar.tsx(6,20): error TS2304: Cannot find name 'useLocation'.
src/components/layout/PublicNavbar.tsx(10,39): error TS2304: Cannot find name 'ROUTE_PATHS'.
src/components/layout/PublicNavbar.tsx(11,42): error TS2304: Cannot find name 'ROUTE_PATHS'.
src/components/layout/PublicNavbar.tsx(12,42): error TS2304: Cannot find name 'ROUTE_PATHS'.
src/components/layout/PublicNavbar.tsx(13,39): error TS2304: Cannot find name 'ROUTE_PATHS'.
src/components/layout/PublicNavbar.tsx(14,38): error TS2304: Cannot find name 'ROUTE_PATHS'.
src/components/layout/PublicNavbar.tsx(15,41): error TS2304: Cannot find name 'ROUTE_PATHS'.
src/components/layout/PublicNavbar.tsx(24,68): error TS2304: Cannot find name 'Phone'.
src/components/layout/PublicNavbar.tsx(25,78): error TS2304: Cannot find name 'Mail'.
src/components/layout/PublicNavbar.tsx(28,78): error TS2304: Cannot find name 'Clock'.
src/components/layout/PublicNavbar.tsx(42,12): error TS2304: Cannot find name 'Link'.
src/components/layout/PublicNavbar.tsx(43,23): error TS2304: Cannot find name 'IMAGES'.
src/components/layout/PublicNavbar.tsx(48,13): error TS2304: Cannot find name 'Link'.
src/components/layout/PublicNavbar.tsx(52,16): error TS2304: Cannot find name 'Link'.
src/components/layout/PublicNavbar.tsx(61,17): error TS2304: Cannot find name 'Link'.
src/components/layout/PublicNavbar.tsx(63,14): error TS2304: Cannot find name 'Button'.
src/components/layout/PublicNavbar.tsx(64,16): error TS2304: Cannot find name 'Link'.
src/components/layout/PublicNavbar.tsx(64,25): error TS2304: Cannot find name 'ROUTE_PATHS'.
src/components/layout/PublicNavbar.tsx(64,45): error TS2304: Cannot find name 'LogIn'.
src/components/layout/PublicNavbar.tsx(64,94): error TS2304: Cannot find name 'Link'.
src/components/layout/PublicNavbar.tsx(65,15): error TS2304: Cannot find name 'Button'.
src/components/layout/PublicNavbar.tsx(69,24): error TS2304: Cannot find name 'X'.
src/components/layout/PublicNavbar.tsx(69,42): error TS2304: Cannot find name 'Menu'.
src/components/NotificationBell.tsx(2,16): error TS2552: Cannot find name 'NotificationBell'. Did you mean 'Notification'?
src/components/ParcelQRLabel.tsx(14,20): error TS2304: Cannot find name 'useRef'.
src/components/ParcelQRLabel.tsx(62,8): error TS2304: Cannot find name 'Card'.
src/components/ParcelQRLabel.tsx(67,14): error TS2304: Cannot find name 'Button'.
src/components/ParcelQRLabel.tsx(73,16): error TS2304: Cannot find name 'Printer'.
src/components/ParcelQRLabel.tsx(74,15): error TS2304: Cannot find name 'Button'.
src/components/ParcelQRLabel.tsx(75,14): error TS2304: Cannot find name 'Button'.
src/components/ParcelQRLabel.tsx(81,16): error TS2304: Cannot find name 'Download'.
src/components/ParcelQRLabel.tsx(82,15): error TS2304: Cannot find name 'Button'.
src/components/ParcelQRLabel.tsx(96,22): error TS2304: Cannot find name 'IMAGES'.
src/components/ParcelQRLabel.tsx(114,16): error TS2304: Cannot find name 'QRCodeGenerator'.
src/components/ParcelQRLabel.tsx(136,18): error TS2304: Cannot find name 'Package'.
src/components/ParcelQRLabel.tsx(148,18): error TS2304: Cannot find name 'Truck'.
src/components/ParcelQRLabel.tsx(156,18): error TS2304: Cannot find name 'Phone'.
src/components/ParcelQRLabel.tsx(182,9): error TS2304: Cannot find name 'Card'.
src/components/ParcelQRLabel.tsx(185,10): error TS2304: Cannot find name 'Button'.
src/components/ParcelQRLabel.tsx(189,12): error TS2304: Cannot find name 'Printer'.
src/components/ParcelQRLabel.tsx(190,11): error TS2304: Cannot find name 'Button'.
src/components/ParcelQRLabel.tsx(191,10): error TS2304: Cannot find name 'Button'.
src/components/ParcelQRLabel.tsx(196,12): error TS2304: Cannot find name 'Download'.
src/components/ParcelQRLabel.tsx(197,11): error TS2304: Cannot find name 'Button'.
src/components/ParcelRegistrationForm.tsx(5,20): error TS2304: Cannot find name 'z'.
src/components/ParcelRegistrationForm.tsx(6,15): error TS2304: Cannot find name 'z'.
src/components/ParcelRegistrationForm.tsx(7,17): error TS2304: Cannot find name 'z'.
src/components/ParcelRegistrationForm.tsx(8,11): error TS2304: Cannot find name 'z'.
src/components/ParcelRegistrationForm.tsx(9,14): error TS2304: Cannot find name 'z'.
src/components/ParcelRegistrationForm.tsx(13,17): error TS2304: Cannot find name 'useLanguageContext'.
src/components/ParcelRegistrationForm.tsx(15,61): error TS2304: Cannot find name 'useForm'.
src/components/ParcelRegistrationForm.tsx(16,15): error TS2304: Cannot find name 'zodResolver'.
src/components/ParcelRegistrationForm.tsx(32,12): error TS2304: Cannot find name 'Input'.
src/components/ParcelRegistrationForm.tsx(37,12): error TS2304: Cannot find name 'Input'.
src/components/ParcelRegistrationForm.tsx(42,12): error TS2304: Cannot find name 'Input'.
src/components/ParcelRegistrationForm.tsx(47,12): error TS2304: Cannot find name 'Input'.
src/components/ParcelRegistrationForm.tsx(51,8): error TS2304: Cannot find name 'Button'.
src/components/ParcelRegistrationForm.tsx(53,9): error TS2304: Cannot find name 'Button'.
src/components/PermissionGate.tsx(6,4): error TS2304: Cannot find name 'PermissionGateProps'.
src/components/PermissionGate.tsx(7,29): error TS2304: Cannot find name 'useAuth'.
src/components/PhotoCapture.tsx(22,20): error TS2304: Cannot find name 'useRef'.
src/components/PhotoCapture.tsx(23,21): error TS2304: Cannot find name 'useRef'.
src/components/PhotoCapture.tsx(25,43): error TS2304: Cannot find name 'useState'.
src/components/PhotoCapture.tsx(26,45): error TS2304: Cannot find name 'useState'.
src/components/PhotoCapture.tsx(27,29): error TS2304: Cannot find name 'useState'.
src/components/PhotoCapture.tsx(29,26): error TS2304: Cannot find name 'useMemo'.
src/components/PhotoCapture.tsx(62,22): error TS2304: Cannot find name 'useCallback'.
src/components/PhotoCapture.tsx(72,26): error TS2304: Cannot find name 'useCallback'.
src/components/PhotoCapture.tsx(124,6): error TS2304: Cannot find name 'Card'.
src/components/PhotoCapture.tsx(128,14): error TS2304: Cannot find name 'AlertCircle'.
src/components/PhotoCapture.tsx(135,16): error TS2304: Cannot find name 'Camera'.
src/components/PhotoCapture.tsx(159,14): error TS2304: Cannot find name 'Button'.
src/components/PhotoCapture.tsx(160,16): error TS2304: Cannot find name 'Camera'.
src/components/PhotoCapture.tsx(161,15): error TS2304: Cannot find name 'Button'.
src/components/PhotoCapture.tsx(164,16): error TS2304: Cannot find name 'Button'.
src/components/PhotoCapture.tsx(166,17): error TS2304: Cannot find name 'Button'.
src/components/PhotoCapture.tsx(167,16): error TS2304: Cannot find name 'Button'.
src/components/PhotoCapture.tsx(168,18): error TS2304: Cannot find name 'X'.
src/components/PhotoCapture.tsx(169,17): error TS2304: Cannot find name 'Button'.
src/components/PhotoCapture.tsx(173,16): error TS2304: Cannot find name 'Button'.
src/components/PhotoCapture.tsx(174,18): error TS2304: Cannot find name 'Check'.
src/components/PhotoCapture.tsx(175,17): error TS2304: Cannot find name 'Button'.
src/components/PhotoCapture.tsx(176,16): error TS2304: Cannot find name 'Button'.
src/components/PhotoCapture.tsx(184,18): error TS2304: Cannot find name 'RefreshCw'.
src/components/PhotoCapture.tsx(185,17): error TS2304: Cannot find name 'Button'.
src/components/PhotoCapture.tsx(196,7): error TS2304: Cannot find name 'Card'.
src/components/QRCodeGenerator.tsx(5,24): error TS2304: Cannot find name 'ClassValue'.
src/components/QRCodeGenerator.tsx(6,10): error TS2304: Cannot find name 'twMerge'.
src/components/QRCodeGenerator.tsx(6,18): error TS2304: Cannot find name 'clsx'.
src/components/QRCodeGenerator.tsx(27,35): error TS2304: Cannot find name 'useState'.
src/components/QRCodeGenerator.tsx(28,37): error TS2304: Cannot find name 'useState'.
src/components/QRCodeGenerator.tsx(34,3): error TS2304: Cannot find name 'useEffect'.
src/components/QRCodeGenerator.tsx(44,7): error TS2304: Cannot find name 'toast'.
src/components/QRCodeGenerator.tsx(47,7): error TS2304: Cannot find name 'toast'.
src/components/QRCodeGenerator.tsx(63,7): error TS2304: Cannot find name 'toast'.
src/components/QRCodeGenerator.tsx(65,7): error TS2304: Cannot find name 'toast'.
src/components/QRCodeGenerator.tsx(72,7): error TS2304: Cannot find name 'toast'.
src/components/QRCodeGenerator.tsx(161,8): error TS2304: Cannot find name 'motion'.
src/components/QRCodeGenerator.tsx(170,16): error TS2304: Cannot find name 'AnimatePresence'.
src/components/QRCodeGenerator.tsx(172,20): error TS2304: Cannot find name 'motion'.
src/components/QRCodeGenerator.tsx(178,21): error TS2304: Cannot find name 'motion'.
src/components/QRCodeGenerator.tsx(180,17): error TS2304: Cannot find name 'AnimatePresence'.
src/components/QRCodeGenerator.tsx(207,9): error TS2304: Cannot find name 'motion'.
src/components/QRCodeGenerator.tsx(211,10): error TS2304: Cannot find name 'Button'.
src/components/QRCodeGenerator.tsx(218,16): error TS2304: Cannot find name 'Check'.
src/components/QRCodeGenerator.tsx(220,16): error TS2304: Cannot find name 'Copy'.
src/components/QRCodeGenerator.tsx(224,11): error TS2304: Cannot find name 'Button'.
src/components/QRCodeGenerator.tsx(226,10): error TS2304: Cannot find name 'Button'.
src/components/QRCodeGenerator.tsx(232,14): error TS2304: Cannot find name 'Download'.
src/components/QRCodeGenerator.tsx(235,11): error TS2304: Cannot find name 'Button'.
src/components/QRCodeGenerator.tsx(237,10): error TS2304: Cannot find name 'Button'.
src/components/QRCodeGenerator.tsx(243,14): error TS2304: Cannot find name 'Printer'.
src/components/QRCodeGenerator.tsx(246,11): error TS2304: Cannot find name 'Button'.
src/components/QRCodeScanner.tsx(13,27): error TS2304: Cannot find name 'useLanguageContext'.
src/components/QRCodeScanner.tsx(14,20): error TS2304: Cannot find name 'useRef'.
src/components/QRCodeScanner.tsx(15,47): error TS2304: Cannot find name 'useState'.
src/components/QRCodeScanner.tsx(16,29): error TS2304: Cannot find name 'useState'.
src/components/QRCodeScanner.tsx(17,43): error TS2304: Cannot find name 'useState'.
src/components/QRCodeScanner.tsx(18,29): error TS2304: Cannot find name 'useState'.
src/components/QRCodeScanner.tsx(44,23): error TS2304: Cannot find name 'useCallback'.
src/components/QRCodeScanner.tsx(65,22): error TS2304: Cannot find name 'useCallback'.
src/components/QRCodeScanner.tsx(74,3): error TS2304: Cannot find name 'useEffect'.
src/components/QRCodeScanner.tsx(86,21): error TS2304: Cannot find name 'cn'.
src/components/QRCodeScanner.tsx(108,14): error TS2304: Cannot find name 'AnimatePresence'.
src/components/QRCodeScanner.tsx(110,18): error TS2304: Cannot find name 'motion'.
src/components/QRCodeScanner.tsx(117,15): error TS2304: Cannot find name 'AnimatePresence'.
src/components/QRCodeScanner.tsx(134,14): error TS2304: Cannot find name 'AlertCircle'.
src/components/QRCodeScanner.tsx(137,14): error TS2304: Cannot find name 'Button'.
src/components/QRCodeScanner.tsx(142,16): error TS2304: Cannot find name 'RefreshCw'.
src/components/QRCodeScanner.tsx(144,15): error TS2304: Cannot find name 'Button'.
src/components/QRCodeScanner.tsx(150,12): error TS2304: Cannot find name 'Button'.
src/components/QRCodeScanner.tsx(156,14): error TS2304: Cannot find name 'Zap'.
src/components/QRCodeScanner.tsx(156,29): error TS2304: Cannot find name 'cn'.
src/components/QRCodeScanner.tsx(157,13): error TS2304: Cannot find name 'Button'.
src/components/QRCodeScanner.tsx(158,12): error TS2304: Cannot find name 'Button'.
src/components/QRCodeScanner.tsx(164,14): error TS2304: Cannot find name 'RefreshCw'.
src/components/QRCodeScanner.tsx(165,13): error TS2304: Cannot find name 'Button'.
src/components/QRCodeScanner.tsx(171,10): error TS2304: Cannot find name 'Button'.
src/components/QRCodeScanner.tsx(176,12): error TS2304: Cannot find name 'QrCode'.
src/components/QRCodeScanner.tsx(178,11): error TS2304: Cannot find name 'Button'.
src/components/QRScanner.tsx(8,39): error TS2304: Cannot find name 'useState'.
src/components/QRScanner.tsx(9,29): error TS2304: Cannot find name 'useState'.
src/components/QRScanner.tsx(10,33): error TS2304: Cannot find name 'useState'.
src/components/QRScanner.tsx(11,20): error TS2304: Cannot find name 'useRef'.
src/components/QRScanner.tsx(12,21): error TS2304: Cannot find name 'useRef'.
src/components/QRScanner.tsx(74,3): error TS2304: Cannot find name 'useEffect'.
src/components/QRScanner.tsx(79,6): error TS2304: Cannot find name 'Card'.
src/components/QRScanner.tsx(83,14): error TS2304: Cannot find name 'QrCode'.
src/components/QRScanner.tsx(89,14): error TS2304: Cannot find name 'Badge'.
src/components/QRScanner.tsx(91,15): error TS2304: Cannot find name 'Badge'.
src/components/QRScanner.tsx(113,18): error TS2304: Cannot find name 'Button'.
src/components/QRScanner.tsx(118,19): error TS2304: Cannot find name 'Button'.
src/components/QRScanner.tsx(123,16): error TS2304: Cannot find name 'CameraOff'.
src/components/QRScanner.tsx(125,16): error TS2304: Cannot find name 'Button'.
src/components/QRScanner.tsx(132,18): error TS2304: Cannot find name 'Camera'.
src/components/QRScanner.tsx(134,17): error TS2304: Cannot find name 'Button'.
src/components/QRScanner.tsx(142,16): error TS2304: Cannot find name 'AlertCircle'.
src/components/QRScanner.tsx(148,16): error TS2304: Cannot find name 'CheckCircle2'.
src/components/QRScanner.tsx(156,14): error TS2304: Cannot find name 'Button'.
src/components/QRScanner.tsx(162,15): error TS2304: Cannot find name 'Button'.
src/components/QRScanner.tsx(163,14): error TS2304: Cannot find name 'Button'.
src/components/QRScanner.tsx(168,16): error TS2304: Cannot find name 'RefreshCw'.
src/components/QRScanner.tsx(170,15): error TS2304: Cannot find name 'Button'.
src/components/QRScanner.tsx(180,7): error TS2304: Cannot find name 'Card'.
src/components/RealTimeMapView.tsx(2,24): error TS2304: Cannot find name 'useRef'.
src/components/RealTimeMapView.tsx(3,15): error TS2304: Cannot find name 'useRef'.
src/components/RealTimeMapView.tsx(3,22): error TS2503: Cannot find namespace 'mapboxgl'.
src/components/RealTimeMapView.tsx(4,19): error TS2304: Cannot find name 'useRef'.
src/components/RealTimeMapView.tsx(4,43): error TS2503: Cannot find namespace 'mapboxgl'.
src/components/RealTimeMapView.tsx(6,3): error TS2304: Cannot find name 'useEffect'.
src/components/RealTimeMapView.tsx(8,23): error TS2304: Cannot find name 'mapboxgl'.
src/components/RealTimeMapView.tsx(19,3): error TS2304: Cannot find name 'useEffect'.
src/components/RealTimeMapView.tsx(21,38): error TS2304: Cannot find name 'supabase'.
src/components/RealTimeMapView.tsx(51,43): error TS2304: Cannot find name 'mapboxgl'.
src/components/RealTimeMapView.tsx(59,21): error TS2304: Cannot find name 'supabase'.
src/components/RealTimeMapView.tsx(60,20): error TS2304: Cannot find name 'supabase'.
src/components/RealTimeTrackingDashboard.tsx(1,20): error TS2306: File 'D:/final1_23022026/src/lib/utils.ts' is not a module.
src/components/RealTimeTrackingDashboard.tsx(4,20): error TS2304: Cannot find name 'Shipment'.
src/components/RealTimeTrackingDashboard.tsx(14,25): error TS2652: Merged declaration 'RealTimeTrackingDashboard' cannot include a default export declaration. Consider adding a separate 'export default RealTimeTrackingDashboard' declaration instead.
src/components/RealTimeTrackingDashboard.tsx(15,17): error TS2304: Cannot find name 'useLanguageContext'.
src/components/RealTimeTrackingDashboard.tsx(16,39): error TS2304: Cannot find name 'useState'.
src/components/RealTimeTrackingDashboard.tsx(18,18): error TS2304: Cannot find name 'useMemo'.
src/components/RealTimeTrackingDashboard.tsx(28,12): error TS2304: Cannot find name 'Search'.
src/components/RealTimeTrackingDashboard.tsx(49,18): error TS2304: Cannot find name 'StatusBadge'.
src/components/RealTimeTrackingDashboard.tsx(53,18): error TS2304: Cannot find name 'MapPin'.
src/components/RealTimeTrackingDashboard.tsx(62,10): error TS2304: Cannot find name 'Card'.
src/components/RealTimeTrackingDashboard.tsx(66,16): error TS2304: Cannot find name 'Truck'.
src/components/RealTimeTrackingDashboard.tsx(73,18): error TS2304: Cannot find name 'getBilingualStatus'.
src/components/RealTimeTrackingDashboard.tsx(81,16): error TS2304: Cannot find name 'Navigation'.
src/components/RealTimeTrackingDashboard.tsx(95,14): error TS2304: Cannot find name 'Button'.
src/components/RealTimeTrackingDashboard.tsx(96,16): error TS2304: Cannot find name 'RefreshCw'.
src/components/RealTimeTrackingDashboard.tsx(97,15): error TS2304: Cannot find name 'Button'.
src/components/RealTimeTrackingDashboard.tsx(99,11): error TS2304: Cannot find name 'Card'.
src/components/RealTimeTrackingDashboard.tsx(104,14): error TS2304: Cannot find name 'Shield'.
src/components/RealTimeTrackingDashboard.tsx(111,14): error TS2304: Cannot find name 'Activity'.
src/components/RealTimeTrackingDashboard.tsx(123,14): error TS2652: Merged declaration 'RealTimeTrackingDashboard' cannot include a default export declaration. Consider adding a separate 'export default RealTimeTrackingDashboard' declaration instead.
src/components/RoleBasedRoute.tsx(2,73): error TS2304: Cannot find name 'Props'.
src/components/RoleBasedRoute.tsx(3,55): error TS2304: Cannot find name 'useAuth'.
src/components/RoleBasedRoute.tsx(4,20): error TS2304: Cannot find name 'useLocation'.
src/components/RoleBasedRoute.tsx(9,13): error TS2304: Cannot find name 'Navigate'.
src/components/RoleBasedRoute.tsx(13,13): error TS2304: Cannot find name 'Navigate'.
src/components/RoleBasedRoute.tsx(21,13): error TS2304: Cannot find name 'Navigate'.
src/components/RouteOptimizer.tsx(16,20): error TS2306: File 'D:/final1_23022026/src/lib/utils.ts' is not a module.
src/components/RouteOptimizer.tsx(130,16): error TS2304: Cannot find name 'Navigation'.
src/components/RouteOptimizer.tsx(168,18): error TS2304: Cannot find name 'motion'.
src/components/RouteOptimizer.tsx(186,12): error TS2304: Cannot find name 'motion'.
src/components/RouteOptimizer.tsx(224,22): error TS2304: Cannot find name 'motion'.
src/components/RouteOptimizer.tsx(247,28): error TS2304: Cannot find name 'MapPin'.
src/components/RouteOptimizer.tsx(261,23): error TS2304: Cannot find name 'motion'.
src/components/RouteOptimizer.tsx(274,18): error TS2304: Cannot find name 'RotateCcw'.
src/components/RouteOptimizer.tsx(281,18): error TS2304: Cannot find name 'CheckCircle2'.
src/components/RouteOptimizer.tsx(285,13): error TS2304: Cannot find name 'motion'.
src/components/ShipmentForms.tsx(3,25): error TS2304: Cannot find name 'Shipment'.
src/components/ShipmentForms.tsx(9,17): error TS2304: Cannot find name 'useLanguageContext'.
src/components/ShipmentForms.tsx(14,10): error TS2304: Cannot find name 'Label'.
src/components/ShipmentForms.tsx(14,58): error TS2304: Cannot find name 'Label'.
src/components/ShipmentForms.tsx(15,10): error TS2304: Cannot find name 'Input'.
src/components/ShipmentForms.tsx(17,8): error TS2304: Cannot find name 'Button'.
src/components/ShipmentForms.tsx(23,9): error TS2304: Cannot find name 'Button'.
src/components/ShipmentQRModal.tsx(4,22): error TS2304: Cannot find name 'Shipment'.
src/components/ShipmentQRModal.tsx(25,17): error TS2304: Cannot find name 'useLanguageContext'.
src/components/ShipmentQRModal.tsx(26,22): error TS2686: 'React' refers to a UMD global, but the current file is a module. Consider adding an import instead.
src/components/ShipmentQRModal.tsx(29,15): error TS2686: 'React' refers to a UMD global, but the current file is a module. Consider adding an import instead.
src/components/ShipmentQRModal.tsx(34,23): error TS2686: 'React' refers to a UMD global, but the current file is a module. Consider adding an import instead.
src/components/ShipmentQRModal.tsx(48,3): error TS2686: 'React' refers to a UMD global, but the current file is a module. Consider adding an import instead.
src/components/ShipmentQRModal.tsx(108,41): error TS2304: Cannot find name 'getStatusLabel'.
src/components/ShipmentQRModal.tsx(118,76): error TS2304: Cannot find name 'formatDate'.
src/components/SimpleLayout.tsx(18,60): error TS2304: Cannot find name 'LayoutDashboard'.
src/components/SimpleLayout.tsx(20,60): error TS2304: Cannot find name 'Package'.
src/components/SimpleLayout.tsx(21,52): error TS2304: Cannot find name 'Truck'.
src/components/SimpleLayout.tsx(22,60): error TS2304: Cannot find name 'WarehouseIcon'.
src/components/SimpleLayout.tsx(43,14): error TS2304: Cannot find name 'Link'.
src/components/SimpleLayout.tsx(51,15): error TS2304: Cannot find name 'Link'.
src/components/SimpleLayout.tsx(57,16): error TS2304: Cannot find name 'NavLink'.
src/components/SimpleLayout.tsx(70,17): error TS2304: Cannot find name 'NavLink'.
src/components/SimpleLayout.tsx(88,14): error TS2304: Cannot find name 'Link'.
src/components/SimpleLayout.tsx(96,15): error TS2304: Cannot find name 'Link'.
src/components/SimpleLayout.tsx(108,16): error TS2304: Cannot find name 'NavLink'.
src/components/SimpleLayout.tsx(122,17): error TS2304: Cannot find name 'NavLink'.
src/components/ui/accordion.tsx(1,23): error TS2686: 'React' refers to a UMD global, but the current file is a module. Consider adding an import instead.
src/components/ui/accordion.tsx(2,27): error TS2304: Cannot find name 'AccordionPrimitive'.
src/components/ui/accordion.tsx(3,41): error TS2304: Cannot find name 'AccordionPrimitive'.
src/components/ui/accordion.tsx(5,4): error TS2304: Cannot find name 'AccordionPrimitive'.
src/components/ui/accordion.tsx(7,16): error TS2304: Cannot find name 'cn'.
src/components/ui/accordion.tsx(13,26): error TS2686: 'React' refers to a UMD global, but the current file is a module. Consider adding an import instead.
src/components/ui/accordion.tsx(14,27): error TS2304: Cannot find name 'AccordionPrimitive'.
src/components/ui/accordion.tsx(15,41): error TS2304: Cannot find name 'AccordionPrimitive'.
src/components/ui/accordion.tsx(17,4): error TS2304: Cannot find name 'AccordionPrimitive'.
src/components/ui/accordion.tsx(18,6): error TS2304: Cannot find name 'AccordionPrimitive'.
src/components/ui/accordion.tsx(20,18): error TS2304: Cannot find name 'cn'.
src/components/ui/accordion.tsx(27,8): error TS2304: Cannot find name 'ChevronDown'.
src/components/ui/accordion.tsx(28,7): error TS2304: Cannot find name 'AccordionPrimitive'.
src/components/ui/accordion.tsx(29,5): error TS2304: Cannot find name 'AccordionPrimitive'.
src/components/ui/accordion.tsx(31,32): error TS2304: Cannot find name 'AccordionPrimitive'.
src/components/ui/accordion.tsx(33,26): error TS2686: 'React' refers to a UMD global, but the current file is a module. Consider adding an import instead.
src/components/ui/accordion.tsx(34,27): error TS2304: Cannot find name 'AccordionPrimitive'.
src/components/ui/accordion.tsx(35,41): error TS2304: Cannot find name 'AccordionPrimitive'.
src/components/ui/accordion.tsx(37,4): error TS2304: Cannot find name 'AccordionPrimitive'.
src/components/ui/accordion.tsx(42,21): error TS2304: Cannot find name 'cn'.
src/components/ui/accordion.tsx(43,5): error TS2304: Cannot find name 'AccordionPrimitive'.
src/components/ui/accordion.tsx(46,32): error TS2304: Cannot find name 'AccordionPrimitive'.
src/components/ui/accordion.tsx(48,10): error TS2304: Cannot find name 'Accordion'.
src/components/ui/alert-dialog.tsx(1,28): error TS2304: Cannot find name 'AlertDialogPrimitive'.
src/components/ui/alert-dialog.tsx(3,27): error TS2304: Cannot find name 'AlertDialogPrimitive'.
src/components/ui/alert-dialog.tsx(5,28): error TS2686: 'React' refers to a UMD global, but the current file is a module. Consider adding an import instead.
src/components/ui/alert-dialog.tsx(6,27): error TS2304: Cannot find name 'AlertDialogPrimitive'.
src/components/ui/alert-dialog.tsx(7,41): error TS2304: Cannot find name 'AlertDialogPrimitive'.
src/components/ui/alert-dialog.tsx(9,4): error TS2304: Cannot find name 'AlertDialogPrimitive'.
src/components/ui/alert-dialog.tsx(10,16): error TS2304: Cannot find name 'cn'.
src/components/ui/alert-dialog.tsx(18,34): error TS2304: Cannot find name 'AlertDialogPrimitive'.
src/components/ui/alert-dialog.tsx(20,28): error TS2686: 'React' refers to a UMD global, but the current file is a module. Consider adding an import instead.
src/components/ui/alert-dialog.tsx(21,27): error TS2304: Cannot find name 'AlertDialogPrimitive'.
src/components/ui/alert-dialog.tsx(22,41): error TS2304: Cannot find name 'AlertDialogPrimitive'.
src/components/ui/alert-dialog.tsx(26,6): error TS2304: Cannot find name 'AlertDialogPrimitive'.
src/components/ui/alert-dialog.tsx(28,18): error TS2304: Cannot find name 'cn'.
src/components/ui/alert-dialog.tsx(36,34): error TS2304: Cannot find name 'AlertDialogPrimitive'.
src/components/ui/alert-dialog.tsx(43,16): error TS2304: Cannot find name 'cn'.
src/components/ui/alert-dialog.tsx(57,16): error TS2304: Cannot find name 'cn'.
src/components/ui/alert-dialog.tsx(66,26): error TS2686: 'React' refers to a UMD global, but the current file is a module. Consider adding an import instead.
src/components/ui/alert-dialog.tsx(67,27): error TS2304: Cannot find name 'AlertDialogPrimitive'.
src/components/ui/alert-dialog.tsx(68,41): error TS2304: Cannot find name 'AlertDialogPrimitive'.
src/components/ui/alert-dialog.tsx(70,4): error TS2304: Cannot find name 'AlertDialogPrimitive'.
src/components/ui/alert-dialog.tsx(72,16): error TS2304: Cannot find name 'cn'.
src/components/ui/alert-dialog.tsx(76,32): error TS2304: Cannot find name 'AlertDialogPrimitive'.
src/components/ui/alert-dialog.tsx(78,32): error TS2686: 'React' refers to a UMD global, but the current file is a module. Consider adding an import instead.
src/components/ui/alert-dialog.tsx(79,27): error TS2304: Cannot find name 'AlertDialogPrimitive'.
src/components/ui/alert-dialog.tsx(80,41): error TS2304: Cannot find name 'AlertDialogPrimitive'.
src/components/ui/alert-dialog.tsx(82,4): error TS2304: Cannot find name 'AlertDialogPrimitive'.
src/components/ui/alert-dialog.tsx(84,16): error TS2304: Cannot find name 'cn'.
src/components/ui/alert-dialog.tsx(89,3): error TS2304: Cannot find name 'AlertDialogPrimitive'.
src/components/ui/alert-dialog.tsx(91,27): error TS2686: 'React' refers to a UMD global, but the current file is a module. Consider adding an import instead.
src/components/ui/alert-dialog.tsx(92,27): error TS2304: Cannot find name 'AlertDialogPrimitive'.
src/components/ui/alert-dialog.tsx(93,41): error TS2304: Cannot find name 'AlertDialogPrimitive'.
src/components/ui/alert-dialog.tsx(95,4): error TS2304: Cannot find name 'AlertDialogPrimitive'.
src/components/ui/alert-dialog.tsx(97,16): error TS2304: Cannot find name 'cn'.
src/components/ui/alert-dialog.tsx(97,19): error TS2304: Cannot find name 'buttonVariants'.
src/components/ui/alert-dialog.tsx(101,33): error TS2304: Cannot find name 'AlertDialogPrimitive'.
src/components/ui/alert-dialog.tsx(103,27): error TS2686: 'React' refers to a UMD global, but the current file is a module. Consider adding an import instead.
src/components/ui/alert-dialog.tsx(104,27): error TS2304: Cannot find name 'AlertDialogPrimitive'.
src/components/ui/alert-dialog.tsx(105,41): error TS2304: Cannot find name 'AlertDialogPrimitive'.
src/components/ui/alert-dialog.tsx(107,4): error TS2304: Cannot find name 'AlertDialogPrimitive'.
src/components/ui/alert-dialog.tsx(109,16): error TS2304: Cannot find name 'cn'.
src/components/ui/alert-dialog.tsx(110,7): error TS2304: Cannot find name 'buttonVariants'.
src/components/ui/alert-dialog.tsx(117,33): error TS2304: Cannot find name 'AlertDialogPrimitive'.
src/components/ui/alert-dialog.tsx(120,3): error TS2304: Cannot find name 'AlertDialog'.
src/components/ui/breadcrumb.tsx(1,3): error TS2686: 'React' refers to a UMD global, but the current file is a module. Consider adding an import instead.
src/components/ui/breadcrumb.tsx(1,9): error TS2339: Property 'ComponentPropsWithoutRef' does not exist on type 'typeof React'.
src/components/ui/breadcrumb.tsx(1,43): error TS2363: The right-hand side of an arithmetic operation must be of type 'any', 'number', 'bigint' or an enum type.
src/components/ui/breadcrumb.tsx(1,43): error TS2365: Operator '>' cannot be applied to types '{ separator: any; }' and '({ ...props }: { [x: string]: any; }, ref: any) => Element'.
src/components/ui/breadcrumb.tsx(2,14): error TS1162: An object member cannot be declared optional.
src/components/ui/breadcrumb.tsx(2,17): error TS2686: 'React' refers to a UMD global, but the current file is a module. Consider adding an import instead.
src/components/ui/breadcrumb.tsx(2,23): error TS2339: Property 'ReactNode' does not exist on type 'typeof React'.
src/components/ui/breadcrumb.tsx(5,1): error TS2304: Cannot find name 'Breadcrumb'.
src/components/ui/breadcrumb.tsx(7,24): error TS2686: 'React' refers to a UMD global, but the current file is a module. Consider adding an import instead.
src/components/ui/breadcrumb.tsx(13,16): error TS2304: Cannot find name 'cn'.
src/components/ui/breadcrumb.tsx(22,24): error TS2686: 'React' refers to a UMD global, but the current file is a module. Consider adding an import instead.
src/components/ui/breadcrumb.tsx(28,16): error TS2304: Cannot find name 'cn'.
src/components/ui/breadcrumb.tsx(34,24): error TS2686: 'React' refers to a UMD global, but the current file is a module. Consider adding an import instead.
src/components/ui/breadcrumb.tsx(40,26): error TS2304: Cannot find name 'Slot'.
src/components/ui/breadcrumb.tsx(45,18): error TS2304: Cannot find name 'cn'.
src/components/ui/breadcrumb.tsx(52,24): error TS2686: 'React' refers to a UMD global, but the current file is a module. Consider adding an import instead.
src/components/ui/breadcrumb.tsx(61,16): error TS2304: Cannot find name 'cn'.
src/components/ui/breadcrumb.tsx(75,16): error TS2304: Cannot find name 'cn'.
src/components/ui/breadcrumb.tsx(78,19): error TS2304: Cannot find name 'ChevronRight'.
src/components/ui/breadcrumb.tsx(90,16): error TS2304: Cannot find name 'cn'.
src/components/ui/breadcrumb.tsx(93,6): error TS2304: Cannot find name 'MoreHorizontal'.
src/components/ui/breadcrumb.tsx(100,3): error TS2304: Cannot find name 'Breadcrumb'.
src/components/ui/calendar.tsx(6,4): error TS2304: Cannot find name 'CalendarProps'.
src/components/ui/calendar.tsx(8,6): error TS2304: Cannot find name 'DayPicker'.
src/components/ui/calendar.tsx(10,18): error TS2304: Cannot find name 'cn'.
src/components/ui/calendar.tsx(17,21): error TS2304: Cannot find name 'cn'.
src/components/ui/calendar.tsx(18,11): error TS2304: Cannot find name 'buttonVariants'.
src/components/ui/calendar.tsx(28,14): error TS2304: Cannot find name 'cn'.
src/components/ui/calendar.tsx(29,11): error TS2304: Cannot find name 'buttonVariants'.
src/components/ui/calendar.tsx(37,49): error TS2304: Cannot find name 'ChevronLeft'.
src/components/ui/calendar.tsx(37,63): error TS2304: Cannot find name 'ChevronRight'.
src/components/ui/card.tsx(1,14): error TS2686: 'React' refers to a UMD global, but the current file is a module. Consider adding an import instead.
src/components/ui/card.tsx(7,16): error TS2304: Cannot find name 'cn'.
src/components/ui/card.tsx(16,20): error TS2686: 'React' refers to a UMD global, but the current file is a module. Consider adding an import instead.
src/components/ui/card.tsx(22,16): error TS2304: Cannot find name 'cn'.
src/components/ui/card.tsx(36,19): error TS2686: 'React' refers to a UMD global, but the current file is a module. Consider adding an import instead.
src/components/ui/card.tsx(40,17): error TS2304: Cannot find name 'useLanguageContext'.
src/components/ui/card.tsx(45,18): error TS2304: Cannot find name 'cn'.
src/components/ui/card.tsx(57,25): error TS2686: 'React' refers to a UMD global, but the current file is a module. Consider adding an import instead.
src/components/ui/card.tsx(61,17): error TS2304: Cannot find name 'useLanguageContext'.
src/components/ui/card.tsx(66,18): error TS2304: Cannot find name 'cn'.
src/components/ui/card.tsx(75,21): error TS2686: 'React' refers to a UMD global, but the current file is a module. Consider adding an import instead.
src/components/ui/card.tsx(79,29): error TS2304: Cannot find name 'cn'.
src/components/ui/card.tsx(83,20): error TS2686: 'React' refers to a UMD global, but the current file is a module. Consider adding an import instead.
src/components/ui/card.tsx(89,16): error TS2304: Cannot find name 'cn'.
src/components/ui/carousel.tsx(2,20): error TS2304: Cannot find name 'UseEmblaCarouselType'.
src/components/ui/carousel.tsx(3,48): error TS2304: Cannot find name 'useEmblaCarousel'.
src/components/ui/carousel.tsx(15,34): error TS2304: Cannot find name 'useEmblaCarousel'.
src/components/ui/carousel.tsx(16,26): error TS2304: Cannot find name 'useEmblaCarousel'.
src/components/ui/carousel.tsx(23,25): error TS2686: 'React' refers to a UMD global, but the current file is a module. Consider adding an import instead.
src/components/ui/carousel.tsx(26,19): error TS2686: 'React' refers to a UMD global, but the current file is a module. Consider adding an import instead.
src/components/ui/carousel.tsx(35,18): error TS2686: 'React' refers to a UMD global, but the current file is a module. Consider adding an import instead.
src/components/ui/carousel.tsx(51,32): error TS2304: Cannot find name 'useEmblaCarousel'.
src/components/ui/carousel.tsx(58,47): error TS2686: 'React' refers to a UMD global, but the current file is a module. Consider adding an import instead.
src/components/ui/carousel.tsx(59,47): error TS2686: 'React' refers to a UMD global, but the current file is a module. Consider adding an import instead.
src/components/ui/carousel.tsx(61,22): error TS2686: 'React' refers to a UMD global, but the current file is a module. Consider adding an import instead.
src/components/ui/carousel.tsx(70,24): error TS2686: 'React' refers to a UMD global, but the current file is a module. Consider adding an import instead.
src/components/ui/carousel.tsx(74,24): error TS2686: 'React' refers to a UMD global, but the current file is a module. Consider adding an import instead.
src/components/ui/carousel.tsx(78,27): error TS2686: 'React' refers to a UMD global, but the current file is a module. Consider adding an import instead.
src/components/ui/carousel.tsx(91,5): error TS2686: 'React' refers to a UMD global, but the current file is a module. Consider adding an import instead.
src/components/ui/carousel.tsx(99,5): error TS2686: 'React' refers to a UMD global, but the current file is a module. Consider adding an import instead.
src/components/ui/carousel.tsx(130,22): error TS2304: Cannot find name 'cn'.
src/components/ui/carousel.tsx(143,25): error TS2686: 'React' refers to a UMD global, but the current file is a module. Consider adding an import instead.
src/components/ui/carousel.tsx(153,20): error TS2304: Cannot find name 'cn'.
src/components/ui/carousel.tsx(165,22): error TS2686: 'React' refers to a UMD global, but the current file is a module. Consider adding an import instead.
src/components/ui/carousel.tsx(176,18): error TS2304: Cannot find name 'cn'.
src/components/ui/carousel.tsx(187,26): error TS2686: 'React' refers to a UMD global, but the current file is a module. Consider adding an import instead.
src/components/ui/carousel.tsx(189,31): error TS2304: Cannot find name 'Button'.
src/components/ui/carousel.tsx(194,6): error TS2304: Cannot find name 'Button'.
src/components/ui/carousel.tsx(198,18): error TS2304: Cannot find name 'cn'.
src/components/ui/carousel.tsx(209,8): error TS2304: Cannot find name 'ArrowLeft'.
src/components/ui/carousel.tsx(211,7): error TS2304: Cannot find name 'Button'.
src/components/ui/carousel.tsx(216,22): error TS2686: 'React' refers to a UMD global, but the current file is a module. Consider adding an import instead.
src/components/ui/carousel.tsx(218,31): error TS2304: Cannot find name 'Button'.
src/components/ui/carousel.tsx(223,6): error TS2304: Cannot find name 'Button'.
src/components/ui/carousel.tsx(227,18): error TS2304: Cannot find name 'cn'.
src/components/ui/carousel.tsx(238,8): error TS2304: Cannot find name 'ArrowRight'.
src/components/ui/carousel.tsx(240,7): error TS2304: Cannot find name 'Button'.
src/components/ui/chart.tsx(7,51): error TS2304: Cannot find name 'THEMES'.
src/components/ui/chart.tsx(15,22): error TS2686: 'React' refers to a UMD global, but the current file is a module. Consider adding an import instead.
src/components/ui/chart.tsx(18,19): error TS2686: 'React' refers to a UMD global, but the current file is a module. Consider adding an import instead.
src/components/ui/chart.tsx(27,24): error TS2686: 'React' refers to a UMD global, but the current file is a module. Consider adding an import instead.
src/components/ui/chart.tsx(32,14): error TS2304: Cannot find name 'RechartsPrimitive'.
src/components/ui/chart.tsx(36,20): error TS2686: 'React' refers to a UMD global, but the current file is a module. Consider adding an import instead.
src/components/ui/chart.tsx(44,20): error TS2304: Cannot find name 'cn'.
src/components/ui/chart.tsx(51,10): error TS2304: Cannot find name 'RechartsPrimitive'.
src/components/ui/chart.tsx(53,11): error TS2304: Cannot find name 'RechartsPrimitive'.
src/components/ui/chart.tsx(72,32): error TS2304: Cannot find name 'THEMES'.
src/components/ui/chart.tsx(93,22): error TS2304: Cannot find name 'RechartsPrimitive'.
src/components/ui/chart.tsx(95,29): error TS2686: 'React' refers to a UMD global, but the current file is a module. Consider adding an import instead.
src/components/ui/chart.tsx(97,31): error TS2304: Cannot find name 'RechartsPrimitive'.
src/components/ui/chart.tsx(126,26): error TS2686: 'React' refers to a UMD global, but the current file is a module. Consider adding an import instead.
src/components/ui/chart.tsx(141,27): error TS2304: Cannot find name 'cn'.
src/components/ui/chart.tsx(151,30): error TS2304: Cannot find name 'cn'.
src/components/ui/chart.tsx(171,20): error TS2304: Cannot find name 'cn'.
src/components/ui/chart.tsx(186,28): error TS2304: Cannot find name 'cn'.
src/components/ui/chart.tsx(200,38): error TS2304: Cannot find name 'cn'.
src/components/ui/chart.tsx(220,34): error TS2304: Cannot find name 'cn'.
src/components/ui/chart.tsx(249,21): error TS2304: Cannot find name 'RechartsPrimitive'.
src/components/ui/chart.tsx(251,28): error TS2686: 'React' refers to a UMD global, but the current file is a module. Consider adding an import instead.
src/components/ui/chart.tsx(254,10): error TS2503: Cannot find namespace 'RechartsPrimitive'.
src/components/ui/chart.tsx(272,20): error TS2304: Cannot find name 'cn'.
src/components/ui/chart.tsx(285,26): error TS2304: Cannot find name 'cn'.
src/components/ui/collapsible.tsx(1,10): error TS2304: Cannot find name 'Collapsible'.
src/components/ui/collapsible.tsx(1,23): error TS2304: Cannot find name 'CollapsibleTrigger'.
src/components/ui/collapsible.tsx(1,43): error TS2304: Cannot find name 'CollapsibleContent'.
src/components/ui/command.tsx(1,17): error TS2686: 'React' refers to a UMD global, but the current file is a module. Consider adding an import instead.
src/components/ui/command.tsx(2,27): error TS2304: Cannot find name 'CommandPrimitive'.
src/components/ui/command.tsx(3,41): error TS2304: Cannot find name 'CommandPrimitive'.
src/components/ui/command.tsx(5,4): error TS2304: Cannot find name 'CommandPrimitive'.
src/components/ui/command.tsx(7,16): error TS2304: Cannot find name 'cn'.
src/components/ui/command.tsx(14,23): error TS2304: Cannot find name 'CommandPrimitive'.
src/components/ui/command.tsx(16,38): error TS2304: Cannot find name 'DialogProps'.
src/components/ui/command.tsx(18,26): error TS2339: Property 'children' does not exist on type 'CommandDialogProps'.
src/components/ui/command.tsx(20,6): error TS2304: Cannot find name 'Dialog'.
src/components/ui/command.tsx(21,8): error TS2304: Cannot find name 'DialogContent'.
src/components/ui/command.tsx(25,9): error TS2304: Cannot find name 'DialogContent'.
src/components/ui/command.tsx(26,7): error TS2304: Cannot find name 'Dialog'.
src/components/ui/command.tsx(30,22): error TS2686: 'React' refers to a UMD global, but the current file is a module. Consider adding an import instead.
src/components/ui/command.tsx(31,27): error TS2304: Cannot find name 'CommandPrimitive'.
src/components/ui/command.tsx(32,41): error TS2304: Cannot find name 'CommandPrimitive'.
src/components/ui/command.tsx(35,6): error TS2304: Cannot find name 'Search'.
src/components/ui/command.tsx(36,6): error TS2304: Cannot find name 'CommandPrimitive'.
src/components/ui/command.tsx(38,18): error TS2304: Cannot find name 'cn'.
src/components/ui/command.tsx(47,28): error TS2304: Cannot find name 'CommandPrimitive'.
src/components/ui/command.tsx(49,21): error TS2686: 'React' refers to a UMD global, but the current file is a module. Consider adding an import instead.
src/components/ui/command.tsx(50,27): error TS2304: Cannot find name 'CommandPrimitive'.
src/components/ui/command.tsx(51,41): error TS2304: Cannot find name 'CommandPrimitive'.
src/components/ui/command.tsx(53,4): error TS2304: Cannot find name 'CommandPrimitive'.
src/components/ui/command.tsx(55,16): error TS2304: Cannot find name 'cn'.
src/components/ui/command.tsx(60,27): error TS2304: Cannot find name 'CommandPrimitive'.
src/components/ui/command.tsx(62,22): error TS2686: 'React' refers to a UMD global, but the current file is a module. Consider adding an import instead.
src/components/ui/command.tsx(63,27): error TS2304: Cannot find name 'CommandPrimitive'.
src/components/ui/command.tsx(64,41): error TS2304: Cannot find name 'CommandPrimitive'.
src/components/ui/command.tsx(66,4): error TS2304: Cannot find name 'CommandPrimitive'.
src/components/ui/command.tsx(73,28): error TS2304: Cannot find name 'CommandPrimitive'.
src/components/ui/command.tsx(75,22): error TS2686: 'React' refers to a UMD global, but the current file is a module. Consider adding an import instead.
src/components/ui/command.tsx(76,27): error TS2304: Cannot find name 'CommandPrimitive'.
src/components/ui/command.tsx(77,41): error TS2304: Cannot find name 'CommandPrimitive'.
src/components/ui/command.tsx(79,4): error TS2304: Cannot find name 'CommandPrimitive'.
src/components/ui/command.tsx(81,16): error TS2304: Cannot find name 'cn'.
src/components/ui/command.tsx(89,28): error TS2304: Cannot find name 'CommandPrimitive'.
src/components/ui/command.tsx(91,26): error TS2686: 'React' refers to a UMD global, but the current file is a module. Consider adding an import instead.
src/components/ui/command.tsx(92,27): error TS2304: Cannot find name 'CommandPrimitive'.
src/components/ui/command.tsx(93,41): error TS2304: Cannot find name 'CommandPrimitive'.
src/components/ui/command.tsx(95,4): error TS2304: Cannot find name 'CommandPrimitive'.
src/components/ui/command.tsx(97,16): error TS2304: Cannot find name 'cn'.
src/components/ui/command.tsx(101,32): error TS2304: Cannot find name 'CommandPrimitive'.
src/components/ui/command.tsx(103,21): error TS2686: 'React' refers to a UMD global, but the current file is a module. Consider adding an import instead.
src/components/ui/command.tsx(104,27): error TS2304: Cannot find name 'CommandPrimitive'.
src/components/ui/command.tsx(105,41): error TS2304: Cannot find name 'CommandPrimitive'.
src/components/ui/command.tsx(107,4): error TS2304: Cannot find name 'CommandPrimitive'.
src/components/ui/command.tsx(109,16): error TS2304: Cannot find name 'cn'.
src/components/ui/command.tsx(117,27): error TS2304: Cannot find name 'CommandPrimitive'.
src/components/ui/command.tsx(125,18): error TS2304: Cannot find name 'cn'.
src/components/ui/context-menu.tsx(1,28): error TS2304: Cannot find name 'ContextMenuPrimitive'.
src/components/ui/context-menu.tsx(3,26): error TS2304: Cannot find name 'ContextMenuPrimitive'.
src/components/ui/context-menu.tsx(5,27): error TS2304: Cannot find name 'ContextMenuPrimitive'.
src/components/ui/context-menu.tsx(7,24): error TS2304: Cannot find name 'ContextMenuPrimitive'.
src/components/ui/context-menu.tsx(9,31): error TS2304: Cannot find name 'ContextMenuPrimitive'.
src/components/ui/context-menu.tsx(11,31): error TS2686: 'React' refers to a UMD global, but the current file is a module. Consider adding an import instead.
src/components/ui/context-menu.tsx(12,27): error TS2304: Cannot find name 'ContextMenuPrimitive'.
src/components/ui/context-menu.tsx(13,41): error TS2304: Cannot find name 'ContextMenuPrimitive'.
src/components/ui/context-menu.tsx(17,4): error TS2304: Cannot find name 'ContextMenuPrimitive'.
src/components/ui/context-menu.tsx(19,16): error TS2304: Cannot find name 'cn'.
src/components/ui/context-menu.tsx(27,6): error TS2304: Cannot find name 'ChevronRight'.
src/components/ui/context-menu.tsx(28,5): error TS2304: Cannot find name 'ContextMenuPrimitive'.
src/components/ui/context-menu.tsx(30,37): error TS2304: Cannot find name 'ContextMenuPrimitive'.
src/components/ui/context-menu.tsx(32,31): error TS2686: 'React' refers to a UMD global, but the current file is a module. Consider adding an import instead.
src/components/ui/context-menu.tsx(33,27): error TS2304: Cannot find name 'ContextMenuPrimitive'.
src/components/ui/context-menu.tsx(34,41): error TS2304: Cannot find name 'ContextMenuPrimitive'.
src/components/ui/context-menu.tsx(36,4): error TS2304: Cannot find name 'ContextMenuPrimitive'.
src/components/ui/context-menu.tsx(38,16): error TS2304: Cannot find name 'cn'.
src/components/ui/context-menu.tsx(45,37): error TS2304: Cannot find name 'ContextMenuPrimitive'.
src/components/ui/context-menu.tsx(47,28): error TS2686: 'React' refers to a UMD global, but the current file is a module. Consider adding an import instead.
src/components/ui/context-menu.tsx(48,27): error TS2304: Cannot find name 'ContextMenuPrimitive'.
src/components/ui/context-menu.tsx(49,41): error TS2304: Cannot find name 'ContextMenuPrimitive'.
src/components/ui/context-menu.tsx(51,4): error TS2304: Cannot find name 'ContextMenuPrimitive'.
src/components/ui/context-menu.tsx(52,6): error TS2304: Cannot find name 'ContextMenuPrimitive'.
src/components/ui/context-menu.tsx(54,18): error TS2304: Cannot find name 'cn'.
src/components/ui/context-menu.tsx(60,5): error TS2304: Cannot find name 'ContextMenuPrimitive'.
src/components/ui/context-menu.tsx(62,34): error TS2304: Cannot find name 'ContextMenuPrimitive'.
src/components/ui/context-menu.tsx(64,25): error TS2686: 'React' refers to a UMD global, but the current file is a module. Consider adding an import instead.
src/components/ui/context-menu.tsx(65,27): error TS2304: Cannot find name 'ContextMenuPrimitive'.
src/components/ui/context-menu.tsx(66,41): error TS2304: Cannot find name 'ContextMenuPrimitive'.
src/components/ui/context-menu.tsx(70,4): error TS2304: Cannot find name 'ContextMenuPrimitive'.
src/components/ui/context-menu.tsx(72,16): error TS2304: Cannot find name 'cn'.
src/components/ui/context-menu.tsx(80,31): error TS2304: Cannot find name 'ContextMenuPrimitive'.
src/components/ui/context-menu.tsx(82,33): error TS2686: 'React' refers to a UMD global, but the current file is a module. Consider adding an import instead.
src/components/ui/context-menu.tsx(83,27): error TS2304: Cannot find name 'ContextMenuPrimitive'.
src/components/ui/context-menu.tsx(84,41): error TS2304: Cannot find name 'ContextMenuPrimitive'.
src/components/ui/context-menu.tsx(86,4): error TS2304: Cannot find name 'ContextMenuPrimitive'.
src/components/ui/context-menu.tsx(88,16): error TS2304: Cannot find name 'cn'.
src/components/ui/context-menu.tsx(96,8): error TS2304: Cannot find name 'ContextMenuPrimitive'.
src/components/ui/context-menu.tsx(97,10): error TS2304: Cannot find name 'Check'.
src/components/ui/context-menu.tsx(98,9): error TS2304: Cannot find name 'ContextMenuPrimitive'.
src/components/ui/context-menu.tsx(101,5): error TS2304: Cannot find name 'ContextMenuPrimitive'.
src/components/ui/context-menu.tsx(104,3): error TS2304: Cannot find name 'ContextMenuPrimitive'.
src/components/ui/context-menu.tsx(106,30): error TS2686: 'React' refers to a UMD global, but the current file is a module. Consider adding an import instead.
src/components/ui/context-menu.tsx(107,27): error TS2304: Cannot find name 'ContextMenuPrimitive'.
src/components/ui/context-menu.tsx(108,41): error TS2304: Cannot find name 'ContextMenuPrimitive'.
src/components/ui/context-menu.tsx(110,4): error TS2304: Cannot find name 'ContextMenuPrimitive'.
src/components/ui/context-menu.tsx(112,16): error TS2304: Cannot find name 'cn'.
src/components/ui/context-menu.tsx(119,8): error TS2304: Cannot find name 'ContextMenuPrimitive'.
src/components/ui/context-menu.tsx(120,10): error TS2304: Cannot find name 'Circle'.
src/components/ui/context-menu.tsx(121,9): error TS2304: Cannot find name 'ContextMenuPrimitive'.
src/components/ui/context-menu.tsx(124,5): error TS2304: Cannot find name 'ContextMenuPrimitive'.
src/components/ui/context-menu.tsx(126,36): error TS2304: Cannot find name 'ContextMenuPrimitive'.
src/components/ui/context-menu.tsx(128,26): error TS2686: 'React' refers to a UMD global, but the current file is a module. Consider adding an import instead.
src/components/ui/context-menu.tsx(129,27): error TS2304: Cannot find name 'ContextMenuPrimitive'.
src/components/ui/context-menu.tsx(130,41): error TS2304: Cannot find name 'ContextMenuPrimitive'.
src/components/ui/context-menu.tsx(134,4): error TS2304: Cannot find name 'ContextMenuPrimitive'.
src/components/ui/context-menu.tsx(136,16): error TS2304: Cannot find name 'cn'.
src/components/ui/context-menu.tsx(144,32): error TS2304: Cannot find name 'ContextMenuPrimitive'.
src/components/ui/context-menu.tsx(146,30): error TS2686: 'React' refers to a UMD global, but the current file is a module. Consider adding an import instead.
src/components/ui/context-menu.tsx(147,27): error TS2304: Cannot find name 'ContextMenuPrimitive'.
src/components/ui/context-menu.tsx(148,41): error TS2304: Cannot find name 'ContextMenuPrimitive'.
src/components/ui/context-menu.tsx(150,4): error TS2304: Cannot find name 'ContextMenuPrimitive'.
src/components/ui/context-menu.tsx(152,16): error TS2304: Cannot find name 'cn'.
src/components/ui/context-menu.tsx(156,36): error TS2304: Cannot find name 'ContextMenuPrimitive'.
src/components/ui/context-menu.tsx(164,18): error TS2304: Cannot find name 'cn'.
src/components/ui/context-menu.tsx(175,3): error TS2552: Cannot find name 'ContextMenu'. Did you mean 'ContextMenuSub'?
src/components/ui/date-picker.tsx(10,10): error TS2304: Cannot find name 'DateRange'.
src/components/ui/date-picker.tsx(11,25): error TS2304: Cannot find name 'DateRange'.
src/components/ui/date-picker.tsx(20,21): error TS2304: Cannot find name 'cn'.
src/components/ui/date-picker.tsx(23,12): error TS2304: Cannot find name 'Button'.
src/components/ui/date-picker.tsx(26,24): error TS2304: Cannot find name 'cn'.
src/components/ui/date-picker.tsx(31,14): error TS2304: Cannot find name 'CalendarIcon'.
src/components/ui/date-picker.tsx(44,13): error TS2304: Cannot find name 'Button'.
src/components/ui/date-picker.tsx(47,12): error TS2304: Cannot find name 'Calendar'.
src/components/ui/dialog.tsx(1,23): error TS2304: Cannot find name 'DialogPrimitive'.
src/components/ui/dialog.tsx(3,22): error TS2304: Cannot find name 'DialogPrimitive'.
src/components/ui/dialog.tsx(5,21): error TS2304: Cannot find name 'DialogPrimitive'.
src/components/ui/dialog.tsx(7,23): error TS2686: 'React' refers to a UMD global, but the current file is a module. Consider adding an import instead.
src/components/ui/dialog.tsx(8,27): error TS2304: Cannot find name 'DialogPrimitive'.
src/components/ui/dialog.tsx(9,41): error TS2304: Cannot find name 'DialogPrimitive'.
src/components/ui/dialog.tsx(11,4): error TS2304: Cannot find name 'DialogPrimitive'.
src/components/ui/dialog.tsx(13,16): error TS2304: Cannot find name 'cn'.
src/components/ui/dialog.tsx(20,29): error TS2304: Cannot find name 'DialogPrimitive'.
src/components/ui/dialog.tsx(22,23): error TS2686: 'React' refers to a UMD global, but the current file is a module. Consider adding an import instead.
src/components/ui/dialog.tsx(23,27): error TS2304: Cannot find name 'DialogPrimitive'.
src/components/ui/dialog.tsx(24,41): error TS2304: Cannot find name 'DialogPrimitive'.
src/components/ui/dialog.tsx(28,6): error TS2304: Cannot find name 'DialogPrimitive'.
src/components/ui/dialog.tsx(30,18): error TS2304: Cannot find name 'cn'.
src/components/ui/dialog.tsx(37,8): error TS2304: Cannot find name 'DialogPrimitive'.
src/components/ui/dialog.tsx(38,10): error TS2304: Cannot find name 'X'.
src/components/ui/dialog.tsx(40,9): error TS2304: Cannot find name 'DialogPrimitive'.
src/components/ui/dialog.tsx(41,7): error TS2304: Cannot find name 'DialogPrimitive'.
src/components/ui/dialog.tsx(44,29): error TS2304: Cannot find name 'DialogPrimitive'.
src/components/ui/dialog.tsx(51,16): error TS2304: Cannot find name 'cn'.
src/components/ui/dialog.tsx(65,16): error TS2304: Cannot find name 'cn'.
src/components/ui/dialog.tsx(74,21): error TS2686: 'React' refers to a UMD global, but the current file is a module. Consider adding an import instead.
src/components/ui/dialog.tsx(75,27): error TS2304: Cannot find name 'DialogPrimitive'.
src/components/ui/dialog.tsx(76,41): error TS2304: Cannot find name 'DialogPrimitive'.
src/components/ui/dialog.tsx(78,4): error TS2304: Cannot find name 'DialogPrimitive'.
src/components/ui/dialog.tsx(80,16): error TS2304: Cannot find name 'cn'.
src/components/ui/dialog.tsx(87,27): error TS2304: Cannot find name 'DialogPrimitive'.
src/components/ui/dialog.tsx(89,27): error TS2686: 'React' refers to a UMD global, but the current file is a module. Consider adding an import instead.
src/components/ui/dialog.tsx(90,27): error TS2304: Cannot find name 'DialogPrimitive'.
src/components/ui/dialog.tsx(91,41): error TS2304: Cannot find name 'DialogPrimitive'.
src/components/ui/dialog.tsx(93,4): error TS2304: Cannot find name 'DialogPrimitive'.
src/components/ui/dialog.tsx(95,16): error TS2304: Cannot find name 'cn'.
src/components/ui/dialog.tsx(99,33): error TS2304: Cannot find name 'DialogPrimitive'.
src/components/ui/dialog.tsx(102,3): error TS2304: Cannot find name 'Dialog'.
src/components/ui/dropdown-menu.tsx(1,29): error TS2304: Cannot find name 'DropdownMenuPrimitive'.
src/components/ui/dropdown-menu.tsx(3,27): error TS2304: Cannot find name 'DropdownMenuPrimitive'.
src/components/ui/dropdown-menu.tsx(5,28): error TS2304: Cannot find name 'DropdownMenuPrimitive'.
src/components/ui/dropdown-menu.tsx(7,25): error TS2304: Cannot find name 'DropdownMenuPrimitive'.
src/components/ui/dropdown-menu.tsx(9,32): error TS2304: Cannot find name 'DropdownMenuPrimitive'.
src/components/ui/dropdown-menu.tsx(11,32): error TS2686: 'React' refers to a UMD global, but the current file is a module. Consider adding an import instead.
src/components/ui/dropdown-menu.tsx(12,27): error TS2304: Cannot find name 'DropdownMenuPrimitive'.
src/components/ui/dropdown-menu.tsx(13,41): error TS2304: Cannot find name 'DropdownMenuPrimitive'.
src/components/ui/dropdown-menu.tsx(17,4): error TS2304: Cannot find name 'DropdownMenuPrimitive'.
src/components/ui/dropdown-menu.tsx(19,16): error TS2304: Cannot find name 'cn'.
src/components/ui/dropdown-menu.tsx(27,6): error TS2304: Cannot find name 'ChevronRight'.
src/components/ui/dropdown-menu.tsx(28,5): error TS2304: Cannot find name 'DropdownMenuPrimitive'.
src/components/ui/dropdown-menu.tsx(31,3): error TS2304: Cannot find name 'DropdownMenuPrimitive'.
src/components/ui/dropdown-menu.tsx(33,32): error TS2686: 'React' refers to a UMD global, but the current file is a module. Consider adding an import instead.
src/components/ui/dropdown-menu.tsx(34,27): error TS2304: Cannot find name 'DropdownMenuPrimitive'.
src/components/ui/dropdown-menu.tsx(35,41): error TS2304: Cannot find name 'DropdownMenuPrimitive'.
src/components/ui/dropdown-menu.tsx(37,4): error TS2304: Cannot find name 'DropdownMenuPrimitive'.
src/components/ui/dropdown-menu.tsx(39,16): error TS2304: Cannot find name 'cn'.
src/components/ui/dropdown-menu.tsx(47,3): error TS2304: Cannot find name 'DropdownMenuPrimitive'.
src/components/ui/dropdown-menu.tsx(49,29): error TS2686: 'React' refers to a UMD global, but the current file is a module. Consider adding an import instead.
src/components/ui/dropdown-menu.tsx(50,27): error TS2304: Cannot find name 'DropdownMenuPrimitive'.
src/components/ui/dropdown-menu.tsx(51,41): error TS2304: Cannot find name 'DropdownMenuPrimitive'.
src/components/ui/dropdown-menu.tsx(53,4): error TS2304: Cannot find name 'DropdownMenuPrimitive'.
src/components/ui/dropdown-menu.tsx(54,6): error TS2304: Cannot find name 'DropdownMenuPrimitive'.
src/components/ui/dropdown-menu.tsx(57,18): error TS2304: Cannot find name 'cn'.
src/components/ui/dropdown-menu.tsx(63,5): error TS2304: Cannot find name 'DropdownMenuPrimitive'.
src/components/ui/dropdown-menu.tsx(65,35): error TS2304: Cannot find name 'DropdownMenuPrimitive'.
src/components/ui/dropdown-menu.tsx(67,26): error TS2686: 'React' refers to a UMD global, but the current file is a module. Consider adding an import instead.
src/components/ui/dropdown-menu.tsx(68,27): error TS2304: Cannot find name 'DropdownMenuPrimitive'.
src/components/ui/dropdown-menu.tsx(69,41): error TS2304: Cannot find name 'DropdownMenuPrimitive'.
src/components/ui/dropdown-menu.tsx(73,4): error TS2304: Cannot find name 'DropdownMenuPrimitive'.
src/components/ui/dropdown-menu.tsx(75,16): error TS2304: Cannot find name 'cn'.
src/components/ui/dropdown-menu.tsx(83,32): error TS2304: Cannot find name 'DropdownMenuPrimitive'.
src/components/ui/dropdown-menu.tsx(85,34): error TS2686: 'React' refers to a UMD global, but the current file is a module. Consider adding an import instead.
src/components/ui/dropdown-menu.tsx(86,27): error TS2304: Cannot find name 'DropdownMenuPrimitive'.
src/components/ui/dropdown-menu.tsx(87,41): error TS2304: Cannot find name 'DropdownMenuPrimitive'.
src/components/ui/dropdown-menu.tsx(89,4): error TS2304: Cannot find name 'DropdownMenuPrimitive'.
src/components/ui/dropdown-menu.tsx(91,16): error TS2304: Cannot find name 'cn'.
src/components/ui/dropdown-menu.tsx(99,8): error TS2304: Cannot find name 'DropdownMenuPrimitive'.
src/components/ui/dropdown-menu.tsx(100,10): error TS2304: Cannot find name 'Check'.
src/components/ui/dropdown-menu.tsx(101,9): error TS2304: Cannot find name 'DropdownMenuPrimitive'.
src/components/ui/dropdown-menu.tsx(104,5): error TS2304: Cannot find name 'DropdownMenuPrimitive'.
src/components/ui/dropdown-menu.tsx(107,3): error TS2304: Cannot find name 'DropdownMenuPrimitive'.
src/components/ui/dropdown-menu.tsx(109,31): error TS2686: 'React' refers to a UMD global, but the current file is a module. Consider adding an import instead.
src/components/ui/dropdown-menu.tsx(110,27): error TS2304: Cannot find name 'DropdownMenuPrimitive'.
src/components/ui/dropdown-menu.tsx(111,41): error TS2304: Cannot find name 'DropdownMenuPrimitive'.
src/components/ui/dropdown-menu.tsx(113,4): error TS2304: Cannot find name 'DropdownMenuPrimitive'.
src/components/ui/dropdown-menu.tsx(115,16): error TS2304: Cannot find name 'cn'.
src/components/ui/dropdown-menu.tsx(122,8): error TS2304: Cannot find name 'DropdownMenuPrimitive'.
src/components/ui/dropdown-menu.tsx(123,10): error TS2304: Cannot find name 'Circle'.
src/components/ui/dropdown-menu.tsx(124,9): error TS2304: Cannot find name 'DropdownMenuPrimitive'.
src/components/ui/dropdown-menu.tsx(127,5): error TS2304: Cannot find name 'DropdownMenuPrimitive'.
src/components/ui/dropdown-menu.tsx(129,37): error TS2304: Cannot find name 'DropdownMenuPrimitive'.
src/components/ui/dropdown-menu.tsx(131,27): error TS2686: 'React' refers to a UMD global, but the current file is a module. Consider adding an import instead.
src/components/ui/dropdown-menu.tsx(132,27): error TS2304: Cannot find name 'DropdownMenuPrimitive'.
src/components/ui/dropdown-menu.tsx(133,41): error TS2304: Cannot find name 'DropdownMenuPrimitive'.
src/components/ui/dropdown-menu.tsx(137,4): error TS2304: Cannot find name 'DropdownMenuPrimitive'.
src/components/ui/dropdown-menu.tsx(139,16): error TS2304: Cannot find name 'cn'.
src/components/ui/dropdown-menu.tsx(147,33): error TS2304: Cannot find name 'DropdownMenuPrimitive'.
src/components/ui/dropdown-menu.tsx(149,31): error TS2686: 'React' refers to a UMD global, but the current file is a module. Consider adding an import instead.
src/components/ui/dropdown-menu.tsx(150,27): error TS2304: Cannot find name 'DropdownMenuPrimitive'.
src/components/ui/dropdown-menu.tsx(151,41): error TS2304: Cannot find name 'DropdownMenuPrimitive'.
src/components/ui/dropdown-menu.tsx(153,4): error TS2304: Cannot find name 'DropdownMenuPrimitive'.
src/components/ui/dropdown-menu.tsx(155,16): error TS2304: Cannot find name 'cn'.
src/components/ui/dropdown-menu.tsx(159,37): error TS2304: Cannot find name 'DropdownMenuPrimitive'.
src/components/ui/dropdown-menu.tsx(167,18): error TS2304: Cannot find name 'cn'.
src/components/ui/dropdown-menu.tsx(175,3): error TS2304: Cannot find name 'DropdownMenu'.
src/components/ui/form.tsx(7,20): error TS2306: File 'D:/final1_23022026/src/lib/utils.ts' is not a module.
src/components/ui/form.tsx(13,24): error TS2304: Cannot find name 'FieldValues'.
src/components/ui/form.tsx(13,38): error TS2304: Cannot find name 'FieldValues'.
src/components/ui/form.tsx(14,17): error TS2304: Cannot find name 'FieldPath'.
src/components/ui/form.tsx(14,43): error TS2304: Cannot find name 'FieldPath'.
src/components/ui/form.tsx(24,24): error TS2304: Cannot find name 'FieldValues'.
src/components/ui/form.tsx(24,38): error TS2304: Cannot find name 'FieldValues'.
src/components/ui/form.tsx(25,17): error TS2304: Cannot find name 'FieldPath'.
src/components/ui/form.tsx(25,43): error TS2304: Cannot find name 'FieldPath'.
src/components/ui/form.tsx(28,4): error TS2304: Cannot find name 'ControllerProps'.
src/components/ui/form.tsx(31,8): error TS2304: Cannot find name 'Controller'.
src/components/ui/form.tsx(82,27): error TS2304: Cannot find name 'LabelPrimitive'.
src/components/ui/form.tsx(83,41): error TS2304: Cannot find name 'LabelPrimitive'.
src/components/ui/form.tsx(99,27): error TS2304: Cannot find name 'Slot'.
src/components/ui/form.tsx(100,41): error TS2304: Cannot find name 'Slot'.
src/components/ui/form.tsx(105,6): error TS2304: Cannot find name 'Slot'.
src/components/ui/hover-card.tsx(2,26): error TS2686: 'React' refers to a UMD global, but the current file is a module. Consider adding an import instead.
src/components/ui/hover-card.tsx(3,27): error TS2304: Cannot find name 'HoverCardPrimitive'.
src/components/ui/hover-card.tsx(4,41): error TS2304: Cannot find name 'HoverCardPrimitive'.
src/components/ui/hover-card.tsx(6,4): error TS2304: Cannot find name 'HoverCardPrimitive'.
src/components/ui/hover-card.tsx(10,16): error TS2304: Cannot find name 'cn'.
src/components/ui/hover-card.tsx(17,32): error TS2304: Cannot find name 'HoverCardPrimitive'.
src/components/ui/hover-card.tsx(19,10): error TS2304: Cannot find name 'HoverCard'.
src/components/ui/hover-card.tsx(19,21): error TS2304: Cannot find name 'HoverCardTrigger'.
src/components/ui/loading-spinner.tsx(17,21): error TS2304: Cannot find name 'cn'.
src/components/ui/loading-spinner.tsx(18,8): error TS2304: Cannot find name 'Loader2'.
src/components/ui/loading-spinner.tsx(19,20): error TS2304: Cannot find name 'cn'.
src/components/ui/menubar.tsx(1,22): error TS2304: Cannot find name 'MenubarPrimitive'.
src/components/ui/menubar.tsx(3,23): error TS2304: Cannot find name 'MenubarPrimitive'.
src/components/ui/menubar.tsx(5,20): error TS2304: Cannot find name 'MenubarPrimitive'.
src/components/ui/menubar.tsx(7,27): error TS2304: Cannot find name 'MenubarPrimitive'.
src/components/ui/menubar.tsx(9,17): error TS2686: 'React' refers to a UMD global, but the current file is a module. Consider adding an import instead.
src/components/ui/menubar.tsx(10,27): error TS2304: Cannot find name 'MenubarPrimitive'.
src/components/ui/menubar.tsx(11,41): error TS2304: Cannot find name 'MenubarPrimitive'.
src/components/ui/menubar.tsx(13,4): error TS2304: Cannot find name 'MenubarPrimitive'.
src/components/ui/menubar.tsx(15,16): error TS2304: Cannot find name 'cn'.
src/components/ui/menubar.tsx(22,23): error TS2304: Cannot find name 'MenubarPrimitive'.
src/components/ui/menubar.tsx(24,24): error TS2686: 'React' refers to a UMD global, but the current file is a module. Consider adding an import instead.
src/components/ui/menubar.tsx(25,27): error TS2304: Cannot find name 'MenubarPrimitive'.
src/components/ui/menubar.tsx(26,41): error TS2304: Cannot find name 'MenubarPrimitive'.
src/components/ui/menubar.tsx(28,4): error TS2304: Cannot find name 'MenubarPrimitive'.
src/components/ui/menubar.tsx(30,16): error TS2304: Cannot find name 'cn'.
src/components/ui/menubar.tsx(37,30): error TS2304: Cannot find name 'MenubarPrimitive'.
src/components/ui/menubar.tsx(39,27): error TS2686: 'React' refers to a UMD global, but the current file is a module. Consider adding an import instead.
src/components/ui/menubar.tsx(40,27): error TS2304: Cannot find name 'MenubarPrimitive'.
src/components/ui/menubar.tsx(41,41): error TS2304: Cannot find name 'MenubarPrimitive'.
src/components/ui/menubar.tsx(45,4): error TS2304: Cannot find name 'MenubarPrimitive'.
src/components/ui/menubar.tsx(47,16): error TS2304: Cannot find name 'cn'.
src/components/ui/menubar.tsx(55,6): error TS2304: Cannot find name 'ChevronRight'.
src/components/ui/menubar.tsx(56,5): error TS2304: Cannot find name 'MenubarPrimitive'.
src/components/ui/menubar.tsx(58,33): error TS2304: Cannot find name 'MenubarPrimitive'.
src/components/ui/menubar.tsx(60,27): error TS2686: 'React' refers to a UMD global, but the current file is a module. Consider adding an import instead.
src/components/ui/menubar.tsx(61,27): error TS2304: Cannot find name 'MenubarPrimitive'.
src/components/ui/menubar.tsx(62,41): error TS2304: Cannot find name 'MenubarPrimitive'.
src/components/ui/menubar.tsx(64,4): error TS2304: Cannot find name 'MenubarPrimitive'.
src/components/ui/menubar.tsx(66,16): error TS2304: Cannot find name 'cn'.
src/components/ui/menubar.tsx(73,33): error TS2304: Cannot find name 'MenubarPrimitive'.
src/components/ui/menubar.tsx(75,24): error TS2686: 'React' refers to a UMD global, but the current file is a module. Consider adding an import instead.
src/components/ui/menubar.tsx(76,27): error TS2304: Cannot find name 'MenubarPrimitive'.
src/components/ui/menubar.tsx(77,41): error TS2304: Cannot find name 'MenubarPrimitive'.
src/components/ui/menubar.tsx(83,6): error TS2304: Cannot find name 'MenubarPrimitive'.
src/components/ui/menubar.tsx(84,8): error TS2304: Cannot find name 'MenubarPrimitive'.
src/components/ui/menubar.tsx(89,20): error TS2304: Cannot find name 'cn'.
src/components/ui/menubar.tsx(95,7): error TS2304: Cannot find name 'MenubarPrimitive'.
src/components/ui/menubar.tsx(98,30): error TS2304: Cannot find name 'MenubarPrimitive'.
src/components/ui/menubar.tsx(100,21): error TS2686: 'React' refers to a UMD global, but the current file is a module. Consider adding an import instead.
src/components/ui/menubar.tsx(101,27): error TS2304: Cannot find name 'MenubarPrimitive'.
src/components/ui/menubar.tsx(102,41): error TS2304: Cannot find name 'MenubarPrimitive'.
src/components/ui/menubar.tsx(106,4): error TS2304: Cannot find name 'MenubarPrimitive'.
src/components/ui/menubar.tsx(108,16): error TS2304: Cannot find name 'cn'.
src/components/ui/menubar.tsx(116,27): error TS2304: Cannot find name 'MenubarPrimitive'.
src/components/ui/menubar.tsx(118,29): error TS2686: 'React' refers to a UMD global, but the current file is a module. Consider adding an import instead.
src/components/ui/menubar.tsx(119,27): error TS2304: Cannot find name 'MenubarPrimitive'.
src/components/ui/menubar.tsx(120,41): error TS2304: Cannot find name 'MenubarPrimitive'.
src/components/ui/menubar.tsx(122,4): error TS2304: Cannot find name 'MenubarPrimitive'.
src/components/ui/menubar.tsx(124,16): error TS2304: Cannot find name 'cn'.
src/components/ui/menubar.tsx(132,8): error TS2304: Cannot find name 'MenubarPrimitive'.
src/components/ui/menubar.tsx(133,10): error TS2304: Cannot find name 'Check'.
src/components/ui/menubar.tsx(134,9): error TS2304: Cannot find name 'MenubarPrimitive'.
src/components/ui/menubar.tsx(137,5): error TS2304: Cannot find name 'MenubarPrimitive'.
src/components/ui/menubar.tsx(139,35): error TS2304: Cannot find name 'MenubarPrimitive'.
src/components/ui/menubar.tsx(141,26): error TS2686: 'React' refers to a UMD global, but the current file is a module. Consider adding an import instead.
src/components/ui/menubar.tsx(142,27): error TS2304: Cannot find name 'MenubarPrimitive'.
src/components/ui/menubar.tsx(143,41): error TS2304: Cannot find name 'MenubarPrimitive'.
src/components/ui/menubar.tsx(145,4): error TS2304: Cannot find name 'MenubarPrimitive'.
src/components/ui/menubar.tsx(147,16): error TS2304: Cannot find name 'cn'.
src/components/ui/menubar.tsx(154,8): error TS2304: Cannot find name 'MenubarPrimitive'.
src/components/ui/menubar.tsx(155,10): error TS2304: Cannot find name 'Circle'.
src/components/ui/menubar.tsx(156,9): error TS2304: Cannot find name 'MenubarPrimitive'.
src/components/ui/menubar.tsx(159,5): error TS2304: Cannot find name 'MenubarPrimitive'.
src/components/ui/menubar.tsx(161,32): error TS2304: Cannot find name 'MenubarPrimitive'.
src/components/ui/menubar.tsx(163,22): error TS2686: 'React' refers to a UMD global, but the current file is a module. Consider adding an import instead.
src/components/ui/menubar.tsx(164,27): error TS2304: Cannot find name 'MenubarPrimitive'.
src/components/ui/menubar.tsx(165,41): error TS2304: Cannot find name 'MenubarPrimitive'.
src/components/ui/menubar.tsx(169,4): error TS2304: Cannot find name 'MenubarPrimitive'.
src/components/ui/menubar.tsx(171,16): error TS2304: Cannot find name 'cn'.
src/components/ui/menubar.tsx(179,28): error TS2304: Cannot find name 'MenubarPrimitive'.
src/components/ui/menubar.tsx(181,26): error TS2686: 'React' refers to a UMD global, but the current file is a module. Consider adding an import instead.
src/components/ui/menubar.tsx(182,27): error TS2304: Cannot find name 'MenubarPrimitive'.
src/components/ui/menubar.tsx(183,41): error TS2304: Cannot find name 'MenubarPrimitive'.
src/components/ui/menubar.tsx(185,4): error TS2304: Cannot find name 'MenubarPrimitive'.
src/components/ui/menubar.tsx(187,16): error TS2304: Cannot find name 'cn'.
src/components/ui/menubar.tsx(191,32): error TS2304: Cannot find name 'MenubarPrimitive'.
src/components/ui/menubar.tsx(199,18): error TS2304: Cannot find name 'cn'.
src/components/ui/menubar.tsx(211,3): error TS2304: Cannot find name 'MenubarMenu'.
src/components/ui/popover.tsx(2,24): error TS2686: 'React' refers to a UMD global, but the current file is a module. Consider adding an import instead.
src/components/ui/popover.tsx(3,27): error TS2304: Cannot find name 'PopoverPrimitive'.
src/components/ui/popover.tsx(4,41): error TS2304: Cannot find name 'PopoverPrimitive'.
src/components/ui/popover.tsx(6,4): error TS2304: Cannot find name 'PopoverPrimitive'.
src/components/ui/popover.tsx(7,6): error TS2304: Cannot find name 'PopoverPrimitive'.
src/components/ui/popover.tsx(11,18): error TS2304: Cannot find name 'cn'.
src/components/ui/popover.tsx(17,5): error TS2304: Cannot find name 'PopoverPrimitive'.
src/components/ui/popover.tsx(19,30): error TS2304: Cannot find name 'PopoverPrimitive'.
src/components/ui/popover.tsx(21,10): error TS2304: Cannot find name 'Popover'.
src/components/ui/popover.tsx(21,19): error TS2304: Cannot find name 'PopoverTrigger'.
src/components/ui/select.tsx(1,21): error TS2304: Cannot find name 'SelectPrimitive'.
src/components/ui/select.tsx(3,21): error TS2304: Cannot find name 'SelectPrimitive'.
src/components/ui/select.tsx(5,23): error TS2686: 'React' refers to a UMD global, but the current file is a module. Consider adding an import instead.
src/components/ui/select.tsx(6,27): error TS2304: Cannot find name 'SelectPrimitive'.
src/components/ui/select.tsx(7,41): error TS2304: Cannot find name 'SelectPrimitive'.
src/components/ui/select.tsx(9,4): error TS2304: Cannot find name 'SelectPrimitive'.
src/components/ui/select.tsx(11,16): error TS2304: Cannot find name 'cn'.
src/components/ui/select.tsx(18,6): error TS2304: Cannot find name 'SelectPrimitive'.
src/components/ui/select.tsx(19,8): error TS2304: Cannot find name 'ChevronDown'.
src/components/ui/select.tsx(20,7): error TS2304: Cannot find name 'SelectPrimitive'.
src/components/ui/select.tsx(21,5): error TS2304: Cannot find name 'SelectPrimitive'.
src/components/ui/select.tsx(23,29): error TS2304: Cannot find name 'SelectPrimitive'.
src/components/ui/select.tsx(25,30): error TS2686: 'React' refers to a UMD global, but the current file is a module. Consider adding an import instead.
src/components/ui/select.tsx(26,27): error TS2304: Cannot find name 'SelectPrimitive'.
src/components/ui/select.tsx(27,41): error TS2304: Cannot find name 'SelectPrimitive'.
src/components/ui/select.tsx(29,4): error TS2304: Cannot find name 'SelectPrimitive'.
src/components/ui/select.tsx(31,16): error TS2304: Cannot find name 'cn'.
src/components/ui/select.tsx(37,6): error TS2304: Cannot find name 'ChevronUp'.
src/components/ui/select.tsx(38,5): error TS2304: Cannot find name 'SelectPrimitive'.
src/components/ui/select.tsx(40,36): error TS2304: Cannot find name 'SelectPrimitive'.
src/components/ui/select.tsx(42,32): error TS2686: 'React' refers to a UMD global, but the current file is a module. Consider adding an import instead.
src/components/ui/select.tsx(43,27): error TS2304: Cannot find name 'SelectPrimitive'.
src/components/ui/select.tsx(44,41): error TS2304: Cannot find name 'SelectPrimitive'.
src/components/ui/select.tsx(46,4): error TS2304: Cannot find name 'SelectPrimitive'.
src/components/ui/select.tsx(48,16): error TS2304: Cannot find name 'cn'.
src/components/ui/select.tsx(54,6): error TS2304: Cannot find name 'ChevronDown'.
src/components/ui/select.tsx(55,5): error TS2304: Cannot find name 'SelectPrimitive'.
src/components/ui/select.tsx(58,3): error TS2304: Cannot find name 'SelectPrimitive'.
src/components/ui/select.tsx(60,23): error TS2686: 'React' refers to a UMD global, but the current file is a module. Consider adding an import instead.
src/components/ui/select.tsx(61,27): error TS2304: Cannot find name 'SelectPrimitive'.
src/components/ui/select.tsx(62,41): error TS2304: Cannot find name 'SelectPrimitive'.
src/components/ui/select.tsx(64,4): error TS2304: Cannot find name 'SelectPrimitive'.
src/components/ui/select.tsx(65,6): error TS2304: Cannot find name 'SelectPrimitive'.
src/components/ui/select.tsx(67,18): error TS2304: Cannot find name 'cn'.
src/components/ui/select.tsx(77,8): error TS2304: Cannot find name 'SelectPrimitive'.
src/components/ui/select.tsx(78,20): error TS2304: Cannot find name 'cn'.
src/components/ui/select.tsx(85,9): error TS2304: Cannot find name 'SelectPrimitive'.
src/components/ui/select.tsx(87,7): error TS2304: Cannot find name 'SelectPrimitive'.
src/components/ui/select.tsx(88,5): error TS2304: Cannot find name 'SelectPrimitive'.
src/components/ui/select.tsx(90,29): error TS2304: Cannot find name 'SelectPrimitive'.
src/components/ui/select.tsx(92,21): error TS2686: 'React' refers to a UMD global, but the current file is a module. Consider adding an import instead.
src/components/ui/select.tsx(93,27): error TS2304: Cannot find name 'SelectPrimitive'.
src/components/ui/select.tsx(94,41): error TS2304: Cannot find name 'SelectPrimitive'.
src/components/ui/select.tsx(96,4): error TS2304: Cannot find name 'SelectPrimitive'.
src/components/ui/select.tsx(98,16): error TS2304: Cannot find name 'cn'.
src/components/ui/select.tsx(102,27): error TS2304: Cannot find name 'SelectPrimitive'.
src/components/ui/select.tsx(104,20): error TS2686: 'React' refers to a UMD global, but the current file is a module. Consider adding an import instead.
src/components/ui/select.tsx(105,27): error TS2304: Cannot find name 'SelectPrimitive'.
src/components/ui/select.tsx(106,41): error TS2304: Cannot find name 'SelectPrimitive'.
src/components/ui/select.tsx(108,4): error TS2304: Cannot find name 'SelectPrimitive'.
src/components/ui/select.tsx(110,16): error TS2304: Cannot find name 'cn'.
src/components/ui/select.tsx(117,8): error TS2304: Cannot find name 'SelectPrimitive'.
src/components/ui/select.tsx(118,10): error TS2304: Cannot find name 'Check'.
src/components/ui/select.tsx(119,9): error TS2304: Cannot find name 'SelectPrimitive'.
src/components/ui/select.tsx(122,6): error TS2304: Cannot find name 'SelectPrimitive'.
src/components/ui/select.tsx(122,43): error TS2304: Cannot find name 'SelectPrimitive'.
src/components/ui/select.tsx(123,5): error TS2304: Cannot find name 'SelectPrimitive'.
src/components/ui/select.tsx(125,26): error TS2304: Cannot find name 'SelectPrimitive'.
src/components/ui/select.tsx(127,25): error TS2686: 'React' refers to a UMD global, but the current file is a module. Consider adding an import instead.
src/components/ui/select.tsx(128,27): error TS2304: Cannot find name 'SelectPrimitive'.
src/components/ui/select.tsx(129,41): error TS2304: Cannot find name 'SelectPrimitive'.
src/components/ui/select.tsx(131,4): error TS2304: Cannot find name 'SelectPrimitive'.
src/components/ui/select.tsx(133,16): error TS2304: Cannot find name 'cn'.
src/components/ui/select.tsx(137,31): error TS2304: Cannot find name 'SelectPrimitive'.
src/components/ui/select.tsx(140,3): error TS2552: Cannot find name 'Select'. Did you mean 'onselect'?
src/components/ui/sheet.tsx(2,22): error TS2304: Cannot find name 'SheetPrimitive'.
src/components/ui/sheet.tsx(4,20): error TS2304: Cannot find name 'SheetPrimitive'.
src/components/ui/sheet.tsx(6,21): error TS2304: Cannot find name 'SheetPrimitive'.
src/components/ui/sheet.tsx(8,22): error TS2686: 'React' refers to a UMD global, but the current file is a module. Consider adding an import instead.
src/components/ui/sheet.tsx(9,27): error TS2304: Cannot find name 'SheetPrimitive'.
src/components/ui/sheet.tsx(10,41): error TS2304: Cannot find name 'SheetPrimitive'.
src/components/ui/sheet.tsx(12,4): error TS2304: Cannot find name 'SheetPrimitive'.
src/components/ui/sheet.tsx(13,16): error TS2304: Cannot find name 'cn'.
src/components/ui/sheet.tsx(21,28): error TS2304: Cannot find name 'SheetPrimitive'.
src/components/ui/sheet.tsx(23,23): error TS2304: Cannot find name 'cva'.
src/components/ui/sheet.tsx(43,49): error TS2304: Cannot find name 'SheetPrimitive'.
src/components/ui/sheet.tsx(44,3): error TS2304: Cannot find name 'VariantProps'.
src/components/ui/sheet.tsx(46,22): error TS2686: 'React' refers to a UMD global, but the current file is a module. Consider adding an import instead.
src/components/ui/sheet.tsx(47,27): error TS2304: Cannot find name 'SheetPrimitive'.
src/components/ui/sheet.tsx(49,6): error TS2339: Property 'side' does not exist on type 'SheetContentProps'.
src/components/ui/sheet.tsx(49,22): error TS2339: Property 'className' does not exist on type 'SheetContentProps'.
src/components/ui/sheet.tsx(49,33): error TS2339: Property 'children' does not exist on type 'SheetContentProps'.
src/components/ui/sheet.tsx(52,6): error TS2304: Cannot find name 'SheetPrimitive'.
src/components/ui/sheet.tsx(54,18): error TS2304: Cannot find name 'cn'.
src/components/ui/sheet.tsx(58,8): error TS2304: Cannot find name 'SheetPrimitive'.
src/components/ui/sheet.tsx(59,10): error TS2304: Cannot find name 'X'.
src/components/ui/sheet.tsx(61,9): error TS2304: Cannot find name 'SheetPrimitive'.
src/components/ui/sheet.tsx(62,7): error TS2304: Cannot find name 'SheetPrimitive'.
src/components/ui/sheet.tsx(65,28): error TS2304: Cannot find name 'SheetPrimitive'.
src/components/ui/sheet.tsx(72,16): error TS2304: Cannot find name 'cn'.
src/components/ui/sheet.tsx(86,16): error TS2304: Cannot find name 'cn'.
src/components/ui/sheet.tsx(95,20): error TS2686: 'React' refers to a UMD global, but the current file is a module. Consider adding an import instead.
src/components/ui/sheet.tsx(96,27): error TS2304: Cannot find name 'SheetPrimitive'.
src/components/ui/sheet.tsx(97,41): error TS2304: Cannot find name 'SheetPrimitive'.
src/components/ui/sheet.tsx(99,4): error TS2304: Cannot find name 'SheetPrimitive'.
src/components/ui/sheet.tsx(101,16): error TS2304: Cannot find name 'cn'.
src/components/ui/sheet.tsx(105,26): error TS2304: Cannot find name 'SheetPrimitive'.
src/components/ui/sheet.tsx(107,26): error TS2686: 'React' refers to a UMD global, but the current file is a module. Consider adding an import instead.
src/components/ui/sheet.tsx(108,27): error TS2304: Cannot find name 'SheetPrimitive'.
src/components/ui/sheet.tsx(109,41): error TS2304: Cannot find name 'SheetPrimitive'.
src/components/ui/sheet.tsx(111,4): error TS2304: Cannot find name 'SheetPrimitive'.
src/components/ui/sheet.tsx(113,16): error TS2304: Cannot find name 'cn'.
src/components/ui/sheet.tsx(117,32): error TS2304: Cannot find name 'SheetPrimitive'.
src/components/ui/sheet.tsx(120,3): error TS2304: Cannot find name 'Sheet'.
src/components/ui/sidebar.tsx(29,24): error TS2686: 'React' refers to a UMD global, but the current file is a module. Consider adding an import instead.
src/components/ui/sidebar.tsx(32,19): error TS2686: 'React' refers to a UMD global, but the current file is a module. Consider adding an import instead.
src/components/ui/sidebar.tsx(40,25): error TS2686: 'React' refers to a UMD global, but the current file is a module. Consider adding an import instead.
src/components/ui/sidebar.tsx(60,22): error TS2304: Cannot find name 'useIsMobile'.
src/components/ui/sidebar.tsx(61,41): error TS2686: 'React' refers to a UMD global, but the current file is a module. Consider adding an import instead.
src/components/ui/sidebar.tsx(65,31): error TS2686: 'React' refers to a UMD global, but the current file is a module. Consider adding an import instead.
src/components/ui/sidebar.tsx(67,21): error TS2686: 'React' refers to a UMD global, but the current file is a module. Consider adding an import instead.
src/components/ui/sidebar.tsx(83,27): error TS2686: 'React' refers to a UMD global, but the current file is a module. Consider adding an import instead.
src/components/ui/sidebar.tsx(90,5): error TS2686: 'React' refers to a UMD global, but the current file is a module. Consider adding an import instead.
src/components/ui/sidebar.tsx(109,26): error TS2686: 'React' refers to a UMD global, but the current file is a module. Consider adding an import instead.
src/components/ui/sidebar.tsx(133,24): error TS2304: Cannot find name 'cn'.
src/components/ui/sidebar.tsx(149,17): error TS2686: 'React' refers to a UMD global, but the current file is a module. Consider adding an import instead.
src/components/ui/sidebar.tsx(173,22): error TS2304: Cannot find name 'cn'.
src/components/ui/sidebar.tsx(188,12): error TS2322: Type '{ children: Element; "data-sidebar": string; "data-mobile": string; className: string; style: CSSProperties; side: "right" | "left"; }' is not assignable to type 'IntrinsicAttributes & SheetContentProps & RefAttributes<any>'.
  Property 'children' does not exist on type 'IntrinsicAttributes & SheetContentProps & RefAttributes<any>'.
src/components/ui/sidebar.tsx(216,22): error TS2304: Cannot find name 'cn'.
src/components/ui/sidebar.tsx(226,22): error TS2304: Cannot find name 'cn'.
src/components/ui/sidebar.tsx(252,24): error TS2686: 'React' refers to a UMD global, but the current file is a module. Consider adding an import instead.
src/components/ui/sidebar.tsx(253,27): error TS2304: Cannot find name 'Button'.
src/components/ui/sidebar.tsx(254,31): error TS2304: Cannot find name 'Button'.
src/components/ui/sidebar.tsx(259,6): error TS2304: Cannot find name 'Button'.
src/components/ui/sidebar.tsx(264,18): error TS2304: Cannot find name 'cn'.
src/components/ui/sidebar.tsx(271,8): error TS2304: Cannot find name 'PanelLeft'.
src/components/ui/sidebar.tsx(273,7): error TS2304: Cannot find name 'Button'.
src/components/ui/sidebar.tsx(278,21): error TS2686: 'React' refers to a UMD global, but the current file is a module. Consider adding an import instead.
src/components/ui/sidebar.tsx(292,18): error TS2304: Cannot find name 'cn'.
src/components/ui/sidebar.tsx(307,22): error TS2686: 'React' refers to a UMD global, but the current file is a module. Consider adding an import instead.
src/components/ui/sidebar.tsx(314,18): error TS2304: Cannot find name 'cn'.
src/components/ui/sidebar.tsx(325,22): error TS2686: 'React' refers to a UMD global, but the current file is a module. Consider adding an import instead.
src/components/ui/sidebar.tsx(333,18): error TS2304: Cannot find name 'cn'.
src/components/ui/sidebar.tsx(343,23): error TS2686: 'React' refers to a UMD global, but the current file is a module. Consider adding an import instead.
src/components/ui/sidebar.tsx(351,18): error TS2304: Cannot find name 'cn'.
src/components/ui/sidebar.tsx(358,23): error TS2686: 'React' refers to a UMD global, but the current file is a module. Consider adding an import instead.
src/components/ui/sidebar.tsx(366,18): error TS2304: Cannot find name 'cn'.
src/components/ui/sidebar.tsx(373,26): error TS2686: 'React' refers to a UMD global, but the current file is a module. Consider adding an import instead.
src/components/ui/sidebar.tsx(381,18): error TS2304: Cannot find name 'cn'.
src/components/ui/sidebar.tsx(388,24): error TS2686: 'React' refers to a UMD global, but the current file is a module. Consider adding an import instead.
src/components/ui/sidebar.tsx(396,18): error TS2304: Cannot find name 'cn'.
src/components/ui/sidebar.tsx(406,22): error TS2686: 'React' refers to a UMD global, but the current file is a module. Consider adding an import instead.
src/components/ui/sidebar.tsx(414,18): error TS2304: Cannot find name 'cn'.
src/components/ui/sidebar.tsx(421,27): error TS2686: 'React' refers to a UMD global, but the current file is a module. Consider adding an import instead.
src/components/ui/sidebar.tsx(425,26): error TS2304: Cannot find name 'Slot'.
src/components/ui/sidebar.tsx(431,18): error TS2304: Cannot find name 'cn'.
src/components/ui/sidebar.tsx(442,28): error TS2686: 'React' refers to a UMD global, but the current file is a module. Consider adding an import instead.
src/components/ui/sidebar.tsx(446,26): error TS2304: Cannot find name 'Slot'.
src/components/ui/sidebar.tsx(452,18): error TS2304: Cannot find name 'cn'.
src/components/ui/sidebar.tsx(465,29): error TS2686: 'React' refers to a UMD global, but the current file is a module. Consider adding an import instead.
src/components/ui/sidebar.tsx(472,16): error TS2304: Cannot find name 'cn'.
src/components/ui/sidebar.tsx(478,21): error TS2686: 'React' refers to a UMD global, but the current file is a module. Consider adding an import instead.
src/components/ui/sidebar.tsx(485,16): error TS2304: Cannot find name 'cn'.
src/components/ui/sidebar.tsx(491,25): error TS2686: 'React' refers to a UMD global, but the current file is a module. Consider adding an import instead.
src/components/ui/sidebar.tsx(498,16): error TS2304: Cannot find name 'cn'.
src/components/ui/sidebar.tsx(504,35): error TS2304: Cannot find name 'cva'.
src/components/ui/sidebar.tsx(526,27): error TS2686: 'React' refers to a UMD global, but the current file is a module. Consider adding an import instead.
src/components/ui/sidebar.tsx(532,7): error TS2304: Cannot find name 'VariantProps'.
src/components/ui/sidebar.tsx(546,28): error TS2304: Cannot find name 'Slot'.
src/components/ui/sidebar.tsx(555,20): error TS2304: Cannot find name 'cn'.
src/components/ui/sidebar.tsx(585,27): error TS2686: 'React' refers to a UMD global, but the current file is a module. Consider adding an import instead.
src/components/ui/sidebar.tsx(592,26): error TS2304: Cannot find name 'Slot'.
src/components/ui/sidebar.tsx(598,18): error TS2304: Cannot find name 'cn'.
src/components/ui/sidebar.tsx(616,26): error TS2686: 'React' refers to a UMD global, but the current file is a module. Consider adding an import instead.
src/components/ui/sidebar.tsx(623,16): error TS2304: Cannot find name 'cn'.
src/components/ui/sidebar.tsx(637,29): error TS2686: 'React' refers to a UMD global, but the current file is a module. Consider adding an import instead.
src/components/ui/sidebar.tsx(644,17): error TS2686: 'React' refers to a UMD global, but the current file is a module. Consider adding an import instead.
src/components/ui/sidebar.tsx(652,18): error TS2304: Cannot find name 'cn'.
src/components/ui/sidebar.tsx(675,24): error TS2686: 'React' refers to a UMD global, but the current file is a module. Consider adding an import instead.
src/components/ui/sidebar.tsx(682,16): error TS2304: Cannot find name 'cn'.
src/components/ui/sidebar.tsx(692,28): error TS2686: 'React' refers to a UMD global, but the current file is a module. Consider adding an import instead.
src/components/ui/sidebar.tsx(698,30): error TS2686: 'React' refers to a UMD global, but the current file is a module. Consider adding an import instead.
src/components/ui/sidebar.tsx(706,26): error TS2304: Cannot find name 'Slot'.
src/components/ui/sidebar.tsx(714,18): error TS2304: Cannot find name 'cn'.
src/components/ui/toast.tsx(2,23): error TS2686: 'React' refers to a UMD global, but the current file is a module. Consider adding an import instead.
src/components/ui/toast.tsx(3,27): error TS2304: Cannot find name 'ToastPrimitives'.
src/components/ui/toast.tsx(4,41): error TS2304: Cannot find name 'ToastPrimitives'.
src/components/ui/toast.tsx(6,4): error TS2304: Cannot find name 'ToastPrimitives'.
src/components/ui/toast.tsx(8,16): error TS2304: Cannot find name 'cn'.
src/components/ui/toast.tsx(15,29): error TS2304: Cannot find name 'ToastPrimitives'.
src/components/ui/toast.tsx(17,23): error TS2304: Cannot find name 'cva'.
src/components/ui/toast.tsx(33,15): error TS2686: 'React' refers to a UMD global, but the current file is a module. Consider adding an import instead.
src/components/ui/toast.tsx(34,27): error TS2304: Cannot find name 'ToastPrimitives'.
src/components/ui/toast.tsx(35,41): error TS2304: Cannot find name 'ToastPrimitives'.
src/components/ui/toast.tsx(36,5): error TS2304: Cannot find name 'VariantProps'.
src/components/ui/toast.tsx(39,6): error TS2304: Cannot find name 'ToastPrimitives'.
src/components/ui/toast.tsx(41,18): error TS2304: Cannot find name 'cn'.
src/components/ui/toast.tsx(46,21): error TS2304: Cannot find name 'ToastPrimitives'.
src/components/ui/toast.tsx(48,21): error TS2686: 'React' refers to a UMD global, but the current file is a module. Consider adding an import instead.
src/components/ui/toast.tsx(49,27): error TS2304: Cannot find name 'ToastPrimitives'.
src/components/ui/toast.tsx(50,41): error TS2304: Cannot find name 'ToastPrimitives'.
src/components/ui/toast.tsx(52,4): error TS2304: Cannot find name 'ToastPrimitives'.
src/components/ui/toast.tsx(54,16): error TS2304: Cannot find name 'cn'.
src/components/ui/toast.tsx(61,27): error TS2304: Cannot find name 'ToastPrimitives'.
src/components/ui/toast.tsx(63,20): error TS2686: 'React' refers to a UMD global, but the current file is a module. Consider adding an import instead.
src/components/ui/toast.tsx(64,27): error TS2304: Cannot find name 'ToastPrimitives'.
src/components/ui/toast.tsx(65,41): error TS2304: Cannot find name 'ToastPrimitives'.
src/components/ui/toast.tsx(67,4): error TS2304: Cannot find name 'ToastPrimitives'.
src/components/ui/toast.tsx(69,16): error TS2304: Cannot find name 'cn'.
src/components/ui/toast.tsx(76,6): error TS2304: Cannot find name 'X'.
src/components/ui/toast.tsx(77,5): error TS2304: Cannot find name 'ToastPrimitives'.
src/components/ui/toast.tsx(79,26): error TS2304: Cannot find name 'ToastPrimitives'.
src/components/ui/toast.tsx(81,20): error TS2686: 'React' refers to a UMD global, but the current file is a module. Consider adding an import instead.
src/components/ui/toast.tsx(82,27): error TS2304: Cannot find name 'ToastPrimitives'.
src/components/ui/toast.tsx(83,41): error TS2304: Cannot find name 'ToastPrimitives'.
src/components/ui/toast.tsx(85,4): error TS2304: Cannot find name 'ToastPrimitives'.
src/components/ui/toast.tsx(87,16): error TS2304: Cannot find name 'cn'.
src/components/ui/toast.tsx(91,26): error TS2304: Cannot find name 'ToastPrimitives'.
src/components/ui/toast.tsx(93,26): error TS2686: 'React' refers to a UMD global, but the current file is a module. Consider adding an import instead.
src/components/ui/toast.tsx(94,27): error TS2304: Cannot find name 'ToastPrimitives'.
src/components/ui/toast.tsx(95,41): error TS2304: Cannot find name 'ToastPrimitives'.
src/components/ui/toast.tsx(97,4): error TS2304: Cannot find name 'ToastPrimitives'.
src/components/ui/toast.tsx(99,16): error TS2304: Cannot find name 'cn'.
src/components/ui/toast.tsx(103,32): error TS2304: Cannot find name 'ToastPrimitives'.
src/components/ui/toast.tsx(112,3): error TS2304: Cannot find name 'ToastProvider'.
src/components/ui/toaster.tsx(7,6): error TS2304: Cannot find name 'ToastProvider'.
src/components/ui/toaster.tsx(10,12): error TS2304: Cannot find name 'Toast'.
src/components/ui/toaster.tsx(12,26): error TS2304: Cannot find name 'ToastTitle'.
src/components/ui/toaster.tsx(12,46): error TS2304: Cannot find name 'ToastTitle'.
src/components/ui/toaster.tsx(14,18): error TS2304: Cannot find name 'ToastDescription'.
src/components/ui/toaster.tsx(14,50): error TS2304: Cannot find name 'ToastDescription'.
src/components/ui/toaster.tsx(18,14): error TS2304: Cannot find name 'ToastClose'.
src/components/ui/toaster.tsx(19,13): error TS2304: Cannot find name 'Toast'.
src/components/ui/toaster.tsx(22,8): error TS2304: Cannot find name 'ToastViewport'.
src/components/ui/toaster.tsx(23,7): error TS2304: Cannot find name 'ToastProvider'.
src/components/ui/tooltip.tsx(2,24): error TS2304: Cannot find name 'TooltipPrimitive'.
src/components/ui/tooltip.tsx(4,24): error TS2686: 'React' refers to a UMD global, but the current file is a module. Consider adding an import instead.
src/components/ui/tooltip.tsx(5,27): error TS2304: Cannot find name 'TooltipPrimitive'.
src/components/ui/tooltip.tsx(6,41): error TS2304: Cannot find name 'TooltipPrimitive'.
src/components/ui/tooltip.tsx(8,4): error TS2304: Cannot find name 'TooltipPrimitive'.
src/components/ui/tooltip.tsx(11,16): error TS2304: Cannot find name 'cn'.
src/components/ui/tooltip.tsx(18,30): error TS2304: Cannot find name 'TooltipPrimitive'.
src/components/ui/tooltip.tsx(20,10): error TS2304: Cannot find name 'Tooltip'.
src/components/ui/tooltip.tsx(20,51): error TS2304: Cannot find name 'TooltipProvider'.
src/hooks/use-toast.ts(3,21): error TS2304: Cannot find name 'ToastProps'.
src/hooks/use-toast.ts(7,12): error TS2304: Cannot find name 'ToastActionElement'.
src/hooks/use-toast.ts(71,58): error TS2304: Cannot find name 'TOAST_LIMIT'.
src/hooks/use-toast.ts(164,29): error TS2686: 'React' refers to a UMD global, but the current file is a module. Consider adding an import instead.
src/hooks/use-toast.ts(166,3): error TS2686: 'React' refers to a UMD global, but the current file is a module. Consider adding an import instead.
src/hooks/useAuth.tsx(8,41): error TS2306: File 'D:/final1_23022026/src/types/roles.ts' is not a module.
src/hooks/useAuth.tsx(61,21): error TS2304: Cannot find name 'createContext'.
src/hooks/useAuth.tsx(179,30): error TS2304: Cannot find name 'useCallback'.
src/hooks/useAuth.tsx(201,19): error TS2304: Cannot find name 'useCallback'.
src/hooks/useAuth.tsx(207,3): error TS2304: Cannot find name 'useEffect'.
src/hooks/useAuth.tsx(213,25): error TS2304: Cannot find name 'useCallback'.
src/hooks/useAuth.tsx(215,17): error TS2304: Cannot find name 'useCallback'.
src/hooks/useAuth.tsx(223,18): error TS2304: Cannot find name 'useCallback'.
src/hooks/useAuth.tsx(231,18): error TS2304: Cannot find name 'useCallback'.
src/hooks/useAuth.tsx(264,19): error TS2304: Cannot find name 'useContext'.
src/hooks/useEnterpriseUsers.ts(1,36): error TS2304: Cannot find name 'User'.
src/hooks/useEnterpriseUsers.ts(2,28): error TS2304: Cannot find name 'USER_ROLES'.
src/hooks/useEnterpriseUsers.ts(3,41): error TS2304: Cannot find name 'USER_ROLES'.
src/hooks/useEnterpriseUsers.ts(4,32): error TS2304: Cannot find name 'USER_ROLES'.
src/hooks/useEnterpriseUsers.ts(7,38): error TS2304: Cannot find name 'User'.
src/hooks/useEnterpriseUsers.ts(8,8): error TS2304: Cannot find name 'supabase'.
src/hooks/useEnterpriseUsers.ts(9,33): error TS2304: Cannot find name 'supabase'.
src/hooks/useEnterpriseUsers.ts(10,11): error TS2304: Cannot find name 'TABLES'.
src/hooks/useEnterpriseUsers.ts(31,10): error TS2304: Cannot find name 'useQuery'.
src/hooks/useShippingCalculator.ts(23,9): error TS2353: Object literal may only specify known properties, and 'id' does not exist in type 'Location'.
src/hooks/useShippingCalculator.ts(24,9): error TS2353: Object literal may only specify known properties, and 'id' does not exist in type 'Location'.
src/hooks/useShippingCalculator.ts(25,9): error TS2353: Object literal may only specify known properties, and 'id' does not exist in type 'Location'.
src/hooks/useShippingCalculator.ts(26,9): error TS2353: Object literal may only specify known properties, and 'id' does not exist in type 'Location'.
src/hooks/useShippingCalculator.ts(27,9): error TS2353: Object literal may only specify known properties, and 'id' does not exist in type 'Location'.
src/hooks/useShippingCalculator.ts(35,9): error TS2353: Object literal may only specify known properties, and 'id' does not exist in type 'Location'.
src/hooks/useShippingCalculator.ts(36,9): error TS2353: Object literal may only specify known properties, and 'id' does not exist in type 'Location'.
src/hooks/useShippingCalculator.ts(37,9): error TS2353: Object literal may only specify known properties, and 'id' does not exist in type 'Location'.
src/hooks/useShippingCalculator.ts(45,9): error TS2353: Object literal may only specify known properties, and 'id' does not exist in type 'Location'.
src/hooks/useShippingCalculator.ts(46,9): error TS2353: Object literal may only specify known properties, and 'id' does not exist in type 'Location'.
src/hooks/useShippingCalculator.ts(54,9): error TS2353: Object literal may only specify known properties, and 'id' does not exist in type 'Location'.
src/hooks/useShippingCalculator.ts(55,9): error TS2353: Object literal may only specify known properties, and 'id' does not exist in type 'Location'.
src/hooks/useShippingCalculator.ts(61,5): error TS2353: Object literal may only specify known properties, and 'id' does not exist in type 'InternationalDestination'.
src/hooks/useShippingCalculator.ts(62,5): error TS2353: Object literal may only specify known properties, and 'id' does not exist in type 'InternationalDestination'.
src/hooks/useShippingCalculator.ts(63,5): error TS2353: Object literal may only specify known properties, and 'id' does not exist in type 'InternationalDestination'.
src/hooks/useShippingCalculator.ts(64,5): error TS2353: Object literal may only specify known properties, and 'id' does not exist in type 'InternationalDestination'.
src/hooks/useShippingCalculator.ts(65,5): error TS2353: Object literal may only specify known properties, and 'id' does not exist in type 'InternationalDestination'.
src/hooks/useShippingCalculator.ts(66,5): error TS2353: Object literal may only specify known properties, and 'id' does not exist in type 'InternationalDestination'.
src/hooks/useShippingCalculator.ts(70,35): error TS2304: Cannot find name 'useState'.
src/hooks/useShippingCalculator.ts(92,74): error TS2339: Property 'id' does not exist on type 'InternationalDestination'.
src/i18n/I18nProvider.tsx(2,13): error TS2304: Cannot find name 'createContext'.
src/i18n/I18nProvider.tsx(2,27): error TS2304: Cannot find name 'I18nCtx'.
src/i18n/I18nProvider.tsx(6,56): error TS2304: Cannot find name 'ReactNode'.
src/i18n/I18nProvider.tsx(7,32): error TS2304: Cannot find name 'useState'.
src/i18n/I18nProvider.tsx(7,41): error TS2304: Cannot find name 'Lang'.
src/i18n/I18nProvider.tsx(9,47): error TS2304: Cannot find name 'Lang'.
src/i18n/I18nProvider.tsx(12,23): error TS2304: Cannot find name 'Lang'.
src/i18n/I18nProvider.tsx(19,17): error TS2304: Cannot find name 'useMemo'.
src/i18n/I18nProvider.tsx(25,15): error TS2304: Cannot find name 'useContext'.
src/lib/api.ts(1,26): error TS2306: File 'D:/final1_23022026/src/integrations/supabase/client.ts' is not a module.
src/lib/forms-api.ts(50,35): error TS2304: Cannot find name 'supabase'.
src/lib/forms-api.ts(65,31): error TS2304: Cannot find name 'supabase'.
src/lib/forms-api.ts(129,29): error TS2304: Cannot find name 'supabase'.
src/lib/forms-api.ts(136,35): error TS2304: Cannot find name 'supabase'.
src/lib/forms-api.ts(156,17): error TS2304: Cannot find name 'supabase'.
src/lib/forms-api.ts(208,35): error TS2304: Cannot find name 'supabase'.
src/lib/forms-api.ts(227,29): error TS2304: Cannot find name 'supabase'.
src/lib/forms-api.ts(289,29): error TS2304: Cannot find name 'supabase'.
src/lib/forms-api.ts(296,35): error TS2304: Cannot find name 'supabase'.
src/lib/forms-api.ts(317,17): error TS2304: Cannot find name 'supabase'.
src/lib/forms-api.ts(355,35): error TS2304: Cannot find name 'supabase'.
src/lib/forms-api.ts(375,56): error TS2304: Cannot find name 'supabase'.
src/lib/forms-api.ts(389,35): error TS2304: Cannot find name 'supabase'.
src/lib/legacy-user.ts(19,14): error TS2451: Cannot redeclare block-scoped variable 'createLegacyUser'.
src/lib/legacy-user.ts(19,48): error TS2304: Cannot find name 'FirebaseUser'.
src/lib/legacy-user.ts(36,14): error TS2451: Cannot redeclare block-scoped variable 'useLegacyUser'.
src/lib/legacy-user.ts(43,14): error TS2451: Cannot redeclare block-scoped variable 'createLegacyUser'.
src/lib/legacy-user.ts(66,14): error TS2451: Cannot redeclare block-scoped variable 'useLegacyUser'.
src/lib/react-router-dom-proxy.tsx(1,15): error TS2307: Cannot find module 'react-router-dom-original' or its corresponding type declarations.
src/lib/react-router-dom-proxy.tsx(29,3): error TS2686: 'React' refers to a UMD global, but the current file is a module. Consider adding an import instead.
src/lib/react-router-dom-proxy.tsx(30,10): error TS2686: 'React' refers to a UMD global, but the current file is a module. Consider adding an import instead.
src/lib/react-router-dom-proxy.tsx(31,37): error TS2304: Cannot find name 'RRD'.
src/lib/react-router-dom-proxy.tsx(56,9): error TS2591: Cannot find name 'process'. Do you need to install type definitions for node? Try `npm i --save-dev @types/node` and then add 'node' to the types field in your tsconfig.
src/lib/react-router-dom-proxy.tsx(61,10): error TS2304: Cannot find name '__ROUTE_MESSAGING_ENABLED__'.
src/lib/react-router-dom-proxy.tsx(88,59): error TS2304: Cannot find name 'RRD'.
src/lib/react-router-dom-proxy.tsx(89,3): error TS2686: 'React' refers to a UMD global, but the current file is a module. Consider adding an import instead.
src/lib/react-router-dom-proxy.tsx(90,10): error TS2686: 'React' refers to a UMD global, but the current file is a module. Consider adding an import instead.
src/lib/react-router-dom-proxy.tsx(90,30): error TS2304: Cannot find name 'RRD'.
src/lib/react-router-dom-proxy.tsx(96,54): error TS2304: Cannot find name 'RRD'.
src/lib/react-router-dom-proxy.tsx(102,8): error TS2304: Cannot find name '__ROUTE_MESSAGING_ENABLED__'.
src/lib/react-router-dom-proxy.tsx(131,20): error TS2304: Cannot find name 'RRD'.
src/lib/react-router-dom-proxy.tsx(132,20): error TS2304: Cannot find name 'RRD'.
src/lib/react-router-dom-proxy.tsx(134,3): error TS2686: 'React' refers to a UMD global, but the current file is a module. Consider adding an import instead.
src/lib/react-router-dom-proxy.tsx(143,3): error TS2686: 'React' refers to a UMD global, but the current file is a module. Consider adding an import instead.
src/lib/react-router-dom-proxy.tsx(149,12): error TS2304: Cannot find name '__ROUTE_MESSAGING_ENABLED__'.
src/lib/react-router-dom-proxy.tsx(217,63): error TS2304: Cannot find name 'RRD'.
src/lib/react-router-dom-proxy.tsx(218,11): error TS2304: Cannot find name 'RRD'.
src/lib/react-router-dom-proxy.tsx(218,67): error TS2304: Cannot find name 'RRD'.
src/lib/react-router-dom-proxy.tsx(221,66): error TS2304: Cannot find name 'RRD'.
src/lib/react-router-dom-proxy.tsx(222,11): error TS2304: Cannot find name 'RRD'.
src/lib/react-router-dom-proxy.tsx(222,70): error TS2304: Cannot find name 'RRD'.
src/lib/react-router-dom-proxy.tsx(225,65): error TS2304: Cannot find name 'RRD'.
src/lib/react-router-dom-proxy.tsx(226,11): error TS2304: Cannot find name 'RRD'.
src/lib/react-router-dom-proxy.tsx(226,69): error TS2304: Cannot find name 'RRD'.
src/main.tsx(2,10): error TS2614: Module '"./lib/LanguageContext"' has no exported member 'LanguageProvider'. Did you mean to use 'import LanguageProvider from "./lib/LanguageContext"' instead?
src/main.tsx(4,1): error TS2304: Cannot find name 'ReactDOM'.
src/main.tsx(5,4): error TS2686: 'React' refers to a UMD global, but the current file is a module. Consider adding an import instead.
src/main.tsx(7,8): error TS2304: Cannot find name 'App'.
src/main.tsx(9,5): error TS2686: 'React' refers to a UMD global, but the current file is a module. Consider adding an import instead.
src/pages/AboutPage.tsx(28,11): error TS2451: Cannot redeclare block-scoped variable 't'.
src/pages/AboutPage.tsx(29,11): error TS2451: Cannot redeclare block-scoped variable 't'.
src/pages/AboutPage.tsx(30,11): error TS2451: Cannot redeclare block-scoped variable 't'.
src/pages/AboutPage.tsx(31,11): error TS2451: Cannot redeclare block-scoped variable 't'.
src/pages/AboutPage.tsx(286,20): error TS2304: Cannot find name 'Truck'.
src/pages/AboutPage.tsx(330,22): error TS2304: Cannot find name 'MapPin'.
src/pages/AboutPage.tsx(377,22): error TS2304: Cannot find name 'Link'.
src/pages/AboutPage.tsx(380,23): error TS2304: Cannot find name 'Link'.
src/pages/AboutPage.tsx(383,22): error TS2304: Cannot find name 'Link'.
src/pages/AboutPage.tsx(385,23): error TS2304: Cannot find name 'Link'.
src/pages/admin/AdminManagement.tsx(18,11): error TS2451: Cannot redeclare block-scoped variable 't'.
src/pages/admin/AdminManagement.tsx(18,17): error TS2304: Cannot find name 'useLanguageContext'.
src/pages/admin/AdminManagement.tsx(19,11): error TS2451: Cannot redeclare block-scoped variable 't'.
src/pages/admin/AdminManagement.tsx(19,17): error TS2304: Cannot find name 'useLanguageContext'.
src/pages/admin/AdminManagement.tsx(20,11): error TS2451: Cannot redeclare block-scoped variable 't'.
src/pages/admin/AdminManagement.tsx(20,17): error TS2304: Cannot find name 'useLanguageContext'.
src/pages/admin/AdminManagement.tsx(21,11): error TS2451: Cannot redeclare block-scoped variable 't'.
src/pages/admin/AdminManagement.tsx(21,17): error TS2304: Cannot find name 'useLanguageContext'.
src/pages/admin/AdminManagement.tsx(23,38): error TS2749: 'AdminUser' refers to a value, but is being used as a type here. Did you mean 'typeof AdminUser'?
src/pages/admin/AdminManagement.tsx(62,31): error TS2749: 'AdminUser' refers to a value, but is being used as a type here. Did you mean 'typeof AdminUser'?
src/pages/admin/AdminManagement.tsx(113,12): error TS2304: Cannot find name 'UserPlus'.
src/pages/admin/AdminManagement.tsx(121,17): error TS2304: Cannot find name 'Users'.
src/pages/admin/BulkUpload.tsx(3,17): error TS2304: Cannot find name 'useLanguageContext'.
src/pages/admin/BulkUpload.tsx(4,27): error TS2304: Cannot find name 'useState'.
src/pages/admin/BulkUpload.tsx(5,37): error TS2304: Cannot find name 'useState'.
src/pages/admin/BulkUpload.tsx(6,35): error TS2304: Cannot find name 'useState'.
src/pages/admin/BulkUpload.tsx(7,29): error TS2304: Cannot find name 'useState'.
src/pages/admin/BulkUpload.tsx(7,38): error TS2304: Cannot find name 'BulkUploadItem'.
src/pages/admin/BulkUpload.tsx(8,55): error TS2304: Cannot find name 'useState'.
src/pages/admin/BulkUpload.tsx(11,27): error TS2304: Cannot find name 'useState'.
src/pages/admin/BulkUpload.tsx(38,28): error TS2304: Cannot find name 'BulkUploadAPI'.
src/pages/admin/BulkUpload.tsx(76,13): error TS2304: Cannot find name 'BulkUploadAPI'.
src/pages/admin/BulkUpload.tsx(77,13): error TS2304: Cannot find name 'BulkUploadAPI'.
src/pages/admin/BulkUpload.tsx(124,10): error TS2304: Cannot find name 'Card'.
src/pages/admin/BulkUpload.tsx(125,12): error TS2304: Cannot find name 'CardContent'.
src/pages/admin/BulkUpload.tsx(131,16): error TS2304: Cannot find name 'UploadCloud'.
src/pages/admin/BulkUpload.tsx(147,16): error TS2304: Cannot find name 'Button'.
src/pages/admin/BulkUpload.tsx(152,18): error TS2304: Cannot find name 'Download'.
src/pages/admin/BulkUpload.tsx(154,17): error TS2304: Cannot find name 'Button'.
src/pages/admin/BulkUpload.tsx(156,13): error TS2304: Cannot find name 'CardContent'.
src/pages/admin/BulkUpload.tsx(157,11): error TS2304: Cannot find name 'Card'.
src/pages/admin/BulkUpload.tsx(162,10): error TS2304: Cannot find name 'Card'.
src/pages/admin/BulkUpload.tsx(163,12): error TS2304: Cannot find name 'CardContent'.
src/pages/admin/BulkUpload.tsx(167,13): error TS2304: Cannot find name 'CardContent'.
src/pages/admin/BulkUpload.tsx(168,11): error TS2304: Cannot find name 'Card'.
src/pages/admin/BulkUpload.tsx(173,10): error TS2304: Cannot find name 'Card'.
src/pages/admin/BulkUpload.tsx(174,12): error TS2304: Cannot find name 'CardHeader'.
src/pages/admin/BulkUpload.tsx(177,18): error TS2304: Cannot find name 'CardTitle'.
src/pages/admin/BulkUpload.tsx(177,80): error TS2304: Cannot find name 'CardTitle'.
src/pages/admin/BulkUpload.tsx(183,18): error TS2304: Cannot find name 'Button'.
src/pages/admin/BulkUpload.tsx(188,19): error TS2304: Cannot find name 'Button'.
src/pages/admin/BulkUpload.tsx(189,18): error TS2304: Cannot find name 'Button'.
src/pages/admin/BulkUpload.tsx(195,19): error TS2304: Cannot find name 'Button'.
src/pages/admin/BulkUpload.tsx(198,13): error TS2304: Cannot find name 'CardHeader'.
src/pages/admin/BulkUpload.tsx(199,12): error TS2304: Cannot find name 'CardContent'.
src/pages/admin/BulkUpload.tsx(221,30): error TS2304: Cannot find name 'Check'.
src/pages/admin/BulkUpload.tsx(227,32): error TS2304: Cannot find name 'X'.
src/pages/admin/BulkUpload.tsx(241,13): error TS2304: Cannot find name 'CardContent'.
src/pages/admin/BulkUpload.tsx(242,11): error TS2304: Cannot find name 'Card'.
src/pages/admin/BulkUpload.tsx(246,8): error TS2304: Cannot find name 'Card'.
src/pages/admin/BulkUpload.tsx(247,10): error TS2304: Cannot find name 'CardHeader'.
src/pages/admin/BulkUpload.tsx(248,12): error TS2304: Cannot find name 'CardTitle'.
src/pages/admin/BulkUpload.tsx(248,71): error TS2304: Cannot find name 'CardTitle'.
src/pages/admin/BulkUpload.tsx(249,11): error TS2304: Cannot find name 'CardHeader'.
src/pages/admin/BulkUpload.tsx(250,10): error TS2304: Cannot find name 'CardContent'.
src/pages/admin/BulkUpload.tsx(253,16): error TS2304: Cannot find name 'FileText'.
src/pages/admin/BulkUpload.tsx(261,16): error TS2304: Cannot find name 'AlertTriangle'.
src/pages/admin/BulkUpload.tsx(269,16): error TS2304: Cannot find name 'Check'.
src/pages/admin/BulkUpload.tsx(277,11): error TS2304: Cannot find name 'CardContent'.
src/pages/admin/BulkUpload.tsx(278,9): error TS2304: Cannot find name 'Card'.
src/pages/admin/BusinessIntelligencePage.tsx(141,17): error TS2304: Cannot find name 'TrendingUp'.
src/pages/admin/BusinessIntelligencePage.tsx(145,17): error TS2304: Cannot find name 'BarChart3'.
src/pages/admin/BusinessIntelligencePage.tsx(179,6): error TS2304: Cannot find name 'motion'.
src/pages/admin/BusinessIntelligencePage.tsx(186,8): error TS2304: Cannot find name 'motion'.
src/pages/admin/BusinessIntelligencePage.tsx(189,14): error TS2304: Cannot find name 'BarChart3'.
src/pages/admin/BusinessIntelligencePage.tsx(211,9): error TS2304: Cannot find name 'motion'.
src/pages/admin/BusinessIntelligencePage.tsx(214,8): error TS2304: Cannot find name 'motion'.
src/pages/admin/BusinessIntelligencePage.tsx(232,9): error TS2304: Cannot find name 'motion'.
src/pages/admin/BusinessIntelligencePage.tsx(235,8): error TS2304: Cannot find name 'motion'.
src/pages/admin/BusinessIntelligencePage.tsx(262,22): error TS2304: Cannot find name 'TrendingUp'.
src/pages/admin/BusinessIntelligencePage.tsx(334,22): error TS2304: Cannot find name 'BarChart3'.
src/pages/admin/BusinessIntelligencePage.tsx(345,22): error TS2304: Cannot find name 'PieChart'.
src/pages/admin/BusinessIntelligencePage.tsx(449,22): error TS2304: Cannot find name 'BarChart3'.
src/pages/admin/BusinessIntelligencePage.tsx(516,22): error TS2304: Cannot find name 'TrendingUp'.
src/pages/admin/BusinessIntelligencePage.tsx(533,20): error TS2304: Cannot find name 'TrendingUp'.
src/pages/admin/BusinessIntelligencePage.tsx(663,22): error TS2304: Cannot find name 'TrendingUp'.
src/pages/admin/BusinessIntelligencePage.tsx(674,22): error TS2304: Cannot find name 'BarChart3'.
src/pages/admin/BusinessIntelligencePage.tsx(712,9): error TS2304: Cannot find name 'motion'.
src/pages/admin/BusinessIntelligencePage.tsx(713,7): error TS2304: Cannot find name 'motion'.
src/pages/admin/Dashboard.tsx(15,11): error TS2451: Cannot redeclare block-scoped variable 't'.
src/pages/admin/Dashboard.tsx(15,17): error TS2304: Cannot find name 'useLanguageContext'.
src/pages/admin/Dashboard.tsx(16,11): error TS2451: Cannot redeclare block-scoped variable 't'.
src/pages/admin/Dashboard.tsx(16,17): error TS2304: Cannot find name 'useLanguageContext'.
src/pages/admin/Dashboard.tsx(17,11): error TS2451: Cannot redeclare block-scoped variable 't'.
src/pages/admin/Dashboard.tsx(17,17): error TS2304: Cannot find name 'useLanguageContext'.
src/pages/admin/Dashboard.tsx(18,11): error TS2451: Cannot redeclare block-scoped variable 't'.
src/pages/admin/Dashboard.tsx(18,17): error TS2304: Cannot find name 'useLanguageContext'.
src/pages/admin/Dashboard.tsx(70,17): error TS2304: Cannot find name 'Package'.
src/pages/admin/Dashboard.tsx(262,21): error TS2304: Cannot find name 'Package'.
src/pages/admin/DispatchControlPage.tsx(181,6): error TS2304: Cannot find name 'motion'.
src/pages/admin/DispatchControlPage.tsx(188,8): error TS2304: Cannot find name 'motion'.
src/pages/admin/DispatchControlPage.tsx(191,14): error TS2304: Cannot find name 'Radio'.
src/pages/admin/DispatchControlPage.tsx(218,9): error TS2304: Cannot find name 'motion'.
src/pages/admin/DispatchControlPage.tsx(221,8): error TS2304: Cannot find name 'motion'.
src/pages/admin/DispatchControlPage.tsx(241,16): error TS2304: Cannot find name 'Truck'.
src/pages/admin/DispatchControlPage.tsx(269,9): error TS2304: Cannot find name 'motion'.
src/pages/admin/DispatchControlPage.tsx(274,10): error TS2304: Cannot find name 'motion'.
src/pages/admin/DispatchControlPage.tsx(300,11): error TS2304: Cannot find name 'motion'.
src/pages/admin/DispatchControlPage.tsx(303,10): error TS2304: Cannot find name 'motion'.
src/pages/admin/DispatchControlPage.tsx(329,11): error TS2304: Cannot find name 'motion'.
src/pages/admin/DispatchControlPage.tsx(332,10): error TS2304: Cannot find name 'motion'.
src/pages/admin/DispatchControlPage.tsx(354,11): error TS2304: Cannot find name 'motion'.
src/pages/admin/DispatchControlPage.tsx(360,10): error TS2304: Cannot find name 'motion'.
src/pages/admin/DispatchControlPage.tsx(420,11): error TS2304: Cannot find name 'motion'.
src/pages/admin/DispatchControlPage.tsx(423,10): error TS2304: Cannot find name 'motion'.
src/pages/admin/DispatchControlPage.tsx(473,11): error TS2304: Cannot find name 'motion'.
src/pages/admin/DispatchControlPage.tsx(477,8): error TS2304: Cannot find name 'motion'.
src/pages/admin/DispatchControlPage.tsx(496,9): error TS2304: Cannot find name 'motion'.
src/pages/admin/DispatchControlPage.tsx(497,7): error TS2304: Cannot find name 'motion'.
src/pages/admin/FinancialManagementPage.tsx(151,17): error TS2304: Cannot find name 'TrendingUp'.
src/pages/admin/FinancialManagementPage.tsx(153,17): error TS2304: Cannot find name 'TrendingDown'.
src/pages/admin/FinancialManagementPage.tsx(155,17): error TS2304: Cannot find name 'DollarSign'.
src/pages/admin/FinancialManagementPage.tsx(174,6): error TS2304: Cannot find name 'motion'.
src/pages/admin/FinancialManagementPage.tsx(181,8): error TS2304: Cannot find name 'motion'.
src/pages/admin/FinancialManagementPage.tsx(184,14): error TS2304: Cannot find name 'DollarSign'.
src/pages/admin/FinancialManagementPage.tsx(206,9): error TS2304: Cannot find name 'motion'.
src/pages/admin/FinancialManagementPage.tsx(209,8): error TS2304: Cannot find name 'motion'.
src/pages/admin/FinancialManagementPage.tsx(218,16): error TS2304: Cannot find name 'TrendingUp'.
src/pages/admin/FinancialManagementPage.tsx(231,16): error TS2304: Cannot find name 'TrendingDown'.
src/pages/admin/FinancialManagementPage.tsx(261,9): error TS2304: Cannot find name 'motion'.
src/pages/admin/FinancialManagementPage.tsx(264,8): error TS2304: Cannot find name 'motion'.
src/pages/admin/FinancialManagementPage.tsx(672,9): error TS2304: Cannot find name 'motion'.
src/pages/admin/FinancialManagementPage.tsx(673,7): error TS2304: Cannot find name 'motion'.
src/pages/admin/HRManagementPage.tsx(226,17): error TS2304: Cannot find name 'UserPlus'.
src/pages/admin/HRManagementPage.tsx(232,17): error TS2304: Cannot find name 'Users'.
src/pages/admin/HRManagementPage.tsx(251,6): error TS2304: Cannot find name 'motion'.
src/pages/admin/HRManagementPage.tsx(258,8): error TS2304: Cannot find name 'motion'.
src/pages/admin/HRManagementPage.tsx(261,14): error TS2304: Cannot find name 'Users'.
src/pages/admin/HRManagementPage.tsx(272,16): error TS2304: Cannot find name 'Users'.
src/pages/admin/HRManagementPage.tsx(277,9): error TS2304: Cannot find name 'motion'.
src/pages/admin/HRManagementPage.tsx(280,8): error TS2304: Cannot find name 'motion'.
src/pages/admin/HRManagementPage.tsx(289,16): error TS2304: Cannot find name 'Users'.
src/pages/admin/HRManagementPage.tsx(302,16): error TS2304: Cannot find name 'Briefcase'.
src/pages/admin/HRManagementPage.tsx(332,9): error TS2304: Cannot find name 'motion'.
src/pages/admin/HRManagementPage.tsx(335,8): error TS2304: Cannot find name 'motion'.
src/pages/admin/HRManagementPage.tsx(359,28): error TS2304: Cannot find name 'Users'.
src/pages/admin/HRManagementPage.tsx(406,22): error TS2304: Cannot find name 'UserPlus'.
src/pages/admin/HRManagementPage.tsx(438,24): error TS2304: Cannot find name 'UserPlus'.
src/pages/admin/HRManagementPage.tsx(700,9): error TS2304: Cannot find name 'motion'.
src/pages/admin/HRManagementPage.tsx(701,7): error TS2304: Cannot find name 'motion'.
src/pages/admin/merchants/MerchantReceiptsPage.tsx(54,24): error TS2304: Cannot find name 'useLanguageContext'.
src/pages/admin/merchants/MerchantReceiptsPage.tsx(55,17): error TS2304: Cannot find name 'useTranslation'.
src/pages/admin/merchants/MerchantReceiptsPage.tsx(56,41): error TS2304: Cannot find name 'useState'.
src/pages/admin/merchants/MerchantReceiptsPage.tsx(61,17): error TS2304: Cannot find name 'Badge'.
src/pages/admin/merchants/MerchantReceiptsPage.tsx(61,125): error TS2304: Cannot find name 'Badge'.
src/pages/admin/merchants/MerchantReceiptsPage.tsx(63,17): error TS2304: Cannot find name 'Badge'.
src/pages/admin/merchants/MerchantReceiptsPage.tsx(63,123): error TS2304: Cannot find name 'Badge'.
src/pages/admin/merchants/MerchantReceiptsPage.tsx(65,17): error TS2304: Cannot find name 'Badge'.
src/pages/admin/merchants/MerchantReceiptsPage.tsx(65,125): error TS2304: Cannot find name 'Badge'.
src/pages/admin/merchants/MerchantReceiptsPage.tsx(67,17): error TS2304: Cannot find name 'Badge'.
src/pages/admin/merchants/MerchantReceiptsPage.tsx(67,51): error TS2304: Cannot find name 'Badge'.
src/pages/admin/merchants/MerchantReceiptsPage.tsx(79,8): error TS2304: Cannot find name 'motion'.
src/pages/admin/merchants/MerchantReceiptsPage.tsx(94,12): error TS2304: Cannot find name 'Button'.
src/pages/admin/merchants/MerchantReceiptsPage.tsx(95,14): error TS2304: Cannot find name 'Printer'.
src/pages/admin/merchants/MerchantReceiptsPage.tsx(97,13): error TS2304: Cannot find name 'Button'.
src/pages/admin/merchants/MerchantReceiptsPage.tsx(98,12): error TS2304: Cannot find name 'Button'.
src/pages/admin/merchants/MerchantReceiptsPage.tsx(99,14): error TS2304: Cannot find name 'Plus'.
src/pages/admin/merchants/MerchantReceiptsPage.tsx(101,13): error TS2304: Cannot find name 'Button'.
src/pages/admin/merchants/MerchantReceiptsPage.tsx(103,9): error TS2304: Cannot find name 'motion'.
src/pages/admin/merchants/MerchantReceiptsPage.tsx(106,8): error TS2304: Cannot find name 'motion'.
src/pages/admin/merchants/MerchantReceiptsPage.tsx(112,10): error TS2304: Cannot find name 'motion'.
src/pages/admin/merchants/MerchantReceiptsPage.tsx(113,12): error TS2304: Cannot find name 'Card'.
src/pages/admin/merchants/MerchantReceiptsPage.tsx(114,14): error TS2304: Cannot find name 'CardContent'.
src/pages/admin/merchants/MerchantReceiptsPage.tsx(121,20): error TS2304: Cannot find name 'CheckCircle2'.
src/pages/admin/merchants/MerchantReceiptsPage.tsx(125,18): error TS2304: Cannot find name 'ArrowUpRight'.
src/pages/admin/merchants/MerchantReceiptsPage.tsx(128,15): error TS2304: Cannot find name 'CardContent'.
src/pages/admin/merchants/MerchantReceiptsPage.tsx(129,13): error TS2304: Cannot find name 'Card'.
src/pages/admin/merchants/MerchantReceiptsPage.tsx(130,11): error TS2304: Cannot find name 'motion'.
src/pages/admin/merchants/MerchantReceiptsPage.tsx(132,10): error TS2304: Cannot find name 'motion'.
src/pages/admin/merchants/MerchantReceiptsPage.tsx(133,12): error TS2304: Cannot find name 'Card'.
src/pages/admin/merchants/MerchantReceiptsPage.tsx(134,14): error TS2304: Cannot find name 'CardContent'.
src/pages/admin/merchants/MerchantReceiptsPage.tsx(141,20): error TS2304: Cannot find name 'Clock'.
src/pages/admin/merchants/MerchantReceiptsPage.tsx(147,15): error TS2304: Cannot find name 'CardContent'.
src/pages/admin/merchants/MerchantReceiptsPage.tsx(148,13): error TS2304: Cannot find name 'Card'.
src/pages/admin/merchants/MerchantReceiptsPage.tsx(149,11): error TS2304: Cannot find name 'motion'.
src/pages/admin/merchants/MerchantReceiptsPage.tsx(151,10): error TS2304: Cannot find name 'motion'.
src/pages/admin/merchants/MerchantReceiptsPage.tsx(152,12): error TS2304: Cannot find name 'Card'.
src/pages/admin/merchants/MerchantReceiptsPage.tsx(153,14): error TS2304: Cannot find name 'CardContent'.
src/pages/admin/merchants/MerchantReceiptsPage.tsx(160,20): error TS2304: Cannot find name 'AlertCircle'.
src/pages/admin/merchants/MerchantReceiptsPage.tsx(166,15): error TS2304: Cannot find name 'CardContent'.
src/pages/admin/merchants/MerchantReceiptsPage.tsx(167,13): error TS2304: Cannot find name 'Card'.
src/pages/admin/merchants/MerchantReceiptsPage.tsx(168,11): error TS2304: Cannot find name 'motion'.
src/pages/admin/merchants/MerchantReceiptsPage.tsx(170,10): error TS2304: Cannot find name 'motion'.
src/pages/admin/merchants/MerchantReceiptsPage.tsx(171,12): error TS2304: Cannot find name 'Card'.
src/pages/admin/merchants/MerchantReceiptsPage.tsx(172,14): error TS2304: Cannot find name 'CardContent'.
src/pages/admin/merchants/MerchantReceiptsPage.tsx(179,20): error TS2304: Cannot find name 'FileText'.
src/pages/admin/merchants/MerchantReceiptsPage.tsx(185,15): error TS2304: Cannot find name 'CardContent'.
src/pages/admin/merchants/MerchantReceiptsPage.tsx(186,13): error TS2304: Cannot find name 'Card'.
src/pages/admin/merchants/MerchantReceiptsPage.tsx(187,11): error TS2304: Cannot find name 'motion'.
src/pages/admin/merchants/MerchantReceiptsPage.tsx(188,9): error TS2304: Cannot find name 'motion'.
src/pages/admin/merchants/MerchantReceiptsPage.tsx(191,8): error TS2304: Cannot find name 'Card'.
src/pages/admin/merchants/MerchantReceiptsPage.tsx(192,10): error TS2304: Cannot find name 'CardHeader'.
src/pages/admin/merchants/MerchantReceiptsPage.tsx(195,16): error TS2304: Cannot find name 'CardTitle'.
src/pages/admin/merchants/MerchantReceiptsPage.tsx(195,80): error TS2304: Cannot find name 'CardTitle'.
src/pages/admin/merchants/MerchantReceiptsPage.tsx(196,16): error TS2304: Cannot find name 'CardDescription'.
src/pages/admin/merchants/MerchantReceiptsPage.tsx(196,88): error TS2304: Cannot find name 'CardDescription'.
src/pages/admin/merchants/MerchantReceiptsPage.tsx(200,18): error TS2304: Cannot find name 'Search'.
src/pages/admin/merchants/MerchantReceiptsPage.tsx(201,18): error TS2304: Cannot find name 'Input'.
src/pages/admin/merchants/MerchantReceiptsPage.tsx(208,16): error TS2304: Cannot find name 'Button'.
src/pages/admin/merchants/MerchantReceiptsPage.tsx(209,18): error TS2304: Cannot find name 'Filter'.
src/pages/admin/merchants/MerchantReceiptsPage.tsx(210,17): error TS2304: Cannot find name 'Button'.
src/pages/admin/merchants/MerchantReceiptsPage.tsx(213,11): error TS2304: Cannot find name 'CardHeader'.
src/pages/admin/merchants/MerchantReceiptsPage.tsx(214,10): error TS2304: Cannot find name 'CardContent'.
src/pages/admin/merchants/MerchantReceiptsPage.tsx(226,16): error TS2304: Cannot find name 'Table'.
src/pages/admin/merchants/MerchantReceiptsPage.tsx(227,18): error TS2304: Cannot find name 'TableHeader'.
src/pages/admin/merchants/MerchantReceiptsPage.tsx(228,20): error TS2304: Cannot find name 'TableRow'.
src/pages/admin/merchants/MerchantReceiptsPage.tsx(229,22): error TS2304: Cannot find name 'TableHead'.
src/pages/admin/merchants/MerchantReceiptsPage.tsx(229,66): error TS2304: Cannot find name 'TableHead'.
src/pages/admin/merchants/MerchantReceiptsPage.tsx(230,22): error TS2304: Cannot find name 'TableHead'.
src/pages/admin/merchants/MerchantReceiptsPage.tsx(230,54): error TS2304: Cannot find name 'TableHead'.
src/pages/admin/merchants/MerchantReceiptsPage.tsx(231,22): error TS2304: Cannot find name 'TableHead'.
src/pages/admin/merchants/MerchantReceiptsPage.tsx(231,52): error TS2304: Cannot find name 'TableHead'.
src/pages/admin/merchants/MerchantReceiptsPage.tsx(232,22): error TS2304: Cannot find name 'TableHead'.
src/pages/admin/merchants/MerchantReceiptsPage.tsx(232,38): error TS2304: Cannot find name 'TableHead'.
src/pages/admin/merchants/MerchantReceiptsPage.tsx(233,22): error TS2304: Cannot find name 'TableHead'.
src/pages/admin/merchants/MerchantReceiptsPage.tsx(233,45): error TS2304: Cannot find name 'TableHead'.
src/pages/admin/merchants/MerchantReceiptsPage.tsx(234,22): error TS2304: Cannot find name 'TableHead'.
src/pages/admin/merchants/MerchantReceiptsPage.tsx(234,76): error TS2304: Cannot find name 'TableHead'.
src/pages/admin/merchants/MerchantReceiptsPage.tsx(235,22): error TS2304: Cannot find name 'TableHead'.
src/pages/admin/merchants/MerchantReceiptsPage.tsx(235,56): error TS2304: Cannot find name 'TableHead'.
src/pages/admin/merchants/MerchantReceiptsPage.tsx(236,22): error TS2304: Cannot find name 'TableHead'.
src/pages/admin/merchants/MerchantReceiptsPage.tsx(236,64): error TS2304: Cannot find name 'TableHead'.
src/pages/admin/merchants/MerchantReceiptsPage.tsx(237,21): error TS2304: Cannot find name 'TableRow'.
src/pages/admin/merchants/MerchantReceiptsPage.tsx(238,19): error TS2304: Cannot find name 'TableHeader'.
src/pages/admin/merchants/MerchantReceiptsPage.tsx(239,18): error TS2304: Cannot find name 'TableBody'.
src/pages/admin/merchants/MerchantReceiptsPage.tsx(241,22): error TS2304: Cannot find name 'TableRow'.
src/pages/admin/merchants/MerchantReceiptsPage.tsx(242,24): error TS2304: Cannot find name 'TableCell'.
src/pages/admin/merchants/MerchantReceiptsPage.tsx(242,105): error TS2304: Cannot find name 'TableCell'.
src/pages/admin/merchants/MerchantReceiptsPage.tsx(243,24): error TS2304: Cannot find name 'TableCell'.
src/pages/admin/merchants/MerchantReceiptsPage.tsx(243,78): error TS2304: Cannot find name 'TableCell'.
src/pages/admin/merchants/MerchantReceiptsPage.tsx(244,24): error TS2304: Cannot find name 'TableCell'.
src/pages/admin/merchants/MerchantReceiptsPage.tsx(244,84): error TS2304: Cannot find name 'TableCell'.
src/pages/admin/merchants/MerchantReceiptsPage.tsx(245,24): error TS2304: Cannot find name 'TableCell'.
src/pages/admin/merchants/MerchantReceiptsPage.tsx(249,25): error TS2304: Cannot find name 'TableCell'.
src/pages/admin/merchants/MerchantReceiptsPage.tsx(250,24): error TS2304: Cannot find name 'TableCell'.
src/pages/admin/merchants/MerchantReceiptsPage.tsx(250,113): error TS2304: Cannot find name 'TableCell'.
src/pages/admin/merchants/MerchantReceiptsPage.tsx(251,24): error TS2304: Cannot find name 'TableCell'.
src/pages/admin/merchants/MerchantReceiptsPage.tsx(251,105): error TS2304: Cannot find name 'TableCell'.
src/pages/admin/merchants/MerchantReceiptsPage.tsx(252,24): error TS2304: Cannot find name 'TableCell'.
src/pages/admin/merchants/MerchantReceiptsPage.tsx(252,68): error TS2304: Cannot find name 'TableCell'.
src/pages/admin/merchants/MerchantReceiptsPage.tsx(253,24): error TS2304: Cannot find name 'TableCell'.
src/pages/admin/merchants/MerchantReceiptsPage.tsx(255,28): error TS2304: Cannot find name 'Button'.
src/pages/admin/merchants/MerchantReceiptsPage.tsx(256,30): error TS2304: Cannot find name 'Eye'.
src/pages/admin/merchants/MerchantReceiptsPage.tsx(257,29): error TS2304: Cannot find name 'Button'.
src/pages/admin/merchants/MerchantReceiptsPage.tsx(258,28): error TS2304: Cannot find name 'Button'.
src/pages/admin/merchants/MerchantReceiptsPage.tsx(259,30): error TS2304: Cannot find name 'Download'.
src/pages/admin/merchants/MerchantReceiptsPage.tsx(260,29): error TS2304: Cannot find name 'Button'.
src/pages/admin/merchants/MerchantReceiptsPage.tsx(261,28): error TS2304: Cannot find name 'DropdownMenu'.
src/pages/admin/merchants/MerchantReceiptsPage.tsx(262,30): error TS2304: Cannot find name 'DropdownMenuTrigger'.
src/pages/admin/merchants/MerchantReceiptsPage.tsx(263,32): error TS2304: Cannot find name 'Button'.
src/pages/admin/merchants/MerchantReceiptsPage.tsx(264,34): error TS2304: Cannot find name 'MoreVertical'.
src/pages/admin/merchants/MerchantReceiptsPage.tsx(265,33): error TS2304: Cannot find name 'Button'.
src/pages/admin/merchants/MerchantReceiptsPage.tsx(266,31): error TS2304: Cannot find name 'DropdownMenuTrigger'.
src/pages/admin/merchants/MerchantReceiptsPage.tsx(267,30): error TS2304: Cannot find name 'DropdownMenuContent'.
src/pages/admin/merchants/MerchantReceiptsPage.tsx(268,32): error TS2304: Cannot find name 'DropdownMenuLabel'.
src/pages/admin/merchants/MerchantReceiptsPage.tsx(268,59): error TS2304: Cannot find name 'DropdownMenuLabel'.
src/pages/admin/merchants/MerchantReceiptsPage.tsx(269,32): error TS2304: Cannot find name 'DropdownMenuSeparator'.
src/pages/admin/merchants/MerchantReceiptsPage.tsx(270,32): error TS2304: Cannot find name 'DropdownMenuItem'.
src/pages/admin/merchants/MerchantReceiptsPage.tsx(270,65): error TS2304: Cannot find name 'DropdownMenuItem'.
src/pages/admin/merchants/MerchantReceiptsPage.tsx(271,32): error TS2304: Cannot find name 'DropdownMenuItem'.
src/pages/admin/merchants/MerchantReceiptsPage.tsx(271,64): error TS2304: Cannot find name 'DropdownMenuItem'.
src/pages/admin/merchants/MerchantReceiptsPage.tsx(272,32): error TS2304: Cannot find name 'DropdownMenuItem'.
src/pages/admin/merchants/MerchantReceiptsPage.tsx(272,92): error TS2304: Cannot find name 'DropdownMenuItem'.
src/pages/admin/merchants/MerchantReceiptsPage.tsx(273,31): error TS2304: Cannot find name 'DropdownMenuContent'.
src/pages/admin/merchants/MerchantReceiptsPage.tsx(274,29): error TS2304: Cannot find name 'DropdownMenu'.
src/pages/admin/merchants/MerchantReceiptsPage.tsx(276,25): error TS2304: Cannot find name 'TableCell'.
src/pages/admin/merchants/MerchantReceiptsPage.tsx(277,23): error TS2304: Cannot find name 'TableRow'.
src/pages/admin/merchants/MerchantReceiptsPage.tsx(279,19): error TS2304: Cannot find name 'TableBody'.
src/pages/admin/merchants/MerchantReceiptsPage.tsx(280,17): error TS2304: Cannot find name 'Table'.
src/pages/admin/merchants/MerchantReceiptsPage.tsx(285,16): error TS2304: Cannot find name 'FileText'.
src/pages/admin/merchants/MerchantReceiptsPage.tsx(290,11): error TS2304: Cannot find name 'CardContent'.
src/pages/admin/merchants/MerchantReceiptsPage.tsx(291,9): error TS2304: Cannot find name 'Card'.
src/pages/admin/merchants/MerchantReceiptsPage.tsx(294,8): error TS2304: Cannot find name 'motion'.
src/pages/admin/merchants/MerchantReceiptsPage.tsx(300,10): error TS2304: Cannot find name 'motion'.
src/pages/admin/merchants/MerchantReceiptsPage.tsx(301,12): error TS2304: Cannot find name 'Card'.
src/pages/admin/merchants/MerchantReceiptsPage.tsx(302,14): error TS2304: Cannot find name 'CardContent'.
src/pages/admin/merchants/MerchantReceiptsPage.tsx(308,18): error TS2304: Cannot find name 'ArrowUpRight'.
src/pages/admin/merchants/MerchantReceiptsPage.tsx(310,16): error TS2304: Cannot find name 'Button'.
src/pages/admin/merchants/MerchantReceiptsPage.tsx(312,17): error TS2304: Cannot find name 'Button'.
src/pages/admin/merchants/MerchantReceiptsPage.tsx(313,15): error TS2304: Cannot find name 'CardContent'.
src/pages/admin/merchants/MerchantReceiptsPage.tsx(314,13): error TS2304: Cannot find name 'Card'.
src/pages/admin/merchants/MerchantReceiptsPage.tsx(315,11): error TS2304: Cannot find name 'motion'.
src/pages/admin/merchants/MerchantReceiptsPage.tsx(317,10): error TS2304: Cannot find name 'motion'.
src/pages/admin/merchants/MerchantReceiptsPage.tsx(318,12): error TS2304: Cannot find name 'Card'.
src/pages/admin/merchants/MerchantReceiptsPage.tsx(319,14): error TS2304: Cannot find name 'CardContent'.
src/pages/admin/merchants/MerchantReceiptsPage.tsx(325,18): error TS2304: Cannot find name 'ArrowUpRight'.
src/pages/admin/merchants/MerchantReceiptsPage.tsx(327,16): error TS2304: Cannot find name 'Button'.
src/pages/admin/merchants/MerchantReceiptsPage.tsx(329,17): error TS2304: Cannot find name 'Button'.
src/pages/admin/merchants/MerchantReceiptsPage.tsx(330,15): error TS2304: Cannot find name 'CardContent'.
src/pages/admin/merchants/MerchantReceiptsPage.tsx(331,13): error TS2304: Cannot find name 'Card'.
src/pages/admin/merchants/MerchantReceiptsPage.tsx(332,11): error TS2304: Cannot find name 'motion'.
src/pages/admin/merchants/MerchantReceiptsPage.tsx(334,10): error TS2304: Cannot find name 'motion'.
src/pages/admin/merchants/MerchantReceiptsPage.tsx(335,12): error TS2304: Cannot find name 'Card'.
src/pages/admin/merchants/MerchantReceiptsPage.tsx(336,14): error TS2304: Cannot find name 'CardContent'.
src/pages/admin/merchants/MerchantReceiptsPage.tsx(342,18): error TS2304: Cannot find name 'ArrowUpRight'.
src/pages/admin/merchants/MerchantReceiptsPage.tsx(344,16): error TS2304: Cannot find name 'Button'.
src/pages/admin/merchants/MerchantReceiptsPage.tsx(346,17): error TS2304: Cannot find name 'Button'.
src/pages/admin/merchants/MerchantReceiptsPage.tsx(347,15): error TS2304: Cannot find name 'CardContent'.
src/pages/admin/merchants/MerchantReceiptsPage.tsx(348,13): error TS2304: Cannot find name 'Card'.
src/pages/admin/merchants/MerchantReceiptsPage.tsx(349,11): error TS2304: Cannot find name 'motion'.
src/pages/admin/merchants/MerchantReceiptsPage.tsx(350,9): error TS2304: Cannot find name 'motion'.
src/pages/admin/QATestingPage.tsx(168,17): error TS2304: Cannot find name 'CheckCircle2'.
src/pages/admin/QATestingPage.tsx(170,17): error TS2304: Cannot find name 'XCircle'.
src/pages/admin/QATestingPage.tsx(226,6): error TS2304: Cannot find name 'motion'.
src/pages/admin/QATestingPage.tsx(233,8): error TS2304: Cannot find name 'motion'.
src/pages/admin/QATestingPage.tsx(236,14): error TS2304: Cannot find name 'TestTube'.
src/pages/admin/QATestingPage.tsx(250,9): error TS2304: Cannot find name 'motion'.
src/pages/admin/QATestingPage.tsx(253,8): error TS2304: Cannot find name 'motion'.
src/pages/admin/QATestingPage.tsx(275,16): error TS2304: Cannot find name 'CheckCircle2'.
src/pages/admin/QATestingPage.tsx(305,9): error TS2304: Cannot find name 'motion'.
src/pages/admin/QATestingPage.tsx(308,8): error TS2304: Cannot find name 'motion'.
src/pages/admin/QATestingPage.tsx(521,9): error TS2304: Cannot find name 'motion'.
src/pages/admin/QATestingPage.tsx(522,7): error TS2304: Cannot find name 'motion'.
src/pages/admin/reports/PerformanceReportPage.tsx(2,17): error TS2304: Cannot find name 'useTranslation'.
src/pages/admin/reports/PerformanceReportPage.tsx(11,10): error TS2304: Cannot find name 'Card'.
src/pages/admin/reports/PerformanceReportPage.tsx(12,12): error TS2304: Cannot find name 'CardHeader'.
src/pages/admin/reports/PerformanceReportPage.tsx(13,14): error TS2304: Cannot find name 'CardTitle'.
src/pages/admin/reports/PerformanceReportPage.tsx(13,136): error TS2304: Cannot find name 'CardTitle'.
src/pages/admin/reports/PerformanceReportPage.tsx(14,14): error TS2304: Cannot find name 'Zap'.
src/pages/admin/reports/PerformanceReportPage.tsx(15,13): error TS2304: Cannot find name 'CardHeader'.
src/pages/admin/reports/PerformanceReportPage.tsx(16,12): error TS2304: Cannot find name 'CardContent'.
src/pages/admin/reports/PerformanceReportPage.tsx(18,13): error TS2304: Cannot find name 'CardContent'.
src/pages/admin/reports/PerformanceReportPage.tsx(19,11): error TS2304: Cannot find name 'Card'.
src/pages/admin/reports/PerformanceReportPage.tsx(22,8): error TS2304: Cannot find name 'Card'.
src/pages/admin/reports/PerformanceReportPage.tsx(24,12): error TS2304: Cannot find name 'BarChart3'.
src/pages/admin/reports/PerformanceReportPage.tsx(27,9): error TS2304: Cannot find name 'Card'.
src/pages/admin/settings/ApiSettingsPage.tsx(2,17): error TS2304: Cannot find name 'useLanguageContext'.
src/pages/admin/settings/ApiSettingsPage.tsx(8,12): error TS2304: Cannot find name 'ShieldCheck'.
src/pages/admin/settings/ApiSettingsPage.tsx(16,8): error TS2304: Cannot find name 'Card'.
src/pages/admin/settings/ApiSettingsPage.tsx(17,10): error TS2304: Cannot find name 'CardHeader'.
src/pages/admin/settings/ApiSettingsPage.tsx(18,12): error TS2304: Cannot find name 'CardTitle'.
src/pages/admin/settings/ApiSettingsPage.tsx(19,14): error TS2304: Cannot find name 'Key'.
src/pages/admin/settings/ApiSettingsPage.tsx(20,13): error TS2304: Cannot find name 'CardTitle'.
src/pages/admin/settings/ApiSettingsPage.tsx(21,11): error TS2304: Cannot find name 'CardHeader'.
src/pages/admin/settings/ApiSettingsPage.tsx(22,10): error TS2304: Cannot find name 'CardContent'.
src/pages/admin/settings/ApiSettingsPage.tsx(29,11): error TS2304: Cannot find name 'CardContent'.
src/pages/admin/settings/ApiSettingsPage.tsx(30,9): error TS2304: Cannot find name 'Card'.
src/pages/admin/settings/BackupPage.tsx(2,17): error TS2304: Cannot find name 'useTranslation'.
src/pages/admin/settings/BackupPage.tsx(8,12): error TS2304: Cannot find name 'Database'.
src/pages/admin/settings/BackupPage.tsx(13,8): error TS2304: Cannot find name 'Card'.
src/pages/admin/settings/BackupPage.tsx(14,10): error TS2304: Cannot find name 'CardContent'.
src/pages/admin/settings/BackupPage.tsx(17,15): error TS2607: JSX element class does not support attributes because it does not have a 'props' property.
src/pages/admin/settings/BackupPage.tsx(17,16): error TS2786: 'History' cannot be used as a JSX component.
  Its type '{ new (): History; prototype: History; }' is not a valid JSX element type.
    Type '{ new (): History; prototype: History; }' is not assignable to type 'new (props: any, deprecatedLegacyContext?: any) => Component<any, any, any>'.
      Type 'History' is missing the following properties from type 'Component<any, any, any>': context, setState, forceUpdate, render, and 2 more.
src/pages/admin/settings/BackupPage.tsx(24,16): error TS2304: Cannot find name 'DownloadCloud'.
src/pages/admin/settings/BackupPage.tsx(27,11): error TS2304: Cannot find name 'CardContent'.
src/pages/admin/settings/BackupPage.tsx(28,9): error TS2304: Cannot find name 'Card'.
src/pages/admin/settings/GeneralSettingsPage.tsx(2,17): error TS2304: Cannot find name 'useTranslation'.
src/pages/admin/settings/GeneralSettingsPage.tsx(8,8): error TS2304: Cannot find name 'Card'.
src/pages/admin/settings/GeneralSettingsPage.tsx(9,10): error TS2304: Cannot find name 'CardHeader'.
src/pages/admin/settings/GeneralSettingsPage.tsx(10,12): error TS2304: Cannot find name 'CardTitle'.
src/pages/admin/settings/GeneralSettingsPage.tsx(10,135): error TS2304: Cannot find name 'CardTitle'.
src/pages/admin/settings/GeneralSettingsPage.tsx(11,11): error TS2304: Cannot find name 'CardHeader'.
src/pages/admin/settings/GeneralSettingsPage.tsx(12,10): error TS2304: Cannot find name 'CardContent'.
src/pages/admin/settings/GeneralSettingsPage.tsx(17,18): error TS2304: Cannot find name 'Building2'.
src/pages/admin/settings/GeneralSettingsPage.tsx(24,18): error TS2304: Cannot find name 'Mail'.
src/pages/admin/settings/GeneralSettingsPage.tsx(29,11): error TS2304: Cannot find name 'CardContent'.
src/pages/admin/settings/GeneralSettingsPage.tsx(30,9): error TS2304: Cannot find name 'Card'.
src/pages/admin/settings/NotificationsPage.tsx(2,17): error TS2304: Cannot find name 'useTranslation'.
src/pages/admin/settings/NotificationsPage.tsx(9,10): error TS2304: Cannot find name 'Card'.
src/pages/admin/settings/NotificationsPage.tsx(10,12): error TS2304: Cannot find name 'CardContent'.
src/pages/admin/settings/NotificationsPage.tsx(12,16): error TS2304: Cannot find name 'ShieldCheck'.
src/pages/admin/settings/NotificationsPage.tsx(21,13): error TS2304: Cannot find name 'CardContent'.
src/pages/admin/settings/NotificationsPage.tsx(22,11): error TS2304: Cannot find name 'Card'.
src/pages/admin/settings/SecurityPage.tsx(4,24): error TS2304: Cannot find name 'useLanguageContext'.
src/pages/admin/settings/SecurityPage.tsx(5,17): error TS2304: Cannot find name 'useTranslation'.
src/pages/admin/settings/SecurityPage.tsx(6,21): error TS2304: Cannot find name 'useToast'.
src/pages/admin/settings/SecurityPage.tsx(7,37): error TS2304: Cannot find name 'useState'.
src/pages/admin/settings/SecurityPage.tsx(32,12): error TS2304: Cannot find name 'Button'.
src/pages/admin/settings/SecurityPage.tsx(33,14): error TS2304: Cannot find name 'RefreshCw'.
src/pages/admin/settings/SecurityPage.tsx(35,13): error TS2304: Cannot find name 'Button'.
src/pages/admin/settings/SecurityPage.tsx(36,12): error TS2304: Cannot find name 'Button'.
src/pages/admin/settings/SecurityPage.tsx(37,14): error TS2304: Cannot find name 'Save'.
src/pages/admin/settings/SecurityPage.tsx(39,13): error TS2304: Cannot find name 'Button'.
src/pages/admin/settings/SecurityPage.tsx(43,8): error TS2304: Cannot find name 'Tabs'.
src/pages/admin/settings/SecurityPage.tsx(44,10): error TS2304: Cannot find name 'TabsList'.
src/pages/admin/settings/SecurityPage.tsx(45,12): error TS2304: Cannot find name 'TabsTrigger'.
src/pages/admin/settings/SecurityPage.tsx(46,13): error TS2607: JSX element class does not support attributes because it does not have a 'props' property.
src/pages/admin/settings/SecurityPage.tsx(46,14): error TS2786: 'Lock' cannot be used as a JSX component.
  Its type '{ new (): Lock; prototype: Lock; }' is not a valid JSX element type.
    Type '{ new (): Lock; prototype: Lock; }' is not assignable to type 'new (props: any, deprecatedLegacyContext?: any) => Component<any, any, any>'.
      Type 'Lock' is missing the following properties from type 'Component<any, any, any>': context, setState, forceUpdate, render, and 3 more.
src/pages/admin/settings/SecurityPage.tsx(48,13): error TS2304: Cannot find name 'TabsTrigger'.
src/pages/admin/settings/SecurityPage.tsx(49,12): error TS2304: Cannot find name 'TabsTrigger'.
src/pages/admin/settings/SecurityPage.tsx(50,14): error TS2304: Cannot find name 'UserCheck'.
src/pages/admin/settings/SecurityPage.tsx(52,13): error TS2304: Cannot find name 'TabsTrigger'.
src/pages/admin/settings/SecurityPage.tsx(53,12): error TS2304: Cannot find name 'TabsTrigger'.
src/pages/admin/settings/SecurityPage.tsx(54,14): error TS2304: Cannot find name 'Shield'.
src/pages/admin/settings/SecurityPage.tsx(56,13): error TS2304: Cannot find name 'TabsTrigger'.
src/pages/admin/settings/SecurityPage.tsx(57,12): error TS2304: Cannot find name 'TabsTrigger'.
src/pages/admin/settings/SecurityPage.tsx(58,14): error TS2304: Cannot find name 'Activity'.
src/pages/admin/settings/SecurityPage.tsx(60,13): error TS2304: Cannot find name 'TabsTrigger'.
src/pages/admin/settings/SecurityPage.tsx(61,11): error TS2304: Cannot find name 'TabsList'.
src/pages/admin/settings/SecurityPage.tsx(63,10): error TS2304: Cannot find name 'TabsContent'.
src/pages/admin/settings/SecurityPage.tsx(65,14): error TS2304: Cannot find name 'Card'.
src/pages/admin/settings/SecurityPage.tsx(66,16): error TS2304: Cannot find name 'CardHeader'.
src/pages/admin/settings/SecurityPage.tsx(67,18): error TS2304: Cannot find name 'CardTitle'.
src/pages/admin/settings/SecurityPage.tsx(68,20): error TS2304: Cannot find name 'Key'.
src/pages/admin/settings/SecurityPage.tsx(70,19): error TS2304: Cannot find name 'CardTitle'.
src/pages/admin/settings/SecurityPage.tsx(71,18): error TS2304: Cannot find name 'CardDescription'.
src/pages/admin/settings/SecurityPage.tsx(73,19): error TS2304: Cannot find name 'CardDescription'.
src/pages/admin/settings/SecurityPage.tsx(74,17): error TS2304: Cannot find name 'CardHeader'.
src/pages/admin/settings/SecurityPage.tsx(75,16): error TS2304: Cannot find name 'CardContent'.
src/pages/admin/settings/SecurityPage.tsx(77,20): error TS2304: Cannot find name 'Label'.
src/pages/admin/settings/SecurityPage.tsx(77,51): error TS2304: Cannot find name 'Label'.
src/pages/admin/settings/SecurityPage.tsx(78,20): error TS2304: Cannot find name 'Select'.
src/pages/admin/settings/SecurityPage.tsx(79,22): error TS2304: Cannot find name 'SelectTrigger'.
src/pages/admin/settings/SecurityPage.tsx(80,24): error TS2304: Cannot find name 'SelectValue'.
src/pages/admin/settings/SecurityPage.tsx(81,23): error TS2304: Cannot find name 'SelectTrigger'.
src/pages/admin/settings/SecurityPage.tsx(82,22): error TS2304: Cannot find name 'SelectContent'.
src/pages/admin/settings/SecurityPage.tsx(83,24): error TS2304: Cannot find name 'SelectItem'.
src/pages/admin/settings/SecurityPage.tsx(83,70): error TS2304: Cannot find name 'SelectItem'.
src/pages/admin/settings/SecurityPage.tsx(84,24): error TS2304: Cannot find name 'SelectItem'.
src/pages/admin/settings/SecurityPage.tsx(84,70): error TS2304: Cannot find name 'SelectItem'.
src/pages/admin/settings/SecurityPage.tsx(85,24): error TS2304: Cannot find name 'SelectItem'.
src/pages/admin/settings/SecurityPage.tsx(85,80): error TS2304: Cannot find name 'SelectItem'.
src/pages/admin/settings/SecurityPage.tsx(86,23): error TS2304: Cannot find name 'SelectContent'.
src/pages/admin/settings/SecurityPage.tsx(87,21): error TS2304: Cannot find name 'Select'.
src/pages/admin/settings/SecurityPage.tsx(89,18): error TS2304: Cannot find name 'Separator'.
src/pages/admin/settings/SecurityPage.tsx(92,22): error TS2304: Cannot find name 'Label'.
src/pages/admin/settings/SecurityPage.tsx(92,55): error TS2304: Cannot find name 'Label'.
src/pages/admin/settings/SecurityPage.tsx(95,20): error TS2304: Cannot find name 'Switch'.
src/pages/admin/settings/SecurityPage.tsx(99,22): error TS2304: Cannot find name 'Label'.
src/pages/admin/settings/SecurityPage.tsx(99,45): error TS2304: Cannot find name 'Label'.
src/pages/admin/settings/SecurityPage.tsx(102,20): error TS2304: Cannot find name 'Switch'.
src/pages/admin/settings/SecurityPage.tsx(106,22): error TS2304: Cannot find name 'Label'.
src/pages/admin/settings/SecurityPage.tsx(106,56): error TS2304: Cannot find name 'Label'.
src/pages/admin/settings/SecurityPage.tsx(109,20): error TS2304: Cannot find name 'Switch'.
src/pages/admin/settings/SecurityPage.tsx(111,17): error TS2304: Cannot find name 'CardContent'.
src/pages/admin/settings/SecurityPage.tsx(112,15): error TS2304: Cannot find name 'Card'.
src/pages/admin/settings/SecurityPage.tsx(114,14): error TS2304: Cannot find name 'Card'.
src/pages/admin/settings/SecurityPage.tsx(115,16): error TS2304: Cannot find name 'CardHeader'.
src/pages/admin/settings/SecurityPage.tsx(116,18): error TS2304: Cannot find name 'CardTitle'.
src/pages/admin/settings/SecurityPage.tsx(117,19): error TS2607: JSX element class does not support attributes because it does not have a 'props' property.
src/pages/admin/settings/SecurityPage.tsx(117,20): error TS2786: 'History' cannot be used as a JSX component.
  Its type '{ new (): History; prototype: History; }' is not a valid JSX element type.
    Type '{ new (): History; prototype: History; }' is not assignable to type 'new (props: any, deprecatedLegacyContext?: any) => Component<any, any, any>'.
      Type 'History' is missing the following properties from type 'Component<any, any, any>': context, setState, forceUpdate, render, and 2 more.
src/pages/admin/settings/SecurityPage.tsx(119,19): error TS2304: Cannot find name 'CardTitle'.
src/pages/admin/settings/SecurityPage.tsx(120,18): error TS2304: Cannot find name 'CardDescription'.
src/pages/admin/settings/SecurityPage.tsx(122,19): error TS2304: Cannot find name 'CardDescription'.
src/pages/admin/settings/SecurityPage.tsx(123,17): error TS2304: Cannot find name 'CardHeader'.
src/pages/admin/settings/SecurityPage.tsx(124,16): error TS2304: Cannot find name 'CardContent'.
src/pages/admin/settings/SecurityPage.tsx(126,20): error TS2304: Cannot find name 'Label'.
src/pages/admin/settings/SecurityPage.tsx(126,50): error TS2304: Cannot find name 'Label'.
src/pages/admin/settings/SecurityPage.tsx(127,20): error TS2304: Cannot find name 'Input'.
src/pages/admin/settings/SecurityPage.tsx(131,20): error TS2304: Cannot find name 'Label'.
src/pages/admin/settings/SecurityPage.tsx(131,54): error TS2304: Cannot find name 'Label'.
src/pages/admin/settings/SecurityPage.tsx(132,20): error TS2304: Cannot find name 'Select'.
src/pages/admin/settings/SecurityPage.tsx(133,22): error TS2304: Cannot find name 'SelectTrigger'.
src/pages/admin/settings/SecurityPage.tsx(134,24): error TS2304: Cannot find name 'SelectValue'.
src/pages/admin/settings/SecurityPage.tsx(135,23): error TS2304: Cannot find name 'SelectTrigger'.
src/pages/admin/settings/SecurityPage.tsx(136,22): error TS2304: Cannot find name 'SelectContent'.
src/pages/admin/settings/SecurityPage.tsx(137,24): error TS2304: Cannot find name 'SelectItem'.
src/pages/admin/settings/SecurityPage.tsx(137,75): error TS2304: Cannot find name 'SelectItem'.
src/pages/admin/settings/SecurityPage.tsx(138,24): error TS2304: Cannot find name 'SelectItem'.
src/pages/admin/settings/SecurityPage.tsx(138,63): error TS2304: Cannot find name 'SelectItem'.
src/pages/admin/settings/SecurityPage.tsx(139,24): error TS2304: Cannot find name 'SelectItem'.
src/pages/admin/settings/SecurityPage.tsx(139,63): error TS2304: Cannot find name 'SelectItem'.
src/pages/admin/settings/SecurityPage.tsx(140,24): error TS2304: Cannot find name 'SelectItem'.
src/pages/admin/settings/SecurityPage.tsx(140,65): error TS2304: Cannot find name 'SelectItem'.
src/pages/admin/settings/SecurityPage.tsx(141,23): error TS2304: Cannot find name 'SelectContent'.
src/pages/admin/settings/SecurityPage.tsx(142,21): error TS2304: Cannot find name 'Select'.
src/pages/admin/settings/SecurityPage.tsx(145,18): error TS2304: Cannot find name 'Separator'.
src/pages/admin/settings/SecurityPage.tsx(148,22): error TS2304: Cannot find name 'Label'.
src/pages/admin/settings/SecurityPage.tsx(148,68): error TS2304: Cannot find name 'Label'.
src/pages/admin/settings/SecurityPage.tsx(151,20): error TS2304: Cannot find name 'Switch'.
src/pages/admin/settings/SecurityPage.tsx(153,17): error TS2304: Cannot find name 'CardContent'.
src/pages/admin/settings/SecurityPage.tsx(154,15): error TS2304: Cannot find name 'Card'.
src/pages/admin/settings/SecurityPage.tsx(156,11): error TS2304: Cannot find name 'TabsContent'.
src/pages/admin/settings/SecurityPage.tsx(158,10): error TS2304: Cannot find name 'TabsContent'.
src/pages/admin/settings/SecurityPage.tsx(159,12): error TS2304: Cannot find name 'Card'.
src/pages/admin/settings/SecurityPage.tsx(160,14): error TS2304: Cannot find name 'CardHeader'.
src/pages/admin/settings/SecurityPage.tsx(161,16): error TS2304: Cannot find name 'CardTitle'.
src/pages/admin/settings/SecurityPage.tsx(162,18): error TS2304: Cannot find name 'Fingerprint'.
src/pages/admin/settings/SecurityPage.tsx(164,17): error TS2304: Cannot find name 'CardTitle'.
src/pages/admin/settings/SecurityPage.tsx(165,16): error TS2304: Cannot find name 'CardDescription'.
src/pages/admin/settings/SecurityPage.tsx(167,17): error TS2304: Cannot find name 'CardDescription'.
src/pages/admin/settings/SecurityPage.tsx(168,15): error TS2304: Cannot find name 'CardHeader'.
src/pages/admin/settings/SecurityPage.tsx(169,14): error TS2304: Cannot find name 'CardContent'.
src/pages/admin/settings/SecurityPage.tsx(172,20): error TS2304: Cannot find name 'Label'.
src/pages/admin/settings/SecurityPage.tsx(172,80): error TS2304: Cannot find name 'Label'.
src/pages/admin/settings/SecurityPage.tsx(175,18): error TS2304: Cannot find name 'Switch'.
src/pages/admin/settings/SecurityPage.tsx(177,16): error TS2304: Cannot find name 'Separator'.
src/pages/admin/settings/SecurityPage.tsx(180,20): error TS2304: Cannot find name 'Label'.
src/pages/admin/settings/SecurityPage.tsx(180,47): error TS2304: Cannot find name 'Label'.
src/pages/admin/settings/SecurityPage.tsx(183,24): error TS2304: Cannot find name 'Switch'.
src/pages/admin/settings/SecurityPage.tsx(187,24): error TS2304: Cannot find name 'Switch'.
src/pages/admin/settings/SecurityPage.tsx(191,24): error TS2304: Cannot find name 'Switch'.
src/pages/admin/settings/SecurityPage.tsx(197,20): error TS2304: Cannot find name 'Label'.
src/pages/admin/settings/SecurityPage.tsx(197,44): error TS2304: Cannot find name 'Label'.
src/pages/admin/settings/SecurityPage.tsx(198,20): error TS2304: Cannot find name 'Select'.
src/pages/admin/settings/SecurityPage.tsx(199,22): error TS2304: Cannot find name 'SelectTrigger'.
src/pages/admin/settings/SecurityPage.tsx(200,24): error TS2304: Cannot find name 'SelectValue'.
src/pages/admin/settings/SecurityPage.tsx(201,23): error TS2304: Cannot find name 'SelectTrigger'.
src/pages/admin/settings/SecurityPage.tsx(202,22): error TS2304: Cannot find name 'SelectContent'.
src/pages/admin/settings/SecurityPage.tsx(203,24): error TS2304: Cannot find name 'SelectItem'.
src/pages/admin/settings/SecurityPage.tsx(203,73): error TS2304: Cannot find name 'SelectItem'.
src/pages/admin/settings/SecurityPage.tsx(204,24): error TS2304: Cannot find name 'SelectItem'.
src/pages/admin/settings/SecurityPage.tsx(204,53): error TS2304: Cannot find name 'SelectItem'.
src/pages/admin/settings/SecurityPage.tsx(205,24): error TS2304: Cannot find name 'SelectItem'.
src/pages/admin/settings/SecurityPage.tsx(205,53): error TS2304: Cannot find name 'SelectItem'.
src/pages/admin/settings/SecurityPage.tsx(206,23): error TS2304: Cannot find name 'SelectContent'.
src/pages/admin/settings/SecurityPage.tsx(207,21): error TS2304: Cannot find name 'Select'.
src/pages/admin/settings/SecurityPage.tsx(211,15): error TS2304: Cannot find name 'CardContent'.
src/pages/admin/settings/SecurityPage.tsx(212,13): error TS2304: Cannot find name 'Card'.
src/pages/admin/settings/SecurityPage.tsx(214,12): error TS2304: Cannot find name 'Card'.
src/pages/admin/settings/SecurityPage.tsx(215,14): error TS2304: Cannot find name 'CardHeader'.
src/pages/admin/settings/SecurityPage.tsx(216,16): error TS2304: Cannot find name 'CardTitle'.
src/pages/admin/settings/SecurityPage.tsx(217,18): error TS2304: Cannot find name 'ShieldCheck'.
src/pages/admin/settings/SecurityPage.tsx(219,17): error TS2304: Cannot find name 'CardTitle'.
src/pages/admin/settings/SecurityPage.tsx(220,16): error TS2304: Cannot find name 'CardDescription'.
src/pages/admin/settings/SecurityPage.tsx(222,17): error TS2304: Cannot find name 'CardDescription'.
src/pages/admin/settings/SecurityPage.tsx(223,15): error TS2304: Cannot find name 'CardHeader'.
src/pages/admin/settings/SecurityPage.tsx(224,14): error TS2304: Cannot find name 'CardContent'.
src/pages/admin/settings/SecurityPage.tsx(226,18): error TS2304: Cannot find name 'Label'.
src/pages/admin/settings/SecurityPage.tsx(226,54): error TS2304: Cannot find name 'Label'.
src/pages/admin/settings/SecurityPage.tsx(227,18): error TS2304: Cannot find name 'Input'.
src/pages/admin/settings/SecurityPage.tsx(231,18): error TS2304: Cannot find name 'Label'.
src/pages/admin/settings/SecurityPage.tsx(231,53): error TS2304: Cannot find name 'Label'.
src/pages/admin/settings/SecurityPage.tsx(232,18): error TS2304: Cannot find name 'Select'.
src/pages/admin/settings/SecurityPage.tsx(233,20): error TS2304: Cannot find name 'SelectTrigger'.
src/pages/admin/settings/SecurityPage.tsx(234,22): error TS2304: Cannot find name 'SelectValue'.
src/pages/admin/settings/SecurityPage.tsx(235,21): error TS2304: Cannot find name 'SelectTrigger'.
src/pages/admin/settings/SecurityPage.tsx(236,20): error TS2304: Cannot find name 'SelectContent'.
src/pages/admin/settings/SecurityPage.tsx(237,22): error TS2304: Cannot find name 'SelectItem'.
src/pages/admin/settings/SecurityPage.tsx(237,64): error TS2304: Cannot find name 'SelectItem'.
src/pages/admin/settings/SecurityPage.tsx(238,22): error TS2304: Cannot find name 'SelectItem'.
src/pages/admin/settings/SecurityPage.tsx(238,60): error TS2304: Cannot find name 'SelectItem'.
src/pages/admin/settings/SecurityPage.tsx(239,22): error TS2304: Cannot find name 'SelectItem'.
src/pages/admin/settings/SecurityPage.tsx(239,60): error TS2304: Cannot find name 'SelectItem'.
src/pages/admin/settings/SecurityPage.tsx(240,22): error TS2304: Cannot find name 'SelectItem'.
src/pages/admin/settings/SecurityPage.tsx(240,54): error TS2304: Cannot find name 'SelectItem'.
src/pages/admin/settings/SecurityPage.tsx(241,21): error TS2304: Cannot find name 'SelectContent'.
src/pages/admin/settings/SecurityPage.tsx(242,19): error TS2304: Cannot find name 'Select'.
src/pages/admin/settings/SecurityPage.tsx(244,15): error TS2304: Cannot find name 'CardContent'.
src/pages/admin/settings/SecurityPage.tsx(245,13): error TS2304: Cannot find name 'Card'.
src/pages/admin/settings/SecurityPage.tsx(246,11): error TS2304: Cannot find name 'TabsContent'.
src/pages/admin/settings/SecurityPage.tsx(248,10): error TS2304: Cannot find name 'TabsContent'.
src/pages/admin/settings/SecurityPage.tsx(250,14): error TS2304: Cannot find name 'Card'.
src/pages/admin/settings/SecurityPage.tsx(251,16): error TS2304: Cannot find name 'CardHeader'.
src/pages/admin/settings/SecurityPage.tsx(252,18): error TS2304: Cannot find name 'CardTitle'.
src/pages/admin/settings/SecurityPage.tsx(253,20): error TS2304: Cannot find name 'Globe'.
src/pages/admin/settings/SecurityPage.tsx(255,19): error TS2304: Cannot find name 'CardTitle'.
src/pages/admin/settings/SecurityPage.tsx(256,18): error TS2304: Cannot find name 'CardDescription'.
src/pages/admin/settings/SecurityPage.tsx(258,19): error TS2304: Cannot find name 'CardDescription'.
src/pages/admin/settings/SecurityPage.tsx(259,17): error TS2304: Cannot find name 'CardHeader'.
src/pages/admin/settings/SecurityPage.tsx(260,16): error TS2304: Cannot find name 'CardContent'.
src/pages/admin/settings/SecurityPage.tsx(263,22): error TS2304: Cannot find name 'Label'.
src/pages/admin/settings/SecurityPage.tsx(263,52): error TS2304: Cannot find name 'Label'.
src/pages/admin/settings/SecurityPage.tsx(266,20): error TS2304: Cannot find name 'Switch'.
src/pages/admin/settings/SecurityPage.tsx(269,20): error TS2304: Cannot find name 'Label'.
src/pages/admin/settings/SecurityPage.tsx(269,61): error TS2304: Cannot find name 'Label'.
src/pages/admin/settings/SecurityPage.tsx(276,17): error TS2304: Cannot find name 'CardContent'.
src/pages/admin/settings/SecurityPage.tsx(277,15): error TS2304: Cannot find name 'Card'.
src/pages/admin/settings/SecurityPage.tsx(279,14): error TS2304: Cannot find name 'Card'.
src/pages/admin/settings/SecurityPage.tsx(280,16): error TS2304: Cannot find name 'CardHeader'.
src/pages/admin/settings/SecurityPage.tsx(281,18): error TS2304: Cannot find name 'CardTitle'.
src/pages/admin/settings/SecurityPage.tsx(282,20): error TS2304: Cannot find name 'AlertTriangle'.
src/pages/admin/settings/SecurityPage.tsx(284,19): error TS2304: Cannot find name 'CardTitle'.
src/pages/admin/settings/SecurityPage.tsx(285,18): error TS2304: Cannot find name 'CardDescription'.
src/pages/admin/settings/SecurityPage.tsx(287,19): error TS2304: Cannot find name 'CardDescription'.
src/pages/admin/settings/SecurityPage.tsx(288,17): error TS2304: Cannot find name 'CardHeader'.
src/pages/admin/settings/SecurityPage.tsx(289,16): error TS2304: Cannot find name 'CardContent'.
src/pages/admin/settings/SecurityPage.tsx(291,20): error TS2304: Cannot find name 'Label'.
src/pages/admin/settings/SecurityPage.tsx(291,46): error TS2304: Cannot find name 'Label'.
src/pages/admin/settings/SecurityPage.tsx(292,20): error TS2304: Cannot find name 'Input'.
src/pages/admin/settings/SecurityPage.tsx(296,20): error TS2304: Cannot find name 'Label'.
src/pages/admin/settings/SecurityPage.tsx(296,54): error TS2304: Cannot find name 'Label'.
src/pages/admin/settings/SecurityPage.tsx(297,20): error TS2304: Cannot find name 'Input'.
src/pages/admin/settings/SecurityPage.tsx(299,18): error TS2304: Cannot find name 'Separator'.
src/pages/admin/settings/SecurityPage.tsx(302,22): error TS2304: Cannot find name 'Label'.
src/pages/admin/settings/SecurityPage.tsx(302,43): error TS2304: Cannot find name 'Label'.
src/pages/admin/settings/SecurityPage.tsx(305,20): error TS2304: Cannot find name 'Switch'.
src/pages/admin/settings/SecurityPage.tsx(307,17): error TS2304: Cannot find name 'CardContent'.
src/pages/admin/settings/SecurityPage.tsx(308,15): error TS2304: Cannot find name 'Card'.
src/pages/admin/settings/SecurityPage.tsx(310,11): error TS2304: Cannot find name 'TabsContent'.
src/pages/admin/settings/SecurityPage.tsx(312,10): error TS2304: Cannot find name 'TabsContent'.
src/pages/admin/settings/SecurityPage.tsx(313,12): error TS2304: Cannot find name 'Card'.
src/pages/admin/settings/SecurityPage.tsx(314,14): error TS2304: Cannot find name 'CardHeader'.
src/pages/admin/settings/SecurityPage.tsx(316,18): error TS2304: Cannot find name 'CardTitle'.
src/pages/admin/settings/SecurityPage.tsx(317,19): error TS2607: JSX element class does not support attributes because it does not have a 'props' property.
src/pages/admin/settings/SecurityPage.tsx(317,20): error TS2786: 'History' cannot be used as a JSX component.
  Its type '{ new (): History; prototype: History; }' is not a valid JSX element type.
    Type '{ new (): History; prototype: History; }' is not assignable to type 'new (props: any, deprecatedLegacyContext?: any) => Component<any, any, any>'.
      Type 'History' is missing the following properties from type 'Component<any, any, any>': context, setState, forceUpdate, render, and 2 more.
src/pages/admin/settings/SecurityPage.tsx(319,19): error TS2304: Cannot find name 'CardTitle'.
src/pages/admin/settings/SecurityPage.tsx(320,18): error TS2304: Cannot find name 'CardDescription'.
src/pages/admin/settings/SecurityPage.tsx(322,19): error TS2304: Cannot find name 'CardDescription'.
src/pages/admin/settings/SecurityPage.tsx(324,16): error TS2304: Cannot find name 'Button'.
src/pages/admin/settings/SecurityPage.tsx(326,17): error TS2304: Cannot find name 'Button'.
src/pages/admin/settings/SecurityPage.tsx(327,15): error TS2304: Cannot find name 'CardHeader'.
src/pages/admin/settings/SecurityPage.tsx(328,14): error TS2304: Cannot find name 'CardContent'.
src/pages/admin/settings/SecurityPage.tsx(339,26): error TS2304: Cannot find name 'Shield'.
src/pages/admin/settings/SecurityPage.tsx(347,24): error TS2304: Cannot find name 'Badge'.
src/pages/admin/settings/SecurityPage.tsx(349,25): error TS2304: Cannot find name 'Badge'.
src/pages/admin/settings/SecurityPage.tsx(355,15): error TS2304: Cannot find name 'CardContent'.
src/pages/admin/settings/SecurityPage.tsx(356,14): error TS2304: Cannot find name 'CardFooter'.
src/pages/admin/settings/SecurityPage.tsx(357,16): error TS2304: Cannot find name 'Button'.
src/pages/admin/settings/SecurityPage.tsx(359,17): error TS2304: Cannot find name 'Button'.
src/pages/admin/settings/SecurityPage.tsx(360,15): error TS2304: Cannot find name 'CardFooter'.
src/pages/admin/settings/SecurityPage.tsx(361,13): error TS2304: Cannot find name 'Card'.
src/pages/admin/settings/SecurityPage.tsx(362,11): error TS2304: Cannot find name 'TabsContent'.
src/pages/admin/settings/SecurityPage.tsx(363,9): error TS2304: Cannot find name 'Tabs'.
src/pages/admin/settings/SystemConfigPage.tsx(2,17): error TS2304: Cannot find name 'useTranslation'.
src/pages/admin/settings/SystemConfigPage.tsx(7,10): error TS2304: Cannot find name 'Cpu'.
src/pages/admin/settings/SystemConfigPage.tsx(10,8): error TS2304: Cannot find name 'Card'.
src/pages/admin/settings/SystemConfigPage.tsx(11,9): error TS2607: JSX element class does not support attributes because it does not have a 'props' property.
src/pages/admin/settings/SystemConfigPage.tsx(11,10): error TS2786: 'Lock' cannot be used as a JSX component.
  Its type '{ new (): Lock; prototype: Lock; }' is not a valid JSX element type.
    Type '{ new (): Lock; prototype: Lock; }' is not assignable to type 'new (props: any, deprecatedLegacyContext?: any) => Component<any, any, any>'.
      Type 'Lock' is missing the following properties from type 'Component<any, any, any>': context, setState, forceUpdate, render, and 3 more.
src/pages/admin/settings/SystemConfigPage.tsx(15,9): error TS2304: Cannot find name 'Card'.
src/pages/admin/settings/UserPreferencesPage.tsx(2,17): error TS2304: Cannot find name 'useTranslation'.
src/pages/admin/settings/UserPreferencesPage.tsx(8,8): error TS2304: Cannot find name 'Card'.
src/pages/admin/settings/UserPreferencesPage.tsx(9,10): error TS2304: Cannot find name 'CardContent'.
src/pages/admin/settings/UserPreferencesPage.tsx(12,16): error TS2304: Cannot find name 'Languages'.
src/pages/admin/settings/UserPreferencesPage.tsx(23,11): error TS2304: Cannot find name 'CardContent'.
src/pages/admin/settings/UserPreferencesPage.tsx(24,9): error TS2304: Cannot find name 'Card'.
src/pages/admin/SystemAdministrationPage.tsx(176,17): error TS2304: Cannot find name 'Database'.
src/pages/admin/SystemAdministrationPage.tsx(206,6): error TS2304: Cannot find name 'motion'.
src/pages/admin/SystemAdministrationPage.tsx(213,8): error TS2304: Cannot find name 'motion'.
src/pages/admin/SystemAdministrationPage.tsx(216,14): error TS2304: Cannot find name 'Shield'.
src/pages/admin/SystemAdministrationPage.tsx(234,9): error TS2304: Cannot find name 'motion'.
src/pages/admin/SystemAdministrationPage.tsx(237,8): error TS2304: Cannot find name 'motion'.
src/pages/admin/SystemAdministrationPage.tsx(285,16): error TS2304: Cannot find name 'Shield'.
src/pages/admin/SystemAdministrationPage.tsx(289,9): error TS2304: Cannot find name 'motion'.
src/pages/admin/SystemAdministrationPage.tsx(292,8): error TS2304: Cannot find name 'motion'.
src/pages/admin/SystemAdministrationPage.tsx(423,32): error TS2304: Cannot find name 'Server'.
src/pages/admin/SystemAdministrationPage.tsx(518,28): error TS2304: Cannot find name 'Shield'.
src/pages/admin/SystemAdministrationPage.tsx(574,26): error TS2304: Cannot find name 'Shield'.
src/pages/admin/SystemAdministrationPage.tsx(761,9): error TS2304: Cannot find name 'motion'.
src/pages/admin/SystemAdministrationPage.tsx(762,7): error TS2304: Cannot find name 'motion'.
src/pages/admin/TariffSetting.tsx(2,11): error TS2451: Cannot redeclare block-scoped variable 't'.
src/pages/admin/TariffSetting.tsx(2,17): error TS2304: Cannot find name 'useLanguageContext'.
src/pages/admin/TariffSetting.tsx(3,11): error TS2451: Cannot redeclare block-scoped variable 't'.
src/pages/admin/TariffSetting.tsx(3,17): error TS2304: Cannot find name 'useLanguageContext'.
src/pages/admin/TariffSetting.tsx(4,11): error TS2451: Cannot redeclare block-scoped variable 't'.
src/pages/admin/TariffSetting.tsx(4,17): error TS2304: Cannot find name 'useLanguageContext'.
src/pages/admin/TariffSetting.tsx(5,11): error TS2451: Cannot redeclare block-scoped variable 't'.
src/pages/admin/TariffSetting.tsx(5,17): error TS2304: Cannot find name 'useLanguageContext'.
src/pages/admin/TariffSetting.tsx(6,29): error TS2304: Cannot find name 'useState'.
src/pages/admin/TariffSetting.tsx(6,38): error TS2304: Cannot find name 'TariffRate'.
src/pages/admin/TariffSetting.tsx(7,33): error TS2304: Cannot find name 'useState'.
src/pages/admin/TariffSetting.tsx(8,41): error TS2304: Cannot find name 'useState'.
src/pages/admin/TariffSetting.tsx(9,41): error TS2304: Cannot find name 'useState'.
src/pages/admin/TariffSetting.tsx(9,50): error TS2304: Cannot find name 'TariffRate'.
src/pages/admin/TariffSetting.tsx(11,33): error TS2304: Cannot find name 'useState'.
src/pages/admin/TariffSetting.tsx(21,3): error TS2304: Cannot find name 'useEffect'.
src/pages/admin/TariffSetting.tsx(28,26): error TS2304: Cannot find name 'TariffRatesAPI'.
src/pages/admin/TariffSetting.tsx(40,15): error TS2304: Cannot find name 'TariffRatesAPI'.
src/pages/admin/TariffSetting.tsx(43,15): error TS2304: Cannot find name 'TariffRatesAPI'.
src/pages/admin/TariffSetting.tsx(64,33): error TS2304: Cannot find name 'TariffRate'.
src/pages/admin/TariffSetting.tsx(81,15): error TS2304: Cannot find name 'TariffRatesAPI'.
src/pages/admin/TariffSetting.tsx(118,12): error TS2304: Cannot find name 'Button'.
src/pages/admin/TariffSetting.tsx(122,14): error TS2304: Cannot find name 'Plus'.
src/pages/admin/TariffSetting.tsx(124,13): error TS2304: Cannot find name 'Button'.
src/pages/admin/TariffSetting.tsx(125,12): error TS2304: Cannot find name 'Button'.
src/pages/admin/TariffSetting.tsx(130,14): error TS2304: Cannot find name 'Save'.
src/pages/admin/TariffSetting.tsx(132,13): error TS2304: Cannot find name 'Button'.
src/pages/admin/TariffSetting.tsx(138,10): error TS2304: Cannot find name 'Card'.
src/pages/admin/TariffSetting.tsx(139,12): error TS2304: Cannot find name 'CardHeader'.
src/pages/admin/TariffSetting.tsx(140,14): error TS2304: Cannot find name 'CardTitle'.
src/pages/admin/TariffSetting.tsx(143,15): error TS2304: Cannot find name 'CardTitle'.
src/pages/admin/TariffSetting.tsx(144,13): error TS2304: Cannot find name 'CardHeader'.
src/pages/admin/TariffSetting.tsx(145,12): error TS2304: Cannot find name 'CardContent'.
src/pages/admin/TariffSetting.tsx(151,18): error TS2304: Cannot find name 'Input'.
src/pages/admin/TariffSetting.tsx(162,18): error TS2304: Cannot find name 'Input'.
src/pages/admin/TariffSetting.tsx(194,20): error TS2304: Cannot find name 'Input'.
src/pages/admin/TariffSetting.tsx(202,20): error TS2304: Cannot find name 'Input'.
src/pages/admin/TariffSetting.tsx(216,18): error TS2304: Cannot find name 'Input'.
src/pages/admin/TariffSetting.tsx(235,18): error TS2304: Cannot find name 'Input'.
src/pages/admin/TariffSetting.tsx(246,16): error TS2304: Cannot find name 'Button'.
src/pages/admin/TariffSetting.tsx(263,17): error TS2304: Cannot find name 'Button'.
src/pages/admin/TariffSetting.tsx(264,16): error TS2304: Cannot find name 'Button'.
src/pages/admin/TariffSetting.tsx(271,17): error TS2304: Cannot find name 'Button'.
src/pages/admin/TariffSetting.tsx(273,13): error TS2304: Cannot find name 'CardContent'.
src/pages/admin/TariffSetting.tsx(274,11): error TS2304: Cannot find name 'Card'.
src/pages/admin/TariffSetting.tsx(278,8): error TS2304: Cannot find name 'Card'.
src/pages/admin/TariffSetting.tsx(279,10): error TS2304: Cannot find name 'CardHeader'.
src/pages/admin/TariffSetting.tsx(280,12): error TS2304: Cannot find name 'CardTitle'.
src/pages/admin/TariffSetting.tsx(280,67): error TS2304: Cannot find name 'CardTitle'.
src/pages/admin/TariffSetting.tsx(281,11): error TS2304: Cannot find name 'CardHeader'.
src/pages/admin/TariffSetting.tsx(282,10): error TS2304: Cannot find name 'CardContent'.
src/pages/admin/TariffSetting.tsx(300,26): error TS2304: Cannot find name 'Globe'.
src/pages/admin/TariffSetting.tsx(324,26): error TS2304: Cannot find name 'Button'.
src/pages/admin/TariffSetting.tsx(329,28): error TS2304: Cannot find name 'Edit'.
src/pages/admin/TariffSetting.tsx(330,27): error TS2304: Cannot find name 'Button'.
src/pages/admin/TariffSetting.tsx(331,26): error TS2304: Cannot find name 'Button'.
src/pages/admin/TariffSetting.tsx(337,28): error TS2304: Cannot find name 'Trash2'.
src/pages/admin/TariffSetting.tsx(338,27): error TS2304: Cannot find name 'Button'.
src/pages/admin/TariffSetting.tsx(346,11): error TS2304: Cannot find name 'CardContent'.
src/pages/admin/TariffSetting.tsx(347,9): error TS2304: Cannot find name 'Card'.
src/pages/admin/TariffSetting.tsx(351,10): error TS2304: Cannot find name 'Card'.
src/pages/admin/TariffSetting.tsx(352,12): error TS2304: Cannot find name 'CardContent'.
src/pages/admin/TariffSetting.tsx(357,13): error TS2304: Cannot find name 'CardContent'.
src/pages/admin/TariffSetting.tsx(358,11): error TS2304: Cannot find name 'Card'.
src/pages/admin/TariffSetting.tsx(360,10): error TS2304: Cannot find name 'Card'.
src/pages/admin/TariffSetting.tsx(361,12): error TS2304: Cannot find name 'CardContent'.
src/pages/admin/TariffSetting.tsx(368,13): error TS2304: Cannot find name 'CardContent'.
src/pages/admin/TariffSetting.tsx(369,11): error TS2304: Cannot find name 'Card'.
src/pages/admin/TariffSetting.tsx(371,10): error TS2304: Cannot find name 'Card'.
src/pages/admin/TariffSetting.tsx(372,12): error TS2304: Cannot find name 'CardContent'.
src/pages/admin/TariffSetting.tsx(379,13): error TS2304: Cannot find name 'CardContent'.
src/pages/admin/TariffSetting.tsx(380,11): error TS2304: Cannot find name 'Card'.
src/pages/admin/way-management/InOfficeReceivePage.tsx(26,23): error TS2307: Cannot find module 'sonner' or its corresponding type declarations.
src/pages/admin/way-management/InOfficeReceivePage.tsx(123,14): error TS2304: Cannot find name 'ArrowLeft'.
src/pages/admin/way-management/InOfficeReceivePage.tsx(141,8): error TS2304: Cannot find name 'AnimatePresence'.
src/pages/admin/way-management/InOfficeReceivePage.tsx(143,12): error TS2304: Cannot find name 'motion'.
src/pages/admin/way-management/InOfficeReceivePage.tsx(363,26): error TS2304: Cannot find name 'Save'.
src/pages/admin/way-management/InOfficeReceivePage.tsx(383,13): error TS2304: Cannot find name 'motion'.
src/pages/admin/way-management/InOfficeReceivePage.tsx(385,12): error TS2304: Cannot find name 'motion'.
src/pages/admin/way-management/InOfficeReceivePage.tsx(477,20): error TS2304: Cannot find name 'Printer'.
src/pages/admin/way-management/InOfficeReceivePage.tsx(486,13): error TS2304: Cannot find name 'motion'.
src/pages/admin/way-management/InOfficeReceivePage.tsx(488,9): error TS2304: Cannot find name 'AnimatePresence'.
src/pages/admin/way-management/TrackingMapPage.tsx(85,14): error TS2304: Cannot find name 'MapPin'.
src/pages/admin/way-management/TrackingMapPage.tsx(101,14): error TS2304: Cannot find name 'Search'.
src/pages/admin/way-management/TrackingMapPage.tsx(132,14): error TS2304: Cannot find name 'motion'.
src/pages/admin/way-management/TrackingMapPage.tsx(139,18): error TS2304: Cannot find name 'motion'.
src/pages/admin/way-management/TrackingMapPage.tsx(196,19): error TS2304: Cannot find name 'motion'.
src/pages/admin/way-management/TrackingMapPage.tsx(198,15): error TS2304: Cannot find name 'motion'.
src/pages/admin/way-management/TrackingMapPage.tsx(208,18): error TS2304: Cannot find name 'motion'.
src/pages/admin/way-management/TrackingMapPage.tsx(225,22): error TS2304: Cannot find name 'motion'.
src/pages/admin/way-management/TrackingMapPage.tsx(239,18): error TS2304: Cannot find name 'AnimatePresence'.
src/pages/admin/way-management/TrackingMapPage.tsx(241,22): error TS2304: Cannot find name 'motion'.
src/pages/admin/way-management/TrackingMapPage.tsx(257,28): error TS2304: Cannot find name 'motion'.
src/pages/admin/way-management/TrackingMapPage.tsx(281,23): error TS2304: Cannot find name 'motion'.
src/pages/admin/way-management/TrackingMapPage.tsx(283,19): error TS2304: Cannot find name 'AnimatePresence'.
src/pages/admin/way-management/TrackingMapPage.tsx(294,22): error TS2304: Cannot find name 'Navigation'.
src/pages/admin/way-management/TrackingMapPage.tsx(318,12): error TS2304: Cannot find name 'AnimatePresence'.
src/pages/admin/way-management/TrackingMapPage.tsx(320,16): error TS2304: Cannot find name 'motion'.
src/pages/admin/way-management/TrackingMapPage.tsx(367,26): error TS2304: Cannot find name 'MapPin'.
src/pages/admin/way-management/TrackingMapPage.tsx(387,17): error TS2304: Cannot find name 'motion'.
src/pages/admin/way-management/TrackingMapPage.tsx(389,13): error TS2304: Cannot find name 'AnimatePresence'.
src/pages/AdminDashboard.tsx(2,20): error TS2304: Cannot find name 'useAuth'.
src/pages/AdminDashboard.tsx(9,13): error TS2607: JSX element class does not support attributes because it does not have a 'props' property.
src/pages/AdminDashboard.tsx(9,14): error TS2786: 'Lock' cannot be used as a JSX component.
  Its type '{ new (): Lock; prototype: Lock; }' is not a valid JSX element type.
    Type '{ new (): Lock; prototype: Lock; }' is not assignable to type 'new (props: any, deprecatedLegacyContext?: any) => Component<any, any, any>'.
      Type 'Lock' is missing the following properties from type 'Component<any, any, any>': context, setState, forceUpdate, render, and 3 more.
src/pages/AdminDashboard.tsx(16,13): error TS2304: Cannot find name 'Activity'.
src/pages/AdminDashboard.tsx(22,10): error TS2304: Cannot find name 'Card'.
src/pages/AdminDashboard.tsx(22,58): error TS2304: Cannot find name 'CardContent'.
src/pages/AdminDashboard.tsx(22,111): error TS2304: Cannot find name 'Users'.
src/pages/AdminDashboard.tsx(22,302): error TS2304: Cannot find name 'CardContent'.
src/pages/AdminDashboard.tsx(22,316): error TS2304: Cannot find name 'Card'.
src/pages/AdminDashboard.tsx(23,10): error TS2304: Cannot find name 'Card'.
src/pages/AdminDashboard.tsx(23,58): error TS2304: Cannot find name 'CardContent'.
src/pages/AdminDashboard.tsx(23,111): error TS2304: Cannot find name 'Database'.
src/pages/AdminDashboard.tsx(23,302): error TS2304: Cannot find name 'CardContent'.
src/pages/AdminDashboard.tsx(23,316): error TS2304: Cannot find name 'Card'.
src/pages/AdminDashboard.tsx(29,15): error TS2304: Cannot find name 'Settings'.
src/pages/AdminDashboard.tsx(38,51): error TS2304: Cannot find name 'AuditFeed'.
src/pages/AdminDashboard.tsx(38,64): error TS2304: Cannot find name 'FleetStatus'.
src/pages/AdvancedLogistics.tsx(16,11): error TS2451: Cannot redeclare block-scoped variable 't'.
src/pages/AdvancedLogistics.tsx(17,11): error TS2451: Cannot redeclare block-scoped variable 't'.
src/pages/AdvancedLogistics.tsx(18,11): error TS2451: Cannot redeclare block-scoped variable 't'.
src/pages/AdvancedLogistics.tsx(19,11): error TS2451: Cannot redeclare block-scoped variable 't'.
src/pages/AdvancedLogistics.tsx(20,37): error TS2304: Cannot find name 'useState'.
src/pages/AdvancedLogistics.tsx(21,37): error TS2304: Cannot find name 'useState'.
src/pages/AdvancedLogistics.tsx(38,23): error TS2339: Property 'SCREENSHOT3650_2_58' does not exist on type '{ readonly ANALYTICS_DASH_2: "https://images.unsplash.com/photo-1686061593213-98dad7c599b9?crop=entropy&cs=tinysrgb&fit=max&fm=jpg&ixid=M3w4Mzc5NTV8MHwxfHNlYXJjaHw5fHxkYXNoYm9hcmQlMjBhbmFseXRpY3MlMjBjaGFydHN8ZW58MHwwfHx8MTc3MDE4NjM2MXww&ixlib=rb-4.1.0&q=80&w=1080"; ... 105 more ...; readonly WAREHOUSE_OPS_9: "https:...'.
src/pages/AdvancedLogistics.tsx(47,10): error TS2304: Cannot find name 'motion'.
src/pages/AdvancedLogistics.tsx(77,16): error TS2304: Cannot find name 'Settings'.
src/pages/AdvancedLogistics.tsx(80,16): error TS2304: Cannot find name 'LayoutDashboard'.
src/pages/AdvancedLogistics.tsx(83,11): error TS2304: Cannot find name 'motion'.
src/pages/AdvancedLogistics.tsx(90,18): error TS2304: Cannot find name 'Activity'.
src/pages/AdvancedLogistics.tsx(93,18): error TS2304: Cannot find name 'Navigation'.
src/pages/AdvancedLogistics.tsx(96,18): error TS2304: Cannot find name 'PenTool'.
src/pages/AdvancedLogistics.tsx(99,18): error TS2304: Cannot find name 'Database'.
src/pages/AdvancedLogistics.tsx(111,12): error TS2304: Cannot find name 'AnimatePresence'.
src/pages/AdvancedLogistics.tsx(113,16): error TS2304: Cannot find name 'motion'.
src/pages/AdvancedLogistics.tsx(121,26): error TS2304: Cannot find name 'Clock'.
src/pages/AdvancedLogistics.tsx(138,26): error TS2304: Cannot find name 'Shield'.
src/pages/AdvancedLogistics.tsx(146,17): error TS2304: Cannot find name 'motion'.
src/pages/AdvancedLogistics.tsx(151,18): error TS2304: Cannot find name 'ElectronicSignaturePad'.
src/pages/AdvancedLogistics.tsx(158,13): error TS2304: Cannot find name 'AnimatePresence'.
src/pages/Analytics.tsx(4,17): error TS2304: Cannot find name 'useLanguageContext'.
src/pages/Analytics.tsx(6,47): error TS2304: Cannot find name 'useShipments'.
src/pages/Analytics.tsx(8,25): error TS2304: Cannot find name 'useMemo'.
src/pages/Analytics.tsx(24,47): error TS2304: Cannot find name 'Shipment'.
src/pages/Analytics.tsx(59,18): error TS2304: Cannot find name 'formatCurrency'.
src/pages/Analytics.tsx(85,14): error TS2304: Cannot find name 'ResponsiveContainer'.
src/pages/Analytics.tsx(86,16): error TS2304: Cannot find name 'PieChart'.
src/pages/Analytics.tsx(87,18): error TS2304: Cannot find name 'Pie'.
src/pages/Analytics.tsx(95,22): error TS2304: Cannot find name 'Cell'.
src/pages/Analytics.tsx(97,19): error TS2304: Cannot find name 'Pie'.
src/pages/Analytics.tsx(98,18): error TS2304: Cannot find name 'Tooltip'.
src/pages/Analytics.tsx(99,17): error TS2304: Cannot find name 'PieChart'.
src/pages/Analytics.tsx(100,15): error TS2304: Cannot find name 'ResponsiveContainer'.
src/pages/AuditLogs.tsx(25,11): error TS2451: Cannot redeclare block-scoped variable 't'.
src/pages/AuditLogs.tsx(25,17): error TS2304: Cannot find name 'useLanguageContext'.
src/pages/AuditLogs.tsx(26,11): error TS2451: Cannot redeclare block-scoped variable 't'.
src/pages/AuditLogs.tsx(26,17): error TS2304: Cannot find name 'useLanguageContext'.
src/pages/AuditLogs.tsx(27,11): error TS2451: Cannot redeclare block-scoped variable 't'.
src/pages/AuditLogs.tsx(27,17): error TS2304: Cannot find name 'useLanguageContext'.
src/pages/AuditLogs.tsx(40,19): error TS2304: Cannot find name 'supabase'.
src/pages/AuditLogs.tsx(76,14): error TS2304: Cannot find name 'FileText'.
src/pages/AuditLogs.tsx(81,10): error TS2304: Cannot find name 'Button'.
src/pages/AuditLogs.tsx(84,11): error TS2304: Cannot find name 'Button'.
src/pages/Calculator.tsx(3,11): error TS2451: Cannot redeclare block-scoped variable 't'.
src/pages/Calculator.tsx(3,17): error TS2304: Cannot find name 'useLanguageContext'.
src/pages/Calculator.tsx(4,11): error TS2451: Cannot redeclare block-scoped variable 't'.
src/pages/Calculator.tsx(4,17): error TS2304: Cannot find name 'useLanguageContext'.
src/pages/Calculator.tsx(5,11): error TS2451: Cannot redeclare block-scoped variable 't'.
src/pages/Calculator.tsx(5,17): error TS2304: Cannot find name 'useLanguageContext'.
src/pages/Calculator.tsx(6,31): error TS2304: Cannot find name 'useState'.
src/pages/Calculator.tsx(7,49): error TS2304: Cannot find name 'useState'.
src/pages/Calculator.tsx(8,31): error TS2304: Cannot find name 'useState'.
src/pages/Calculator.tsx(8,40): error TS2304: Cannot find name 'Result'.
src/pages/Calculator.tsx(42,12): error TS2304: Cannot find name 'CalcIcon'.
src/pages/CreateShipment.tsx(7,10): error TS2724: '"@/components/ShipmentForms"' has no exported member named 'CreateShipmentForm'. Did you mean 'ShipmentForms'?
src/pages/CreateShipment.tsx(15,11): error TS2451: Cannot redeclare block-scoped variable 't'.
src/pages/CreateShipment.tsx(16,11): error TS2451: Cannot redeclare block-scoped variable 't'.
src/pages/CreateShipment.tsx(17,11): error TS2451: Cannot redeclare block-scoped variable 't'.
src/pages/CreateShipment.tsx(18,20): error TS2304: Cannot find name 'useNavigate'.
src/pages/CreateShipment.tsx(19,11): error TS2451: Cannot redeclare block-scoped variable 't'.
src/pages/CreateShipment.tsx(24,7): error TS2304: Cannot find name 'toast'.
src/pages/CreateShipment.tsx(77,5): error TS2304: Cannot find name 'toast'.
src/pages/CreateShipment.tsx(94,6): error TS2304: Cannot find name 'motion'.
src/pages/CreateShipment.tsx(105,14): error TS2304: Cannot find name 'Button'.
src/pages/CreateShipment.tsx(111,16): error TS2304: Cannot find name 'ChevronLeft'.
src/pages/CreateShipment.tsx(113,15): error TS2304: Cannot find name 'Button'.
src/pages/CreateShipment.tsx(116,14): error TS2304: Cannot find name 'PackagePlus'.
src/pages/CreateShipment.tsx(131,12): error TS2304: Cannot find name 'Card'.
src/pages/CreateShipment.tsx(132,14): error TS2304: Cannot find name 'CardHeader'.
src/pages/CreateShipment.tsx(133,16): error TS2304: Cannot find name 'CardTitle'.
src/pages/CreateShipment.tsx(133,79): error TS2304: Cannot find name 'CardTitle'.
src/pages/CreateShipment.tsx(134,16): error TS2304: Cannot find name 'CardDescription'.
src/pages/CreateShipment.tsx(139,17): error TS2304: Cannot find name 'CardDescription'.
src/pages/CreateShipment.tsx(140,15): error TS2304: Cannot find name 'CardHeader'.
src/pages/CreateShipment.tsx(141,14): error TS2304: Cannot find name 'CardContent'.
src/pages/CreateShipment.tsx(143,15): error TS2304: Cannot find name 'CardContent'.
src/pages/CreateShipment.tsx(144,13): error TS2304: Cannot find name 'Card'.
src/pages/CreateShipment.tsx(149,12): error TS2304: Cannot find name 'Card'.
src/pages/CreateShipment.tsx(150,14): error TS2304: Cannot find name 'CardHeader'.
src/pages/CreateShipment.tsx(151,16): error TS2304: Cannot find name 'CardTitle'.
src/pages/CreateShipment.tsx(152,18): error TS2304: Cannot find name 'Info'.
src/pages/CreateShipment.tsx(154,17): error TS2304: Cannot find name 'CardTitle'.
src/pages/CreateShipment.tsx(155,15): error TS2304: Cannot find name 'CardHeader'.
src/pages/CreateShipment.tsx(156,14): error TS2304: Cannot find name 'CardContent'.
src/pages/CreateShipment.tsx(173,15): error TS2304: Cannot find name 'CardContent'.
src/pages/CreateShipment.tsx(174,13): error TS2304: Cannot find name 'Card'.
src/pages/CreateShipment.tsx(177,7): error TS2304: Cannot find name 'motion'.
src/pages/customer-service/CustomerServiceDashboard.tsx(16,11): error TS2451: Cannot redeclare block-scoped variable 't'.
src/pages/customer-service/CustomerServiceDashboard.tsx(16,17): error TS2304: Cannot find name 'useLanguageContext'.
src/pages/customer-service/CustomerServiceDashboard.tsx(17,11): error TS2451: Cannot redeclare block-scoped variable 't'.
src/pages/customer-service/CustomerServiceDashboard.tsx(17,17): error TS2304: Cannot find name 'useLanguageContext'.
src/pages/customer-service/CustomerServiceDashboard.tsx(18,11): error TS2451: Cannot redeclare block-scoped variable 't'.
src/pages/customer-service/CustomerServiceDashboard.tsx(18,17): error TS2304: Cannot find name 'useLanguageContext'.
src/pages/customer-service/CustomerServiceDashboard.tsx(19,11): error TS2451: Cannot redeclare block-scoped variable 't'.
src/pages/customer-service/CustomerServiceDashboard.tsx(19,17): error TS2304: Cannot find name 'useLanguageContext'.
src/pages/customer-service/CustomerServiceDashboard.tsx(20,52): error TS2749: 'CustomerServiceInteraction' refers to a value, but is being used as a type here. Did you mean 'typeof CustomerServiceInteraction'?
src/pages/customer-service/CustomerServiceDashboard.tsx(45,71): error TS2749: 'CustomerServiceInteraction' refers to a value, but is being used as a type here. Did you mean 'typeof CustomerServiceInteraction'?
src/pages/customer-service/CustomerServiceDashboard.tsx(119,17): error TS2304: Cannot find name 'MessageSquare'.
src/pages/customer-service/CustomerServiceDashboard.tsx(133,17): error TS2304: Cannot find name 'CheckCircle'.
src/pages/customer-service/CustomerServiceDashboard.tsx(158,20): error TS2304: Cannot find name 'Clock'.
src/pages/customer-service/CustomerServiceDashboard.tsx(166,20): error TS2304: Cannot find name 'CheckCircle'.
src/pages/customer/CustomerSupport.tsx(12,26): error TS2306: File 'D:/final1_23022026/src/components/ui/use-toast.ts' is not a module.
src/pages/customer/CustomerSupport.tsx(33,11): error TS2451: Cannot redeclare block-scoped variable 't'.
src/pages/customer/CustomerSupport.tsx(34,11): error TS2451: Cannot redeclare block-scoped variable 't'.
src/pages/customer/CustomerSupport.tsx(35,11): error TS2451: Cannot redeclare block-scoped variable 't'.
src/pages/customer/CustomerSupport.tsx(37,11): error TS2451: Cannot redeclare block-scoped variable 't'.
src/pages/customer/CustomerSupport.tsx(39,41): error TS2304: Cannot find name 'useState'.
src/pages/customer/CustomerSupport.tsx(40,41): error TS2304: Cannot find name 'useState'.
src/pages/customer/CustomerSupport.tsx(41,49): error TS2304: Cannot find name 'useState'.
src/pages/customer/CustomerSupport.tsx(66,8): error TS2304: Cannot find name 'motion'.
src/pages/customer/CustomerSupport.tsx(74,38): error TS2304: Cannot find name 'Phone'.
src/pages/customer/CustomerSupport.tsx(75,67): error TS2304: Cannot find name 'Plus'.
src/pages/customer/CustomerSupport.tsx(77,9): error TS2304: Cannot find name 'motion'.
src/pages/customer/CustomerSupport.tsx(80,8): error TS2304: Cannot find name 'motion'.
src/pages/customer/CustomerSupport.tsx(81,10): error TS2304: Cannot find name 'Search'.
src/pages/customer/CustomerSupport.tsx(88,9): error TS2304: Cannot find name 'motion'.
src/pages/customer/CustomerSupport.tsx(97,18): error TS2304: Cannot find name 'ShipmentIcon'.
src/pages/customer/CustomerSupport.tsx(101,18): error TS2304: Cannot find name 'AlertCircle'.
src/pages/customer/CustomerSupport.tsx(134,24): error TS2304: Cannot find name 'Clock'.
src/pages/customer/CustomerSupport.tsx(148,18): error TS2304: Cannot find name 'MessageSquare'.
src/pages/customer/CustomerSupport.tsx(161,66): error TS2304: Cannot find name 'Send'.
src/pages/CustomerBooking.tsx(20,11): error TS2451: Cannot redeclare block-scoped variable 't'.
src/pages/CustomerBooking.tsx(20,17): error TS2304: Cannot find name 'useLanguageContext'.
src/pages/CustomerBooking.tsx(21,11): error TS2451: Cannot redeclare block-scoped variable 't'.
src/pages/CustomerBooking.tsx(21,17): error TS2304: Cannot find name 'useLanguageContext'.
src/pages/CustomerBooking.tsx(22,11): error TS2451: Cannot redeclare block-scoped variable 't'.
src/pages/CustomerBooking.tsx(22,17): error TS2304: Cannot find name 'useLanguageContext'.
src/pages/CustomerBooking.tsx(24,20): error TS2304: Cannot find name 'useNavigate'.
src/pages/CustomerBooking.tsx(116,20): error TS2304: Cannot find name 'User'.
src/pages/CustomerBooking.tsx(156,20): error TS2304: Cannot find name 'MapPin'.
src/pages/CustomerBooking.tsx(230,20): error TS2304: Cannot find name 'Package'.
src/pages/CustomerBooking.tsx(310,20): error TS2304: Cannot find name 'Calculator'.
src/pages/CustomerDashboard.tsx(32,11): error TS2451: Cannot redeclare block-scoped variable 't'.
src/pages/CustomerDashboard.tsx(33,11): error TS2451: Cannot redeclare block-scoped variable 't'.
src/pages/CustomerDashboard.tsx(34,11): error TS2451: Cannot redeclare block-scoped variable 't'.
src/pages/CustomerDashboard.tsx(35,11): error TS2451: Cannot redeclare block-scoped variable 't'.
src/pages/CustomerDashboard.tsx(50,41): error TS2304: Cannot find name 'Plus'.
src/pages/CustomerDashboard.tsx(65,16): error TS2304: Cannot find name 'Search'.
src/pages/CustomerProfile.tsx(15,10): error TS2300: Duplicate identifier 'useAuth'.
src/pages/CustomerProfile.tsx(17,10): error TS2300: Duplicate identifier 'useAuth'.
src/pages/CustomerProfile.tsx(21,11): error TS2451: Cannot redeclare block-scoped variable 't'.
src/pages/CustomerProfile.tsx(21,17): error TS2304: Cannot find name 'useLanguageContext'.
src/pages/CustomerProfile.tsx(22,11): error TS2451: Cannot redeclare block-scoped variable 't'.
src/pages/CustomerProfile.tsx(22,17): error TS2304: Cannot find name 'useLanguageContext'.
src/pages/CustomerProfile.tsx(23,11): error TS2451: Cannot redeclare block-scoped variable 't'.
src/pages/CustomerProfile.tsx(23,17): error TS2304: Cannot find name 'useLanguageContext'.
src/pages/CustomerProfile.tsx(25,20): error TS2304: Cannot find name 'useNavigate'.
src/pages/CustomerProfile.tsx(98,20): error TS2304: Cannot find name 'Camera'.
src/pages/CustomerProfile.tsx(109,18): error TS2304: Cannot find name 'Camera'.
src/pages/CustomerProfile.tsx(125,17): error TS2607: JSX element class does not support attributes because it does not have a 'props' property.
src/pages/CustomerProfile.tsx(125,18): error TS2786: 'Lock' cannot be used as a JSX component.
  Its type '{ new (): Lock; prototype: Lock; }' is not a valid JSX element type.
    Type '{ new (): Lock; prototype: Lock; }' is not assignable to type 'new (props: any, deprecatedLegacyContext?: any) => Component<any, any, any>'.
      Type 'Lock' is missing the following properties from type 'Component<any, any, any>': context, setState, forceUpdate, render, and 3 more.
src/pages/CustomerProfile.tsx(172,18): error TS2304: Cannot find name 'User'.
src/pages/CustomerProfile.tsx(251,18): error TS2304: Cannot find name 'MapPin'.
src/pages/CustomerShipments.tsx(16,11): error TS2451: Cannot redeclare block-scoped variable 't'.
src/pages/CustomerShipments.tsx(17,11): error TS2451: Cannot redeclare block-scoped variable 't'.
src/pages/CustomerShipments.tsx(18,11): error TS2451: Cannot redeclare block-scoped variable 't'.
src/pages/CustomerShipments.tsx(19,11): error TS2451: Cannot redeclare block-scoped variable 't'.
src/pages/CustomerShipments.tsx(78,12): error TS2304: Cannot find name 'Link'.
src/pages/CustomerShipments.tsx(78,33): error TS2339: Property 'CUSTOMER_BOOKING' does not exist on type '{ readonly HOME: "/"; readonly LOGIN: "/login"; readonly DASHBOARD: "/admin/dashboard"; readonly CUSTOMER_DASHBOARD: "/customer/dashboard"; readonly MERCHANT_DASHBOARD: "/merchant/dashboard"; ... 26 more ...; readonly OFFICE: { ...; }; }'.
src/pages/CustomerShipments.tsx(81,13): error TS2304: Cannot find name 'Link'.
src/pages/CustomerShipments.tsx(91,18): error TS2304: Cannot find name 'Search'.
src/pages/CustomerShipments.tsx(158,28): error TS2304: Cannot find name 'Eye'.
src/pages/CustomerShipments.tsx(175,16): error TS2304: Cannot find name 'Package'.
src/pages/DatabaseTestPage.tsx(6,33): error TS2304: Cannot find name 'useState'.
src/pages/DatabaseTestPage.tsx(7,51): error TS2304: Cannot find name 'useState'.
src/pages/DatabaseTestPage.tsx(8,41): error TS2304: Cannot find name 'useState'.
src/pages/DatabaseTestPage.tsx(9,41): error TS2304: Cannot find name 'useState'.
src/pages/DatabaseTestPage.tsx(19,58): error TS2304: Cannot find name 'supabase'.
src/pages/DatabaseTestPage.tsx(28,62): error TS2304: Cannot find name 'supabase'.
src/pages/DatabaseTestPage.tsx(41,66): error TS2304: Cannot find name 'supabase'.
src/pages/DatabaseTestPage.tsx(54,66): error TS2304: Cannot find name 'supabase'.
src/pages/DatabaseTestPage.tsx(97,37): error TS2304: Cannot find name 'supabase'.
src/pages/DatabaseTestPage.tsx(159,10): error TS2304: Cannot find name 'Card'.
src/pages/DatabaseTestPage.tsx(160,12): error TS2304: Cannot find name 'CardHeader'.
src/pages/DatabaseTestPage.tsx(161,14): error TS2304: Cannot find name 'CardTitle'.
src/pages/DatabaseTestPage.tsx(161,41): error TS2304: Cannot find name 'CardTitle'.
src/pages/DatabaseTestPage.tsx(162,13): error TS2304: Cannot find name 'CardHeader'.
src/pages/DatabaseTestPage.tsx(163,12): error TS2304: Cannot find name 'CardContent'.
src/pages/DatabaseTestPage.tsx(164,14): error TS2304: Cannot find name 'Button'.
src/pages/DatabaseTestPage.tsx(180,15): error TS2304: Cannot find name 'Button'.
src/pages/DatabaseTestPage.tsx(196,13): error TS2304: Cannot find name 'CardContent'.
src/pages/DatabaseTestPage.tsx(197,11): error TS2304: Cannot find name 'Card'.
src/pages/DatabaseTestPage.tsx(200,10): error TS2304: Cannot find name 'Card'.
src/pages/DatabaseTestPage.tsx(201,12): error TS2304: Cannot find name 'CardHeader'.
src/pages/DatabaseTestPage.tsx(202,14): error TS2304: Cannot find name 'CardTitle'.
src/pages/DatabaseTestPage.tsx(202,37): error TS2304: Cannot find name 'CardTitle'.
src/pages/DatabaseTestPage.tsx(203,13): error TS2304: Cannot find name 'CardHeader'.
src/pages/DatabaseTestPage.tsx(204,12): error TS2304: Cannot find name 'CardContent'.
src/pages/DatabaseTestPage.tsx(206,16): error TS2304: Cannot find name 'Label'.
src/pages/DatabaseTestPage.tsx(206,64): error TS2304: Cannot find name 'Label'.
src/pages/DatabaseTestPage.tsx(207,16): error TS2304: Cannot find name 'Input'.
src/pages/DatabaseTestPage.tsx(215,14): error TS2304: Cannot find name 'Button'.
src/pages/DatabaseTestPage.tsx(228,15): error TS2304: Cannot find name 'Button'.
src/pages/DatabaseTestPage.tsx(229,13): error TS2304: Cannot find name 'CardContent'.
src/pages/DatabaseTestPage.tsx(230,11): error TS2304: Cannot find name 'Card'.
src/pages/DatabaseTestPage.tsx(234,8): error TS2304: Cannot find name 'Card'.
src/pages/DatabaseTestPage.tsx(235,10): error TS2304: Cannot find name 'CardHeader'.
src/pages/DatabaseTestPage.tsx(236,12): error TS2304: Cannot find name 'CardTitle'.
src/pages/DatabaseTestPage.tsx(236,41): error TS2304: Cannot find name 'CardTitle'.
src/pages/DatabaseTestPage.tsx(237,11): error TS2304: Cannot find name 'CardHeader'.
src/pages/DatabaseTestPage.tsx(238,10): error TS2304: Cannot find name 'CardContent'.
src/pages/DatabaseTestPage.tsx(248,11): error TS2304: Cannot find name 'CardContent'.
src/pages/DatabaseTestPage.tsx(249,9): error TS2304: Cannot find name 'Card'.
src/pages/ElectronicSignatureManagement.tsx(22,10): error TS2724: '"@/services/advanced-features-api"' has no exported member named 'advancedFeaturesAPI'. Did you mean 'advancedFeaturesApi'?
src/pages/ElectronicSignatureManagement.tsx(66,11): error TS2451: Cannot redeclare block-scoped variable 't'.
src/pages/ElectronicSignatureManagement.tsx(67,11): error TS2451: Cannot redeclare block-scoped variable 't'.
src/pages/ElectronicSignatureManagement.tsx(68,11): error TS2451: Cannot redeclare block-scoped variable 't'.
src/pages/ElectronicSignatureManagement.tsx(69,11): error TS2451: Cannot redeclare block-scoped variable 't'.
src/pages/ElectronicSignatureManagement.tsx(289,8): error TS2304: Cannot find name 'Card'.
src/pages/ElectronicSignatureManagement.tsx(290,10): error TS2304: Cannot find name 'CardHeader'.
src/pages/ElectronicSignatureManagement.tsx(291,12): error TS2304: Cannot find name 'CardTitle'.
src/pages/ElectronicSignatureManagement.tsx(294,13): error TS2304: Cannot find name 'CardTitle'.
src/pages/ElectronicSignatureManagement.tsx(295,11): error TS2304: Cannot find name 'CardHeader'.
src/pages/ElectronicSignatureManagement.tsx(296,10): error TS2304: Cannot find name 'CardContent'.
src/pages/ElectronicSignatureManagement.tsx(320,16): error TS2304: Cannot find name 'Input'.
src/pages/ElectronicSignatureManagement.tsx(332,16): error TS2304: Cannot find name 'Input'.
src/pages/ElectronicSignatureManagement.tsx(343,16): error TS2304: Cannot find name 'Input'.
src/pages/ElectronicSignatureManagement.tsx(372,14): error TS2304: Cannot find name 'Textarea'.
src/pages/ElectronicSignatureManagement.tsx(392,12): error TS2304: Cannot find name 'Button'.
src/pages/ElectronicSignatureManagement.tsx(404,13): error TS2304: Cannot find name 'Button'.
src/pages/ElectronicSignatureManagement.tsx(405,11): error TS2304: Cannot find name 'CardContent'.
src/pages/ElectronicSignatureManagement.tsx(406,9): error TS2304: Cannot find name 'Card'.
src/pages/ElectronicSignatureManagement.tsx(413,8): error TS2304: Cannot find name 'Card'.
src/pages/ElectronicSignatureManagement.tsx(414,10): error TS2304: Cannot find name 'CardContent'.
src/pages/ElectronicSignatureManagement.tsx(416,14): error TS2304: Cannot find name 'Input'.
src/pages/ElectronicSignatureManagement.tsx(446,11): error TS2304: Cannot find name 'CardContent'.
src/pages/ElectronicSignatureManagement.tsx(447,9): error TS2304: Cannot find name 'Card'.
src/pages/ElectronicSignatureManagement.tsx(457,12): error TS2304: Cannot find name 'Card'.
src/pages/ElectronicSignatureManagement.tsx(458,14): error TS2304: Cannot find name 'CardContent'.
src/pages/ElectronicSignatureManagement.tsx(463,15): error TS2304: Cannot find name 'CardContent'.
src/pages/ElectronicSignatureManagement.tsx(464,13): error TS2304: Cannot find name 'Card'.
src/pages/ElectronicSignatureManagement.tsx(467,14): error TS2304: Cannot find name 'Card'.
src/pages/ElectronicSignatureManagement.tsx(468,16): error TS2304: Cannot find name 'CardContent'.
src/pages/ElectronicSignatureManagement.tsx(474,24): error TS2304: Cannot find name 'Badge'.
src/pages/ElectronicSignatureManagement.tsx(482,25): error TS2304: Cannot find name 'Badge'.
src/pages/ElectronicSignatureManagement.tsx(538,22): error TS2304: Cannot find name 'Button'.
src/pages/ElectronicSignatureManagement.tsx(544,23): error TS2304: Cannot find name 'Button'.
src/pages/ElectronicSignatureManagement.tsx(545,22): error TS2304: Cannot find name 'Button'.
src/pages/ElectronicSignatureManagement.tsx(551,23): error TS2304: Cannot find name 'Button'.
src/pages/ElectronicSignatureManagement.tsx(554,17): error TS2304: Cannot find name 'CardContent'.
src/pages/ElectronicSignatureManagement.tsx(555,15): error TS2304: Cannot find name 'Card'.
src/pages/ElectronicSignatureManagement.tsx(564,8): error TS2304: Cannot find name 'Card'.
src/pages/ElectronicSignatureManagement.tsx(565,10): error TS2304: Cannot find name 'CardHeader'.
src/pages/ElectronicSignatureManagement.tsx(566,12): error TS2304: Cannot find name 'CardTitle'.
src/pages/ElectronicSignatureManagement.tsx(569,13): error TS2304: Cannot find name 'CardTitle'.
src/pages/ElectronicSignatureManagement.tsx(570,11): error TS2304: Cannot find name 'CardHeader'.
src/pages/ElectronicSignatureManagement.tsx(571,10): error TS2304: Cannot find name 'CardContent'.
src/pages/ElectronicSignatureManagement.tsx(586,18): error TS2304: Cannot find name 'Input'.
src/pages/ElectronicSignatureManagement.tsx(590,18): error TS2304: Cannot find name 'Button'.
src/pages/ElectronicSignatureManagement.tsx(593,19): error TS2304: Cannot find name 'Button'.
src/pages/ElectronicSignatureManagement.tsx(597,11): error TS2304: Cannot find name 'CardContent'.
src/pages/ElectronicSignatureManagement.tsx(598,9): error TS2304: Cannot find name 'Card'.
src/pages/ElectronicSignatureManagement.tsx(601,8): error TS2304: Cannot find name 'Card'.
src/pages/ElectronicSignatureManagement.tsx(602,10): error TS2304: Cannot find name 'CardHeader'.
src/pages/ElectronicSignatureManagement.tsx(603,12): error TS2304: Cannot find name 'CardTitle'.
src/pages/ElectronicSignatureManagement.tsx(605,13): error TS2304: Cannot find name 'CardTitle'.
src/pages/ElectronicSignatureManagement.tsx(606,11): error TS2304: Cannot find name 'CardHeader'.
src/pages/ElectronicSignatureManagement.tsx(607,10): error TS2304: Cannot find name 'CardContent'.
src/pages/ElectronicSignatureManagement.tsx(625,26): error TS2304: Cannot find name 'Badge'.
src/pages/ElectronicSignatureManagement.tsx(625,80): error TS2304: Cannot find name 'Badge'.
src/pages/ElectronicSignatureManagement.tsx(640,22): error TS2304: Cannot find name 'Button'.
src/pages/ElectronicSignatureManagement.tsx(646,23): error TS2304: Cannot find name 'Button'.
src/pages/ElectronicSignatureManagement.tsx(651,11): error TS2304: Cannot find name 'CardContent'.
src/pages/ElectronicSignatureManagement.tsx(652,9): error TS2304: Cannot find name 'Card'.
src/pages/ElectronicSignatureManagement.tsx(658,8): error TS2304: Cannot find name 'Card'.
src/pages/ElectronicSignatureManagement.tsx(659,10): error TS2304: Cannot find name 'CardHeader'.
src/pages/ElectronicSignatureManagement.tsx(660,12): error TS2304: Cannot find name 'CardTitle'.
src/pages/ElectronicSignatureManagement.tsx(665,14): error TS2304: Cannot find name 'Button'.
src/pages/ElectronicSignatureManagement.tsx(667,15): error TS2304: Cannot find name 'Button'.
src/pages/ElectronicSignatureManagement.tsx(668,13): error TS2304: Cannot find name 'CardTitle'.
src/pages/ElectronicSignatureManagement.tsx(669,11): error TS2304: Cannot find name 'CardHeader'.
src/pages/ElectronicSignatureManagement.tsx(670,10): error TS2304: Cannot find name 'CardContent'.
src/pages/ElectronicSignatureManagement.tsx(685,24): error TS2304: Cannot find name 'Badge'.
src/pages/ElectronicSignatureManagement.tsx(685,75): error TS2304: Cannot find name 'Badge'.
src/pages/ElectronicSignatureManagement.tsx(700,22): error TS2304: Cannot find name 'Button'.
src/pages/ElectronicSignatureManagement.tsx(702,23): error TS2304: Cannot find name 'Button'.
src/pages/ElectronicSignatureManagement.tsx(703,22): error TS2304: Cannot find name 'Button'.
src/pages/ElectronicSignatureManagement.tsx(705,23): error TS2304: Cannot find name 'Button'.
src/pages/ElectronicSignatureManagement.tsx(711,11): error TS2304: Cannot find name 'CardContent'.
src/pages/ElectronicSignatureManagement.tsx(712,9): error TS2304: Cannot find name 'Card'.
src/pages/ElectronicSignatureManagement.tsx(722,10): error TS2304: Cannot find name 'Button'.
src/pages/ElectronicSignatureManagement.tsx(725,11): error TS2304: Cannot find name 'Button'.
src/pages/ElectronicSignatureManagement.tsx(748,16): error TS2304: Cannot find name 'Badge'.
src/pages/ElectronicSignatureManagement.tsx(750,17): error TS2304: Cannot find name 'Badge'.
src/pages/ElectronicSignatureManagement.tsx(765,12): error TS2304: Cannot find name 'Card'.
src/pages/ElectronicSignatureManagement.tsx(766,14): error TS2304: Cannot find name 'CardHeader'.
src/pages/ElectronicSignatureManagement.tsx(767,16): error TS2304: Cannot find name 'CardTitle'.
src/pages/ElectronicSignatureManagement.tsx(769,18): error TS2304: Cannot find name 'Button'.
src/pages/ElectronicSignatureManagement.tsx(771,19): error TS2304: Cannot find name 'Button'.
src/pages/ElectronicSignatureManagement.tsx(772,17): error TS2304: Cannot find name 'CardTitle'.
src/pages/ElectronicSignatureManagement.tsx(773,15): error TS2304: Cannot find name 'CardHeader'.
src/pages/ElectronicSignatureManagement.tsx(774,14): error TS2304: Cannot find name 'CardContent'.
src/pages/ElectronicSignatureManagement.tsx(805,20): error TS2304: Cannot find name 'Badge'.
src/pages/ElectronicSignatureManagement.tsx(813,21): error TS2304: Cannot find name 'Badge'.
src/pages/ElectronicSignatureManagement.tsx(833,18): error TS2304: Cannot find name 'Button'.
src/pages/ElectronicSignatureManagement.tsx(836,19): error TS2304: Cannot find name 'Button'.
src/pages/ElectronicSignatureManagement.tsx(838,20): error TS2304: Cannot find name 'Button'.
src/pages/ElectronicSignatureManagement.tsx(844,21): error TS2304: Cannot find name 'Button'.
src/pages/ElectronicSignatureManagement.tsx(847,15): error TS2304: Cannot find name 'CardContent'.
src/pages/ElectronicSignatureManagement.tsx(848,13): error TS2304: Cannot find name 'Card'.
src/pages/EnhancedDashboard.tsx(22,26): error TS2306: File 'D:/final1_23022026/src/integrations/supabase/client.ts' is not a module.
src/pages/EnhancedDashboard.tsx(46,11): error TS2451: Cannot redeclare block-scoped variable 't'.
src/pages/EnhancedDashboard.tsx(46,17): error TS2304: Cannot find name 'useLanguageContext'.
src/pages/EnhancedDashboard.tsx(47,11): error TS2451: Cannot redeclare block-scoped variable 't'.
src/pages/EnhancedDashboard.tsx(47,17): error TS2304: Cannot find name 'useLanguageContext'.
src/pages/EnhancedDashboard.tsx(48,11): error TS2451: Cannot redeclare block-scoped variable 't'.
src/pages/EnhancedDashboard.tsx(48,17): error TS2304: Cannot find name 'useLanguageContext'.
src/pages/EnhancedDashboard.tsx(49,20): error TS2304: Cannot find name 'useAuth'.
src/pages/EnhancedDashboard.tsx(50,11): error TS2451: Cannot redeclare block-scoped variable 't'.
src/pages/EnhancedDashboard.tsx(50,27): error TS2304: Cannot find name 'useLanguageContext'.
src/pages/EnhancedDashboard.tsx(51,29): error TS2304: Cannot find name 'useState'.
src/pages/EnhancedDashboard.tsx(61,47): error TS2304: Cannot find name 'useState'.
src/pages/EnhancedDashboard.tsx(62,33): error TS2304: Cannot find name 'useState'.
src/pages/EnhancedDashboard.tsx(64,3): error TS2304: Cannot find name 'useEffect'.
src/pages/EnhancedDashboard.tsx(211,8): error TS2304: Cannot find name 'motion'.
src/pages/EnhancedDashboard.tsx(238,9): error TS2304: Cannot find name 'motion'.
src/pages/EnhancedDashboard.tsx(241,8): error TS2304: Cannot find name 'motion'.
src/pages/EnhancedDashboard.tsx(310,9): error TS2304: Cannot find name 'motion'.
src/pages/EnhancedDashboard.tsx(315,10): error TS2304: Cannot find name 'motion'.
src/pages/EnhancedDashboard.tsx(334,20): error TS2304: Cannot find name 'motion'.
src/pages/EnhancedDashboard.tsx(351,21): error TS2304: Cannot find name 'motion'.
src/pages/EnhancedDashboard.tsx(356,11): error TS2304: Cannot find name 'motion'.
src/pages/EnhancedDashboard.tsx(359,10): error TS2304: Cannot find name 'motion'.
src/pages/EnhancedDashboard.tsx(462,11): error TS2304: Cannot find name 'motion'.
src/pages/Fleet.tsx(36,11): error TS2451: Cannot redeclare block-scoped variable 't'.
src/pages/Fleet.tsx(37,11): error TS2451: Cannot redeclare block-scoped variable 't'.
src/pages/Fleet.tsx(38,11): error TS2451: Cannot redeclare block-scoped variable 't'.
src/pages/Fleet.tsx(39,11): error TS2451: Cannot redeclare block-scoped variable 't'.
src/pages/Fleet.tsx(40,41): error TS2304: Cannot find name 'useState'.
src/pages/Fleet.tsx(41,37): error TS2304: Cannot find name 'useState'.
src/pages/Fleet.tsx(57,10): error TS2304: Cannot find name 'motion'.
src/pages/Fleet.tsx(67,11): error TS2304: Cannot find name 'motion'.
src/pages/Fleet.tsx(71,14): error TS2304: Cannot find name 'Wrench'.
src/pages/Fleet.tsx(74,14): error TS2304: Cannot find name 'Plus'.
src/pages/Fleet.tsx(81,108): error TS2304: Cannot find name 'Truck'.
src/pages/Fleet.tsx(82,116): error TS2304: Cannot find name 'Fuel'.
src/pages/Fleet.tsx(83,114): error TS2304: Cannot find name 'AlertTriangle'.
src/pages/Fleet.tsx(84,119): error TS2304: Cannot find name 'Users'.
src/pages/Fleet.tsx(91,62): error TS2304: Cannot find name 'MapIcon'.
src/pages/Fleet.tsx(92,68): error TS2304: Cannot find name 'List'.
src/pages/Fleet.tsx(97,16): error TS2304: Cannot find name 'Search'.
src/pages/Fleet.tsx(119,22): error TS2304: Cannot find name 'Truck'.
src/pages/Fleet.tsx(126,73): error TS2304: Cannot find name 'Activity'.
src/pages/Fleet.tsx(136,30): error TS2304: Cannot find name 'Truck'.
src/pages/ForcePasswordReset.tsx(2,11): error TS2451: Cannot redeclare block-scoped variable 't'.
src/pages/ForcePasswordReset.tsx(2,17): error TS2304: Cannot find name 'useLanguageContext'.
src/pages/ForcePasswordReset.tsx(3,11): error TS2451: Cannot redeclare block-scoped variable 't'.
src/pages/ForcePasswordReset.tsx(3,17): error TS2304: Cannot find name 'useLanguageContext'.
src/pages/ForcePasswordReset.tsx(4,11): error TS2451: Cannot redeclare block-scoped variable 't'.
src/pages/ForcePasswordReset.tsx(4,17): error TS2304: Cannot find name 'useLanguageContext'.
src/pages/ForcePasswordReset.tsx(5,15): error TS2304: Cannot find name 'useNavigate'.
src/pages/ForcePasswordReset.tsx(6,30): error TS2304: Cannot find name 'useAuth'.
src/pages/ForcePasswordReset.tsx(8,23): error TS2304: Cannot find name 'useState'.
src/pages/ForcePasswordReset.tsx(9,25): error TS2304: Cannot find name 'useState'.
src/pages/ForcePasswordReset.tsx(10,29): error TS2304: Cannot find name 'useState'.
src/pages/ForcePasswordReset.tsx(11,23): error TS2304: Cannot find name 'useState'.
src/pages/ForcePasswordReset.tsx(12,33): error TS2304: Cannot find name 'useState'.
src/pages/ForcePasswordReset.tsx(19,10): error TS2304: Cannot find name 'strongPassword'.
src/pages/ForcePasswordReset.tsx(35,8): error TS2304: Cannot find name 'Card'.
src/pages/ForcePasswordReset.tsx(36,10): error TS2304: Cannot find name 'CardContent'.
src/pages/ForcePasswordReset.tsx(42,12): error TS2304: Cannot find name 'Input'.
src/pages/ForcePasswordReset.tsx(43,12): error TS2304: Cannot find name 'Input'.
src/pages/ForcePasswordReset.tsx(48,12): error TS2304: Cannot find name 'Button'.
src/pages/ForcePasswordReset.tsx(50,13): error TS2304: Cannot find name 'Button'.
src/pages/ForcePasswordReset.tsx(51,11): error TS2304: Cannot find name 'CardContent'.
src/pages/ForcePasswordReset.tsx(52,9): error TS2304: Cannot find name 'Card'.
src/pages/GetQuotePage.tsx(18,26): error TS2306: File 'D:/final1_23022026/src/integrations/supabase/client.ts' is not a module.
src/pages/GetQuotePage.tsx(33,11): error TS2451: Cannot redeclare block-scoped variable 't'.
src/pages/GetQuotePage.tsx(34,11): error TS2451: Cannot redeclare block-scoped variable 't'.
src/pages/GetQuotePage.tsx(35,11): error TS2451: Cannot redeclare block-scoped variable 't'.
src/pages/GetQuotePage.tsx(36,11): error TS2451: Cannot redeclare block-scoped variable 't'.
src/pages/GetQuotePage.tsx(230,22): error TS2304: Cannot find name 'Calculator'.
src/pages/GetQuotePage.tsx(253,30): error TS2304: Cannot find name 'Truck'.
src/pages/GetQuotePage.tsx(272,30): error TS2304: Cannot find name 'Plane'.
src/pages/GetQuotePage.tsx(472,24): error TS2304: Cannot find name 'Package'.
src/pages/GetQuotePage.tsx(492,20): error TS2304: Cannot find name 'MapPin'.
src/pages/GetQuotePage.tsx(516,20): error TS2304: Cannot find name 'Package'.
src/pages/Home.tsx(10,12): error TS2304: Cannot find name 'motion'.
src/pages/Home.tsx(18,16): error TS2304: Cannot find name 'Button'.
src/pages/Home.tsx(19,18): error TS2304: Cannot find name 'Link'.
src/pages/Home.tsx(19,27): error TS2304: Cannot find name 'ROUTE_PATHS'.
src/pages/Home.tsx(19,72): error TS2304: Cannot find name 'PackageSearch'.
src/pages/Home.tsx(19,107): error TS2304: Cannot find name 'Link'.
src/pages/Home.tsx(20,17): error TS2304: Cannot find name 'Button'.
src/pages/Home.tsx(21,16): error TS2304: Cannot find name 'Button'.
src/pages/Home.tsx(22,18): error TS2304: Cannot find name 'Link'.
src/pages/Home.tsx(22,27): error TS2304: Cannot find name 'ROUTE_PATHS'.
src/pages/Home.tsx(22,63): error TS2304: Cannot find name 'Link'.
src/pages/Home.tsx(23,17): error TS2304: Cannot find name 'Button'.
src/pages/Home.tsx(25,13): error TS2304: Cannot find name 'motion'.
src/pages/Home.tsx(34,16): error TS2304: Cannot find name 'Truck'.
src/pages/HomePage.tsx(89,18): error TS2304: Cannot find name 'Phone'.
src/pages/HomePage.tsx(93,18): error TS2304: Cannot find name 'Mail'.
src/pages/HomePage.tsx(326,20): error TS2304: Cannot find name 'Truck'.
src/pages/HomePage.tsx(341,20): error TS2304: Cannot find name 'MapPin'.
src/pages/HomePage.tsx(385,24): error TS2304: Cannot find name 'Truck'.
src/pages/HomePage.tsx(397,24): error TS2304: Cannot find name 'Shield'.
src/pages/HomePage.tsx(409,24): error TS2304: Cannot find name 'Clock'.
src/pages/HomePage.tsx(424,33): error TS2339: Property 'SCREENSHOT3252_118' does not exist on type '{ readonly ANALYTICS_DASH_2: "https://images.unsplash.com/photo-1686061593213-98dad7c599b9?crop=entropy&cs=tinysrgb&fit=max&fm=jpg&ixid=M3w4Mzc5NTV8MHwxfHNlYXJjaHw5fHxkYXNoYm9hcmQlMjBhbmFseXRpY3MlMjBjaGFydHN8ZW58MHwwfHx8MTc3MDE4NjM2MXww&ixlib=rb-4.1.0&q=80&w=1080"; ... 105 more ...; readonly WAREHOUSE_OPS_9: "https:...'.
src/pages/HomePage.tsx(495,20): error TS2304: Cannot find name 'Truck'.
src/pages/HomePage.tsx(499,20): error TS2304: Cannot find name 'Phone'.
src/pages/HomePage.tsx(509,20): error TS2304: Cannot find name 'Phone'.
src/pages/HomePage.tsx(516,20): error TS2304: Cannot find name 'MapPin'.
src/pages/HomePage.tsx(523,20): error TS2304: Cannot find name 'Mail'.
src/pages/KYC.tsx(2,11): error TS2451: Cannot redeclare block-scoped variable 't'.
src/pages/KYC.tsx(2,17): error TS2304: Cannot find name 'useLanguageContext'.
src/pages/KYC.tsx(3,11): error TS2451: Cannot redeclare block-scoped variable 't'.
src/pages/KYC.tsx(3,17): error TS2304: Cannot find name 'useLanguageContext'.
src/pages/KYC.tsx(4,11): error TS2451: Cannot redeclare block-scoped variable 't'.
src/pages/KYC.tsx(4,17): error TS2304: Cannot find name 'useLanguageContext'.
src/pages/KYC.tsx(5,11): error TS2451: Cannot redeclare block-scoped variable 't'.
src/pages/KYC.tsx(5,17): error TS2304: Cannot find name 'useTranslation'.
src/pages/KYC.tsx(7,25): error TS2304: Cannot find name 'useState'.
src/pages/KYC.tsx(8,29): error TS2304: Cannot find name 'useState'.
src/pages/KYC.tsx(9,27): error TS2304: Cannot find name 'useState'.
src/pages/KYC.tsx(10,29): error TS2304: Cannot find name 'useState'.
src/pages/KYC.tsx(11,23): error TS2304: Cannot find name 'useState'.
src/pages/KYC.tsx(12,33): error TS2304: Cannot find name 'useState'.
src/pages/KYC.tsx(15,29): error TS2304: Cannot find name 'supabase'.
src/pages/KYC.tsx(22,22): error TS2304: Cannot find name 'supabase'.
src/pages/KYC.tsx(34,41): error TS2304: Cannot find name 'supabase'.
src/pages/KYC.tsx(45,31): error TS2304: Cannot find name 'supabase'.
src/pages/KYC.tsx(65,8): error TS2304: Cannot find name 'Card'.
src/pages/KYC.tsx(66,10): error TS2304: Cannot find name 'CardContent'.
src/pages/KYC.tsx(69,14): error TS2304: Cannot find name 'LanguageToggle'.
src/pages/KYC.tsx(74,12): error TS2304: Cannot find name 'Input'.
src/pages/KYC.tsx(94,12): error TS2304: Cannot find name 'Button'.
src/pages/KYC.tsx(96,13): error TS2304: Cannot find name 'Button'.
src/pages/KYC.tsx(97,11): error TS2304: Cannot find name 'CardContent'.
src/pages/KYC.tsx(98,9): error TS2304: Cannot find name 'Card'.
src/pages/LandingPage.tsx(2,20): error TS2304: Cannot find name 'useNavigate'.
src/pages/LandingPage.tsx(31,12): error TS2304: Cannot find name 'Button'.
src/pages/LandingPage.tsx(37,13): error TS2304: Cannot find name 'Button'.
src/pages/LandingPage.tsx(38,12): error TS2304: Cannot find name 'Button'.
src/pages/LandingPage.tsx(39,14): error TS2304: Cannot find name 'Smartphone'.
src/pages/LandingPage.tsx(41,13): error TS2304: Cannot find name 'Button'.
src/pages/LandingPage.tsx(48,12): error TS2304: Cannot find name 'Badge'.
src/pages/LandingPage.tsx(50,13): error TS2304: Cannot find name 'Badge'.
src/pages/LandingPage.tsx(62,14): error TS2304: Cannot find name 'Button'.
src/pages/LandingPage.tsx(66,16): error TS2304: Cannot find name 'ShieldCheck'.
src/pages/LandingPage.tsx(68,15): error TS2304: Cannot find name 'Button'.
src/pages/LandingPage.tsx(70,14): error TS2304: Cannot find name 'Button'.
src/pages/LandingPage.tsx(75,16): error TS2304: Cannot find name 'Smartphone'.
src/pages/LandingPage.tsx(77,15): error TS2304: Cannot find name 'Button'.
src/pages/LandingPage.tsx(87,12): error TS2304: Cannot find name 'Card'.
src/pages/LandingPage.tsx(88,14): error TS2304: Cannot find name 'CardContent'.
src/pages/LandingPage.tsx(90,18): error TS2304: Cannot find name 'QrCode'.
src/pages/LandingPage.tsx(98,15): error TS2304: Cannot find name 'CardContent'.
src/pages/LandingPage.tsx(99,13): error TS2304: Cannot find name 'Card'.
src/pages/LandingPage.tsx(101,12): error TS2304: Cannot find name 'Card'.
src/pages/LandingPage.tsx(102,14): error TS2304: Cannot find name 'CardContent'.
src/pages/LandingPage.tsx(104,18): error TS2304: Cannot find name 'Truck'.
src/pages/LandingPage.tsx(112,15): error TS2304: Cannot find name 'CardContent'.
src/pages/LandingPage.tsx(113,13): error TS2304: Cannot find name 'Card'.
src/pages/LandingPage.tsx(115,12): error TS2304: Cannot find name 'Card'.
src/pages/LandingPage.tsx(116,14): error TS2304: Cannot find name 'CardContent'.
src/pages/LandingPage.tsx(118,18): error TS2304: Cannot find name 'ShieldCheck'.
src/pages/LandingPage.tsx(126,15): error TS2304: Cannot find name 'CardContent'.
src/pages/LandingPage.tsx(127,13): error TS2304: Cannot find name 'Card'.
src/pages/LoginPage.tsx(5,19): error TS2304: Cannot find name 'lazy'.
src/pages/LoginPage.tsx(6,18): error TS2304: Cannot find name 'lazy'.
src/pages/LoginPage.tsx(7,19): error TS2304: Cannot find name 'lazy'.
src/pages/LoginPage.tsx(7,37): error TS2306: File 'D:/final1_23022026/src/pages/Dashboard.tsx' is not a module.
src/pages/LoginPage.tsx(14,29): error TS2304: Cannot find name 'useAuth'.
src/pages/LoginPage.tsx(25,13): error TS2304: Cannot find name 'Navigate'.
src/pages/LoginPage.tsx(25,26): error TS2304: Cannot find name 'ROUTE_PATHS'.
src/pages/LoginPage.tsx(32,11): error TS2451: Cannot redeclare block-scoped variable 't'.
src/pages/LoginPage.tsx(32,17): error TS2304: Cannot find name 'useLanguageContext'.
src/pages/LoginPage.tsx(33,11): error TS2451: Cannot redeclare block-scoped variable 't'.
src/pages/LoginPage.tsx(33,17): error TS2304: Cannot find name 'useLanguageContext'.
src/pages/LoginPage.tsx(34,11): error TS2451: Cannot redeclare block-scoped variable 't'.
src/pages/LoginPage.tsx(34,17): error TS2304: Cannot find name 'useLanguageContext'.
src/pages/LoginPage.tsx(36,6): error TS2304: Cannot find name 'Router'.
src/pages/LoginPage.tsx(37,8): error TS2304: Cannot find name 'LanguageProvider'.
src/pages/LoginPage.tsx(38,10): error TS2304: Cannot find name 'AuthProvider'.
src/pages/LoginPage.tsx(39,12): error TS2304: Cannot find name 'Suspense'.
src/pages/LoginPage.tsx(46,14): error TS2304: Cannot find name 'Routes'.
src/pages/LoginPage.tsx(48,16): error TS2304: Cannot find name 'Route'.
src/pages/LoginPage.tsx(49,18): error TS2304: Cannot find name 'Route'.
src/pages/LoginPage.tsx(49,30): error TS2304: Cannot find name 'ROUTE_PATHS'.
src/pages/LoginPage.tsx(49,58): error TS2304: Cannot find name 'Navigate'.
src/pages/LoginPage.tsx(49,71): error TS2304: Cannot find name 'ROUTE_PATHS'.
src/pages/LoginPage.tsx(50,18): error TS2304: Cannot find name 'Route'.
src/pages/LoginPage.tsx(50,30): error TS2304: Cannot find name 'ROUTE_PATHS'.
src/pages/LoginPage.tsx(51,18): error TS2304: Cannot find name 'Route'.
src/pages/LoginPage.tsx(51,30): error TS2304: Cannot find name 'ROUTE_PATHS'.
src/pages/LoginPage.tsx(52,17): error TS2304: Cannot find name 'Route'.
src/pages/LoginPage.tsx(55,16): error TS2304: Cannot find name 'Route'.
src/pages/LoginPage.tsx(56,23): error TS2304: Cannot find name 'ROUTE_PATHS'.
src/pages/LoginPage.tsx(65,16): error TS2304: Cannot find name 'Route'.
src/pages/LoginPage.tsx(65,41): error TS2304: Cannot find name 'Navigate'.
src/pages/LoginPage.tsx(65,54): error TS2304: Cannot find name 'ROUTE_PATHS'.
src/pages/LoginPage.tsx(66,15): error TS2304: Cannot find name 'Routes'.
src/pages/LoginPage.tsx(67,13): error TS2304: Cannot find name 'Suspense'.
src/pages/LoginPage.tsx(68,12): error TS2304: Cannot find name 'Toaster'.
src/pages/LoginPage.tsx(69,11): error TS2304: Cannot find name 'AuthProvider'.
src/pages/LoginPage.tsx(70,9): error TS2304: Cannot find name 'LanguageProvider'.
src/pages/LoginPage.tsx(71,7): error TS2304: Cannot find name 'Router'.
src/pages/marketer/MarketerDashboard.tsx(13,11): error TS2451: Cannot redeclare block-scoped variable 't'.
src/pages/marketer/MarketerDashboard.tsx(13,17): error TS2304: Cannot find name 'useLanguageContext'.
src/pages/marketer/MarketerDashboard.tsx(14,11): error TS2451: Cannot redeclare block-scoped variable 't'.
src/pages/marketer/MarketerDashboard.tsx(14,17): error TS2304: Cannot find name 'useLanguageContext'.
src/pages/marketer/MarketerDashboard.tsx(15,11): error TS2451: Cannot redeclare block-scoped variable 't'.
src/pages/marketer/MarketerDashboard.tsx(15,17): error TS2304: Cannot find name 'useLanguageContext'.
src/pages/marketer/MarketerDashboard.tsx(16,11): error TS2451: Cannot redeclare block-scoped variable 't'.
src/pages/marketer/MarketerDashboard.tsx(16,17): error TS2304: Cannot find name 'useLanguageContext'.
src/pages/marketer/MarketerDashboard.tsx(17,50): error TS2749: 'MarketerPerformance' refers to a value, but is being used as a type here. Did you mean 'typeof MarketerPerformance'?
src/pages/marketer/MarketerDashboard.tsx(91,17): error TS2304: Cannot find name 'Users'.
src/pages/marketer/MarketerDashboard.tsx(107,17): error TS2304: Cannot find name 'DollarSign'.
src/pages/marketer/MarketerDashboard.tsx(142,20): error TS2304: Cannot find name 'DollarSign'.
src/pages/marketer/MarketerDashboard.tsx(320,16): error TS2304: Cannot find name 'TrendingUp'.
src/pages/Marketing.tsx(26,12): error TS2304: Cannot find name 'Plus'.
src/pages/Marketing.tsx(32,81): error TS2304: Cannot find name 'Users'.
src/pages/Marketing.tsx(33,83): error TS2304: Cannot find name 'MousePointerClick'.
src/pages/Marketing.tsx(34,79): error TS2304: Cannot find name 'Percent'.
src/pages/Marketing.tsx(43,16): error TS2304: Cannot find name 'Megaphone'.
src/pages/Marketing.tsx(84,33): error TS2304: Cannot find name 'Percent'.
src/pages/Marketing.tsx(85,33): error TS2304: Cannot find name 'Users'.
src/pages/merchant/MerchantReceiptsPage.tsx(3,17): error TS2304: Cannot find name 'useTranslation'.
src/pages/merchant/MerchantReceiptsPage.tsx(10,12): error TS2304: Cannot find name 'DownloadCloud'.
src/pages/merchant/MerchantReceiptsPage.tsx(14,8): error TS2304: Cannot find name 'Card'.
src/pages/merchant/MerchantReceiptsPage.tsx(15,10): error TS2304: Cannot find name 'CardContent'.
src/pages/merchant/MerchantReceiptsPage.tsx(29,54): error TS2304: Cannot find name 'formatCurrency'.
src/pages/merchant/MerchantReceiptsPage.tsx(32,22): error TS2304: Cannot find name 'CheckCircle2'.
src/pages/merchant/MerchantReceiptsPage.tsx(38,11): error TS2304: Cannot find name 'CardContent'.
src/pages/merchant/MerchantReceiptsPage.tsx(39,9): error TS2304: Cannot find name 'Card'.
src/pages/MerchantDashboard.tsx(61,11): error TS2451: Cannot redeclare block-scoped variable 't'.
src/pages/MerchantDashboard.tsx(62,11): error TS2451: Cannot redeclare block-scoped variable 't'.
src/pages/MerchantDashboard.tsx(63,11): error TS2451: Cannot redeclare block-scoped variable 't'.
src/pages/MerchantDashboard.tsx(64,11): error TS2451: Cannot redeclare block-scoped variable 't'.
src/pages/MerchantDashboard.tsx(65,39): error TS2304: Cannot find name 'useState'.
src/pages/MerchantDashboard.tsx(80,10): error TS2304: Cannot find name 'Link'.
src/pages/MerchantDashboard.tsx(82,14): error TS2304: Cannot find name 'Plus'.
src/pages/MerchantDashboard.tsx(84,11): error TS2304: Cannot find name 'Link'.
src/pages/MerchantDashboard.tsx(89,30): error TS2304: Cannot find name 'Package'.
src/pages/MerchantDashboard.tsx(90,30): error TS2304: Cannot find name 'Truck'.
src/pages/MerchantDashboard.tsx(91,30): error TS2304: Cannot find name 'CheckCircle2'.
src/pages/MerchantDashboard.tsx(92,30): error TS2304: Cannot find name 'DollarSign'.
src/pages/MerchantDashboard.tsx(103,16): error TS2304: Cannot find name 'Search'.
src/pages/MerchantDashboard.tsx(147,30): error TS2304: Cannot find name 'MoreHorizontal'.
src/pages/MerchantDashboard.tsx(152,30): error TS2304: Cannot find name 'Eye'.
src/pages/MerchantDashboard.tsx(155,30): error TS2304: Cannot find name 'Download'.
src/pages/MerchantRegistration.tsx(15,11): error TS2451: Cannot redeclare block-scoped variable 't'.
src/pages/MerchantRegistration.tsx(15,17): error TS2304: Cannot find name 'useLanguageContext'.
src/pages/MerchantRegistration.tsx(16,11): error TS2451: Cannot redeclare block-scoped variable 't'.
src/pages/MerchantRegistration.tsx(16,17): error TS2304: Cannot find name 'useLanguageContext'.
src/pages/MerchantRegistration.tsx(17,11): error TS2451: Cannot redeclare block-scoped variable 't'.
src/pages/MerchantRegistration.tsx(17,17): error TS2304: Cannot find name 'useLanguageContext'.
src/pages/MerchantRegistration.tsx(18,11): error TS2451: Cannot redeclare block-scoped variable 't'.
src/pages/MerchantRegistration.tsx(18,17): error TS2304: Cannot find name 'useLanguageContext'.
src/pages/MerchantRegistration.tsx(117,18): error TS2304: Cannot find name 'Phone'.
src/pages/MerchantRegistration.tsx(121,18): error TS2304: Cannot find name 'Mail'.
src/pages/MerchantRegistration.tsx(153,16): error TS2304: Cannot find name 'Building2'.
src/pages/MerchantRegistration.tsx(645,18): error TS2304: Cannot find name 'Phone'.
src/pages/MerchantRegistration.tsx(654,18): error TS2304: Cannot find name 'Mail'.
src/pages/MerchantRegistration.tsx(694,20): error TS2304: Cannot find name 'Phone'.
src/pages/office/ShipmentRegistration.tsx(4,10): error TS2724: '"@/services/advanced-features-api"' has no exported member named 'AdvancedFeaturesAPI'. Did you mean 'advancedFeaturesApi'?
src/pages/office/ShipmentRegistration.tsx(7,17): error TS2304: Cannot find name 'useLanguageContext'.
src/pages/office/ShipmentRegistration.tsx(8,20): error TS2304: Cannot find name 'useAuth'.
src/pages/office/ShipmentRegistration.tsx(9,35): error TS2304: Cannot find name 'useState'.
src/pages/Operations.tsx(9,11): error TS2451: Cannot redeclare block-scoped variable 't'.
src/pages/Operations.tsx(9,17): error TS2304: Cannot find name 'useLanguageContext'.
src/pages/Operations.tsx(10,11): error TS2451: Cannot redeclare block-scoped variable 't'.
src/pages/Operations.tsx(10,17): error TS2304: Cannot find name 'useLanguageContext'.
src/pages/Operations.tsx(11,11): error TS2451: Cannot redeclare block-scoped variable 't'.
src/pages/Operations.tsx(11,17): error TS2304: Cannot find name 'useLanguageContext'.
src/pages/Operations.tsx(12,26): error TS2304: Cannot find name 'useAuth'.
src/pages/Operations.tsx(63,20): error TS2304: Cannot find name 'Truck'.
src/pages/Operations.tsx(79,22): error TS2304: Cannot find name 'ShieldCheck'.
src/pages/Operations.tsx(85,24): error TS2304: Cannot find name 'Upload'.
src/pages/Operations.tsx(96,20): error TS2304: Cannot find name 'FileText'.
src/pages/Operations.tsx(133,18): error TS2304: Cannot find name 'Upload'.
src/pages/ParcelPickup.tsx(22,11): error TS2451: Cannot redeclare block-scoped variable 't'.
src/pages/ParcelPickup.tsx(22,17): error TS2304: Cannot find name 'useLanguageContext'.
src/pages/ParcelPickup.tsx(23,11): error TS2451: Cannot redeclare block-scoped variable 't'.
src/pages/ParcelPickup.tsx(23,17): error TS2304: Cannot find name 'useLanguageContext'.
src/pages/ParcelPickup.tsx(24,11): error TS2451: Cannot redeclare block-scoped variable 't'.
src/pages/ParcelPickup.tsx(24,17): error TS2304: Cannot find name 'useLanguageContext'.
src/pages/ParcelPickup.tsx(41,23): error TS2339: Property 'CARGO_CONTAINERS_8' does not exist on type '{ readonly ANALYTICS_DASH_2: "https://images.unsplash.com/photo-1686061593213-98dad7c599b9?crop=entropy&cs=tinysrgb&fit=max&fm=jpg&ixid=M3w4Mzc5NTV8MHwxfHNlYXJjaHw5fHxkYXNoYm9hcmQlMjBhbmFseXRpY3MlMjBjaGFydHN8ZW58MHwwfHx8MTc3MDE4NjM2MXww&ixlib=rb-4.1.0&q=80&w=1080"; ... 105 more ...; readonly WAREHOUSE_OPS_9: "https:...'.
src/pages/ParcelPickup.tsx(49,10): error TS2304: Cannot find name 'motion'.
src/pages/ParcelPickup.tsx(75,18): error TS2304: Cannot find name 'ArrowLeft'.
src/pages/ParcelPickup.tsx(81,12): error TS2304: Cannot find name 'AnimatePresence'.
src/pages/ParcelPickup.tsx(83,16): error TS2304: Cannot find name 'motion'.
src/pages/ParcelPickup.tsx(117,28): error TS2304: Cannot find name 'Package'.
src/pages/ParcelPickup.tsx(131,25): error TS2322: Type '{ userType: "merchant" | "customer"; onParcelCreated: (parcel: any) => void; }' is not assignable to type 'IntrinsicAttributes'.
  Property 'userType' does not exist on type 'IntrinsicAttributes'.
src/pages/ParcelPickup.tsx(137,17): error TS2304: Cannot find name 'motion'.
src/pages/ParcelPickup.tsx(139,16): error TS2304: Cannot find name 'motion'.
src/pages/ParcelPickup.tsx(151,26): error TS2304: Cannot find name 'CheckCircle2'.
src/pages/ParcelPickup.tsx(175,24): error TS2304: Cannot find name 'QrCode'.
src/pages/ParcelPickup.tsx(227,17): error TS2304: Cannot find name 'motion'.
src/pages/ParcelPickup.tsx(229,13): error TS2304: Cannot find name 'AnimatePresence'.
src/pages/ParcelPickup.tsx(230,11): error TS2304: Cannot find name 'motion'.
src/pages/ParcelPickup.tsx(235,21): error TS2339: Property 'SCREENSHOT5867_2_57' does not exist on type '{ readonly ANALYTICS_DASH_2: "https://images.unsplash.com/photo-1686061593213-98dad7c599b9?crop=entropy&cs=tinysrgb&fit=max&fm=jpg&ixid=M3w4Mzc5NTV8MHwxfHNlYXJjaHw5fHxkYXNoYm9hcmQlMjBhbmFseXRpY3MlMjBjaGFydHN8ZW58MHwwfHx8MTc3MDE4NjM2MXww&ixlib=rb-4.1.0&q=80&w=1080"; ... 105 more ...; readonly WAREHOUSE_OPS_9: "https:...'.
src/pages/PermissionAssignment.tsx(10,11): error TS2451: Cannot redeclare block-scoped variable 't'.
src/pages/PermissionAssignment.tsx(10,17): error TS2304: Cannot find name 'useLanguageContext'.
src/pages/PermissionAssignment.tsx(11,11): error TS2451: Cannot redeclare block-scoped variable 't'.
src/pages/PermissionAssignment.tsx(11,17): error TS2304: Cannot find name 'useLanguageContext'.
src/pages/PermissionAssignment.tsx(12,11): error TS2451: Cannot redeclare block-scoped variable 't'.
src/pages/PermissionAssignment.tsx(12,17): error TS2304: Cannot find name 'useLanguageContext'.
src/pages/PermissionAssignment.tsx(13,41): error TS2304: Cannot find name 'useState'.
src/pages/PermissionAssignment.tsx(14,43): error TS2304: Cannot find name 'useState'.
src/pages/PermissionAssignment.tsx(15,61): error TS2304: Cannot find name 'useState'.
src/pages/PermissionAssignment.tsx(16,33): error TS2304: Cannot find name 'useState'.
src/pages/PermissionAssignment.tsx(17,35): error TS2304: Cannot find name 'useState'.
src/pages/PermissionAssignment.tsx(20,3): error TS2304: Cannot find name 'useEffect'.
src/pages/PermissionAssignment.tsx(22,37): error TS2304: Cannot find name 'supabase'.
src/pages/PermissionAssignment.tsx(35,3): error TS2304: Cannot find name 'useEffect'.
src/pages/PermissionAssignment.tsx(39,39): error TS2304: Cannot find name 'supabase'.
src/pages/PermissionAssignment.tsx(69,33): error TS2304: Cannot find name 'supabase'.
src/pages/PermissionAssignment.tsx(81,9): error TS2304: Cannot find name 'toast'.
src/pages/PermissionAssignment.tsx(85,33): error TS2304: Cannot find name 'supabase'.
src/pages/PermissionAssignment.tsx(98,9): error TS2304: Cannot find name 'toast'.
src/pages/PermissionAssignment.tsx(102,7): error TS2304: Cannot find name 'toast'.
src/pages/PermissionAssignment.tsx(129,30): error TS2304: Cannot find name 'cn'.
src/pages/PermissionAssignment.tsx(137,46): error TS2304: Cannot find name 'Shield'.
src/pages/PermissionAssignment.tsx(145,16): error TS2304: Cannot find name 'AlertCircle'.
src/pages/PermissionAssignment.tsx(180,34): error TS2304: Cannot find name 'cn'.
src/pages/PermissionAssignment.tsx(188,41): error TS2304: Cannot find name 'cn'.
src/pages/PermissionAssignment.tsx(192,27): error TS2607: JSX element class does not support attributes because it does not have a 'props' property.
src/pages/PermissionAssignment.tsx(192,28): error TS2786: 'Lock' cannot be used as a JSX component.
  Its type '{ new (): Lock; prototype: Lock; }' is not a valid JSX element type.
    Type '{ new (): Lock; prototype: Lock; }' is not assignable to type 'new (props: any, deprecatedLegacyContext?: any) => Component<any, any, any>'.
      Type 'Lock' is missing the following properties from type 'Component<any, any, any>': context, setState, forceUpdate, render, and 3 more.
src/pages/PermissionAssignment.tsx(195,41): error TS2304: Cannot find name 'cn'.
src/pages/PickupRequest.tsx(4,11): error TS2451: Cannot redeclare block-scoped variable 't'.
src/pages/PickupRequest.tsx(4,17): error TS2304: Cannot find name 'useLanguageContext'.
src/pages/PickupRequest.tsx(5,11): error TS2451: Cannot redeclare block-scoped variable 't'.
src/pages/PickupRequest.tsx(5,17): error TS2304: Cannot find name 'useLanguageContext'.
src/pages/PickupRequest.tsx(6,11): error TS2451: Cannot redeclare block-scoped variable 't'.
src/pages/PickupRequest.tsx(6,17): error TS2304: Cannot find name 'useLanguageContext'.
src/pages/PickupRequest.tsx(7,11): error TS2451: Cannot redeclare block-scoped variable 't'.
src/pages/PickupRequest.tsx(7,17): error TS2304: Cannot find name 'useTranslation'.
src/pages/PickupRequest.tsx(9,31): error TS2304: Cannot find name 'useState'.
src/pages/PickupRequest.tsx(10,35): error TS2304: Cannot find name 'useState'.
src/pages/PickupRequest.tsx(11,31): error TS2304: Cannot find name 'useState'.
src/pages/PickupRequest.tsx(12,27): error TS2304: Cannot find name 'useState'.
src/pages/PickupRequest.tsx(13,37): error TS2304: Cannot find name 'useState'.
src/pages/PickupRequest.tsx(14,37): error TS2304: Cannot find name 'useState'.
src/pages/PickupRequest.tsx(15,29): error TS2304: Cannot find name 'useState'.
src/pages/PickupRequest.tsx(16,23): error TS2304: Cannot find name 'useState'.
src/pages/PickupRequest.tsx(17,33): error TS2304: Cannot find name 'useState'.
src/pages/PickupRequest.tsx(19,3): error TS2304: Cannot find name 'useEffect'.
src/pages/PickupRequest.tsx(20,5): error TS2304: Cannot find name 'supabase'.
src/pages/PickupRequest.tsx(58,8): error TS2304: Cannot find name 'Card'.
src/pages/PickupRequest.tsx(59,10): error TS2304: Cannot find name 'CardContent'.
src/pages/PickupRequest.tsx(68,14): error TS2304: Cannot find name 'Input'.
src/pages/PickupRequest.tsx(69,14): error TS2304: Cannot find name 'Input'.
src/pages/PickupRequest.tsx(70,14): error TS2304: Cannot find name 'Input'.
src/pages/PickupRequest.tsx(71,14): error TS2304: Cannot find name 'Input'.
src/pages/PickupRequest.tsx(75,14): error TS2304: Cannot find name 'InternationalPolicyCheckbox'.
src/pages/PickupRequest.tsx(81,12): error TS2304: Cannot find name 'Button'.
src/pages/PickupRequest.tsx(83,13): error TS2304: Cannot find name 'Button'.
src/pages/PickupRequest.tsx(84,11): error TS2304: Cannot find name 'CardContent'.
src/pages/PickupRequest.tsx(85,9): error TS2304: Cannot find name 'Card'.
src/pages/Profile.tsx(3,26): error TS2304: Cannot find name 'useAuth'.
src/pages/Profile.tsx(9,10): error TS2304: Cannot find name 'Badge'.
src/pages/Profile.tsx(11,11): error TS2304: Cannot find name 'Badge'.
src/pages/Profile.tsx(16,10): error TS2304: Cannot find name 'Card'.
src/pages/Profile.tsx(17,12): error TS2304: Cannot find name 'CardContent'.
src/pages/Profile.tsx(20,18): error TS2304: Cannot find name 'User'.
src/pages/Profile.tsx(23,18): error TS2304: Cannot find name 'Camera'.
src/pages/Profile.tsx(28,13): error TS2304: Cannot find name 'CardContent'.
src/pages/Profile.tsx(29,11): error TS2304: Cannot find name 'Card'.
src/pages/Profile.tsx(32,10): error TS2304: Cannot find name 'Card'.
src/pages/Profile.tsx(33,12): error TS2304: Cannot find name 'CardHeader'.
src/pages/Profile.tsx(34,14): error TS2304: Cannot find name 'CardTitle'.
src/pages/Profile.tsx(34,46): error TS2304: Cannot find name 'CardTitle'.
src/pages/Profile.tsx(35,14): error TS2304: Cannot find name 'CardDescription'.
src/pages/Profile.tsx(35,84): error TS2304: Cannot find name 'CardDescription'.
src/pages/Profile.tsx(36,13): error TS2304: Cannot find name 'CardHeader'.
src/pages/Profile.tsx(37,12): error TS2304: Cannot find name 'CardContent'.
src/pages/Profile.tsx(41,20): error TS2304: Cannot find name 'User'.
src/pages/Profile.tsx(43,18): error TS2304: Cannot find name 'Input'.
src/pages/Profile.tsx(47,20): error TS2304: Cannot find name 'Mail'.
src/pages/Profile.tsx(49,18): error TS2304: Cannot find name 'Input'.
src/pages/Profile.tsx(55,18): error TS2304: Cannot find name 'MapPin'.
src/pages/Profile.tsx(57,16): error TS2304: Cannot find name 'Input'.
src/pages/Profile.tsx(61,16): error TS2304: Cannot find name 'Button'.
src/pages/Profile.tsx(61,79): error TS2304: Cannot find name 'Button'.
src/pages/Profile.tsx(62,16): error TS2304: Cannot find name 'Button'.
src/pages/Profile.tsx(62,42): error TS2304: Cannot find name 'Key'.
src/pages/Profile.tsx(62,91): error TS2304: Cannot find name 'Button'.
src/pages/Profile.tsx(64,13): error TS2304: Cannot find name 'CardContent'.
src/pages/Profile.tsx(65,11): error TS2304: Cannot find name 'Card'.
src/pages/Profile.tsx(69,8): error TS2304: Cannot find name 'Card'.
src/pages/Profile.tsx(70,10): error TS2304: Cannot find name 'CardHeader'.
src/pages/Profile.tsx(71,12): error TS2304: Cannot find name 'CardTitle'.
src/pages/Profile.tsx(72,14): error TS2304: Cannot find name 'Shield'.
src/pages/Profile.tsx(73,13): error TS2304: Cannot find name 'CardTitle'.
src/pages/Profile.tsx(74,11): error TS2304: Cannot find name 'CardHeader'.
src/pages/Profile.tsx(75,10): error TS2304: Cannot find name 'CardContent'.
src/pages/Profile.tsx(79,12): error TS2304: Cannot find name 'Button'.
src/pages/Profile.tsx(79,63): error TS2304: Cannot find name 'Button'.
src/pages/Profile.tsx(80,11): error TS2304: Cannot find name 'CardContent'.
src/pages/Profile.tsx(81,9): error TS2304: Cannot find name 'Card'.
src/pages/PublicTracking.tsx(6,17): error TS2304: Cannot find name 'useLanguageContext'.
src/pages/PublicTracking.tsx(7,23): error TS2304: Cannot find name 'useState'.
src/pages/PublicTracking.tsx(8,33): error TS2304: Cannot find name 'useState'.
src/pages/PublicTracking.tsx(11,28): error TS2304: Cannot find name 'supabase'.
src/pages/PublicTrackingPage.tsx(15,26): error TS2306: File 'D:/final1_23022026/src/integrations/supabase/client.ts' is not a module.
src/pages/PublicTrackingPage.tsx(31,11): error TS2451: Cannot redeclare block-scoped variable 't'.
src/pages/PublicTrackingPage.tsx(31,17): error TS2304: Cannot find name 'useLanguageContext'.
src/pages/PublicTrackingPage.tsx(32,11): error TS2451: Cannot redeclare block-scoped variable 't'.
src/pages/PublicTrackingPage.tsx(32,17): error TS2304: Cannot find name 'useLanguageContext'.
src/pages/PublicTrackingPage.tsx(33,11): error TS2451: Cannot redeclare block-scoped variable 't'.
src/pages/PublicTrackingPage.tsx(33,17): error TS2304: Cannot find name 'useLanguageContext'.
src/pages/PublicTrackingPage.tsx(118,17): error TS2304: Cannot find name 'CheckCircle'.
src/pages/PublicTrackingPage.tsx(122,17): error TS2304: Cannot find name 'Package'.
src/pages/PublicTrackingPage.tsx(124,17): error TS2304: Cannot find name 'Clock'.
src/pages/PublicTrackingPage.tsx(128,17): error TS2304: Cannot find name 'Package'.
src/pages/PublicTrackingPage.tsx(197,24): error TS2304: Cannot find name 'Search'.
src/pages/PublicTrackingPage.tsx(242,26): error TS2304: Cannot find name 'MapPin'.
src/pages/PublicTrackingPage.tsx(255,26): error TS2304: Cannot find name 'Package'.
src/pages/PublicTrackingPage.tsx(263,26): error TS2304: Cannot find name 'Package'.
src/pages/PublicTrackingPage.tsx(278,26): error TS2304: Cannot find name 'Clock'.
src/pages/PublicTrackingPage.tsx(294,26): error TS2304: Cannot find name 'Clock'.
src/pages/QRCodeManagement.tsx(25,10): error TS2724: '"@/services/advanced-features-api"' has no exported member named 'advancedFeaturesAPI'. Did you mean 'advancedFeaturesApi'?
src/pages/QRCodeManagement.tsx(55,11): error TS2451: Cannot redeclare block-scoped variable 't'.
src/pages/QRCodeManagement.tsx(56,11): error TS2451: Cannot redeclare block-scoped variable 't'.
src/pages/QRCodeManagement.tsx(57,11): error TS2451: Cannot redeclare block-scoped variable 't'.
src/pages/QRCodeManagement.tsx(58,11): error TS2451: Cannot redeclare block-scoped variable 't'.
src/pages/QRCodeManagement.tsx(287,8): error TS2304: Cannot find name 'Card'.
src/pages/QRCodeManagement.tsx(288,10): error TS2304: Cannot find name 'CardHeader'.
src/pages/QRCodeManagement.tsx(289,12): error TS2304: Cannot find name 'CardTitle'.
src/pages/QRCodeManagement.tsx(292,13): error TS2304: Cannot find name 'CardTitle'.
src/pages/QRCodeManagement.tsx(293,11): error TS2304: Cannot find name 'CardHeader'.
src/pages/QRCodeManagement.tsx(294,10): error TS2304: Cannot find name 'CardContent'.
src/pages/QRCodeManagement.tsx(317,16): error TS2304: Cannot find name 'Input'.
src/pages/QRCodeManagement.tsx(328,16): error TS2304: Cannot find name 'Input'.
src/pages/QRCodeManagement.tsx(339,16): error TS2304: Cannot find name 'Input'.
src/pages/QRCodeManagement.tsx(353,14): error TS2304: Cannot find name 'Textarea'.
src/pages/QRCodeManagement.tsx(368,12): error TS2304: Cannot find name 'Button'.
src/pages/QRCodeManagement.tsx(380,13): error TS2304: Cannot find name 'Button'.
src/pages/QRCodeManagement.tsx(381,11): error TS2304: Cannot find name 'CardContent'.
src/pages/QRCodeManagement.tsx(382,9): error TS2304: Cannot find name 'Card'.
src/pages/QRCodeManagement.tsx(388,8): error TS2304: Cannot find name 'Card'.
src/pages/QRCodeManagement.tsx(389,10): error TS2304: Cannot find name 'CardHeader'.
src/pages/QRCodeManagement.tsx(390,12): error TS2304: Cannot find name 'CardTitle'.
src/pages/QRCodeManagement.tsx(393,13): error TS2304: Cannot find name 'CardTitle'.
src/pages/QRCodeManagement.tsx(394,11): error TS2304: Cannot find name 'CardHeader'.
src/pages/QRCodeManagement.tsx(395,10): error TS2304: Cannot find name 'CardContent'.
src/pages/QRCodeManagement.tsx(405,16): error TS2304: Cannot find name 'Button'.
src/pages/QRCodeManagement.tsx(411,17): error TS2304: Cannot find name 'Button'.
src/pages/QRCodeManagement.tsx(414,14): error TS2304: Cannot find name 'Button'.
src/pages/QRCodeManagement.tsx(421,15): error TS2304: Cannot find name 'Button'.
src/pages/QRCodeManagement.tsx(423,11): error TS2304: Cannot find name 'CardContent'.
src/pages/QRCodeManagement.tsx(424,9): error TS2304: Cannot find name 'Card'.
src/pages/QRCodeManagement.tsx(431,8): error TS2304: Cannot find name 'Card'.
src/pages/QRCodeManagement.tsx(432,10): error TS2304: Cannot find name 'CardContent'.
src/pages/QRCodeManagement.tsx(434,14): error TS2304: Cannot find name 'Input'.
src/pages/QRCodeManagement.tsx(462,11): error TS2304: Cannot find name 'CardContent'.
src/pages/QRCodeManagement.tsx(463,9): error TS2304: Cannot find name 'Card'.
src/pages/QRCodeManagement.tsx(473,12): error TS2304: Cannot find name 'Card'.
src/pages/QRCodeManagement.tsx(474,14): error TS2304: Cannot find name 'CardContent'.
src/pages/QRCodeManagement.tsx(479,15): error TS2304: Cannot find name 'CardContent'.
src/pages/QRCodeManagement.tsx(480,13): error TS2304: Cannot find name 'Card'.
src/pages/QRCodeManagement.tsx(483,14): error TS2304: Cannot find name 'Card'.
src/pages/QRCodeManagement.tsx(484,16): error TS2304: Cannot find name 'CardContent'.
src/pages/QRCodeManagement.tsx(490,24): error TS2304: Cannot find name 'Badge'.
src/pages/QRCodeManagement.tsx(497,25): error TS2304: Cannot find name 'Badge'.
src/pages/QRCodeManagement.tsx(537,22): error TS2304: Cannot find name 'Button'.
src/pages/QRCodeManagement.tsx(543,23): error TS2304: Cannot find name 'Button'.
src/pages/QRCodeManagement.tsx(544,22): error TS2304: Cannot find name 'Button'.
src/pages/QRCodeManagement.tsx(550,23): error TS2304: Cannot find name 'Button'.
src/pages/QRCodeManagement.tsx(552,24): error TS2304: Cannot find name 'Button'.
src/pages/QRCodeManagement.tsx(558,25): error TS2304: Cannot find name 'Button'.
src/pages/QRCodeManagement.tsx(562,17): error TS2304: Cannot find name 'CardContent'.
src/pages/QRCodeManagement.tsx(563,15): error TS2304: Cannot find name 'Card'.
src/pages/QRCodeManagement.tsx(572,8): error TS2304: Cannot find name 'Card'.
src/pages/QRCodeManagement.tsx(573,10): error TS2304: Cannot find name 'CardHeader'.
src/pages/QRCodeManagement.tsx(574,12): error TS2304: Cannot find name 'CardTitle'.
src/pages/QRCodeManagement.tsx(577,13): error TS2304: Cannot find name 'CardTitle'.
src/pages/QRCodeManagement.tsx(578,11): error TS2304: Cannot find name 'CardHeader'.
src/pages/QRCodeManagement.tsx(579,10): error TS2304: Cannot find name 'CardContent'.
src/pages/QRCodeManagement.tsx(593,24): error TS2304: Cannot find name 'Badge'.
src/pages/QRCodeManagement.tsx(598,25): error TS2304: Cannot find name 'Badge'.
src/pages/QRCodeManagement.tsx(617,11): error TS2304: Cannot find name 'CardContent'.
src/pages/QRCodeManagement.tsx(618,9): error TS2304: Cannot find name 'Card'.
src/pages/QRCodeManagement.tsx(628,10): error TS2304: Cannot find name 'Button'.
src/pages/QRCodeManagement.tsx(631,11): error TS2304: Cannot find name 'Button'.
src/pages/QRCodeManagement.tsx(666,12): error TS2304: Cannot find name 'Card'.
src/pages/QRCodeManagement.tsx(667,14): error TS2304: Cannot find name 'CardHeader'.
src/pages/QRCodeManagement.tsx(668,16): error TS2304: Cannot find name 'CardTitle'.
src/pages/QRCodeManagement.tsx(670,18): error TS2304: Cannot find name 'Button'.
src/pages/QRCodeManagement.tsx(672,19): error TS2304: Cannot find name 'Button'.
src/pages/QRCodeManagement.tsx(673,17): error TS2304: Cannot find name 'CardTitle'.
src/pages/QRCodeManagement.tsx(674,15): error TS2304: Cannot find name 'CardHeader'.
src/pages/QRCodeManagement.tsx(675,14): error TS2304: Cannot find name 'CardContent'.
src/pages/QRCodeManagement.tsx(693,20): error TS2304: Cannot find name 'Badge'.
src/pages/QRCodeManagement.tsx(700,21): error TS2304: Cannot find name 'Badge'.
src/pages/QRCodeManagement.tsx(720,18): error TS2304: Cannot find name 'Button'.
src/pages/QRCodeManagement.tsx(723,19): error TS2304: Cannot find name 'Button'.
src/pages/QRCodeManagement.tsx(725,20): error TS2304: Cannot find name 'Button'.
src/pages/QRCodeManagement.tsx(728,21): error TS2304: Cannot find name 'Button'.
src/pages/QRCodeManagement.tsx(731,15): error TS2304: Cannot find name 'CardContent'.
src/pages/QRCodeManagement.tsx(732,13): error TS2304: Cannot find name 'Card'.
src/pages/QROperations.tsx(3,11): error TS2451: Cannot redeclare block-scoped variable 't'.
src/pages/QROperations.tsx(3,17): error TS2304: Cannot find name 'useLanguageContext'.
src/pages/QROperations.tsx(4,11): error TS2451: Cannot redeclare block-scoped variable 't'.
src/pages/QROperations.tsx(4,17): error TS2304: Cannot find name 'useLanguageContext'.
src/pages/QROperations.tsx(5,11): error TS2451: Cannot redeclare block-scoped variable 't'.
src/pages/QROperations.tsx(5,17): error TS2304: Cannot find name 'useLanguageContext'.
src/pages/QROperations.tsx(6,49): error TS2304: Cannot find name 'useState'.
src/pages/QROperations.tsx(7,33): error TS2304: Cannot find name 'useState'.
src/pages/QROperations.tsx(9,19): error TS2304: Cannot find name 'useMemo'.
src/pages/QROperations.tsx(17,19): error TS2304: Cannot find name 'useMemo'.
src/pages/QROperations.tsx(32,10): error TS2304: Cannot find name 'QrCode'.
src/pages/QROperations.tsx(35,8): error TS2304: Cannot find name 'Card'.
src/pages/QROperations.tsx(36,10): error TS2304: Cannot find name 'CardHeader'.
src/pages/QROperations.tsx(37,12): error TS2304: Cannot find name 'CardTitle'.
src/pages/QROperations.tsx(38,14): error TS2304: Cannot find name 'ShieldCheck'.
src/pages/QROperations.tsx(39,13): error TS2304: Cannot find name 'CardTitle'.
src/pages/QROperations.tsx(40,12): error TS2304: Cannot find name 'CardDescription'.
src/pages/QROperations.tsx(40,79): error TS2304: Cannot find name 'CardDescription'.
src/pages/QROperations.tsx(41,11): error TS2304: Cannot find name 'CardHeader'.
src/pages/QROperations.tsx(43,10): error TS2304: Cannot find name 'CardContent'.
src/pages/QROperations.tsx(45,14): error TS2304: Cannot find name 'Label'.
src/pages/QROperations.tsx(45,37): error TS2304: Cannot find name 'Label'.
src/pages/QROperations.tsx(46,14): error TS2304: Cannot find name 'Input'.
src/pages/QROperations.tsx(50,14): error TS2304: Cannot find name 'Label'.
src/pages/QROperations.tsx(50,26): error TS2304: Cannot find name 'Label'.
src/pages/QROperations.tsx(51,14): error TS2304: Cannot find name 'Input'.
src/pages/QROperations.tsx(56,16): error TS2304: Cannot find name 'Label'.
src/pages/QROperations.tsx(56,37): error TS2304: Cannot find name 'Label'.
src/pages/QROperations.tsx(57,16): error TS2304: Cannot find name 'Badge'.
src/pages/QROperations.tsx(57,50): error TS2304: Cannot find name 'Badge'.
src/pages/QROperations.tsx(64,14): error TS2304: Cannot find name 'Button'.
src/pages/QROperations.tsx(65,16): error TS2304: Cannot find name 'Copy'.
src/pages/QROperations.tsx(66,15): error TS2304: Cannot find name 'Button'.
src/pages/QROperations.tsx(68,11): error TS2304: Cannot find name 'CardContent'.
src/pages/QROperations.tsx(69,9): error TS2304: Cannot find name 'Card'.
src/pages/RegistrationQueue.tsx(10,17): error TS2304: Cannot find name 'useLanguageContext'.
src/pages/RegistrationQueue.tsx(11,20): error TS2304: Cannot find name 'useAuth'.
src/pages/RegistrationQueue.tsx(12,37): error TS2304: Cannot find name 'useState'.
src/pages/RegistrationQueue.tsx(13,41): error TS2304: Cannot find name 'useState'.
src/pages/RegistrationQueue.tsx(14,37): error TS2304: Cannot find name 'useState'.
src/pages/RegistrationQueue.tsx(15,33): error TS2304: Cannot find name 'useState'.
src/pages/RegistrationQueue.tsx(46,14): error TS2304: Cannot find name 'Search'.
src/pages/RegistrationQueue.tsx(112,30): error TS2304: Cannot find name 'CheckCircle2'.
src/pages/RegistrationQueue.tsx(116,30): error TS2304: Cannot find name 'XCircle'.
src/pages/reports/FinancialReportPage.tsx(10,17): error TS2304: Cannot find name 'useLanguageContext'.
src/pages/reports/FinancialReportPage.tsx(11,47): error TS2304: Cannot find name 'useShipments'.
src/pages/reports/FinancialReportPage.tsx(14,28): error TS2304: Cannot find name 'useMemo'.
src/pages/reports/MerchantReportPage.tsx(2,17): error TS2304: Cannot find name 'useTranslation'.
src/pages/reports/MerchantReportPage.tsx(14,10): error TS2304: Cannot find name 'Card'.
src/pages/reports/MerchantReportPage.tsx(15,12): error TS2304: Cannot find name 'CardContent'.
src/pages/reports/MerchantReportPage.tsx(18,16): error TS2304: Cannot find name 'Store'.
src/pages/reports/MerchantReportPage.tsx(21,13): error TS2304: Cannot find name 'CardContent'.
src/pages/reports/MerchantReportPage.tsx(22,11): error TS2304: Cannot find name 'Card'.
src/pages/reports/MerchantReportPage.tsx(25,8): error TS2304: Cannot find name 'Card'.
src/pages/reports/MerchantReportPage.tsx(26,10): error TS2304: Cannot find name 'CardContent'.
src/pages/reports/MerchantReportPage.tsx(30,11): error TS2304: Cannot find name 'CardContent'.
src/pages/reports/MerchantReportPage.tsx(31,9): error TS2304: Cannot find name 'Card'.
src/pages/reports/ReportsHome.tsx(10,6): error TS2304: Cannot find name 'Link'.
src/pages/reports/ReportsHome.tsx(16,7): error TS2304: Cannot find name 'Link'.
src/pages/reports/ReportsHome.tsx(21,11): error TS2451: Cannot redeclare block-scoped variable 't'.
src/pages/reports/ReportsHome.tsx(21,17): error TS2304: Cannot find name 'useLanguageContext'.
src/pages/reports/ReportsHome.tsx(22,11): error TS2451: Cannot redeclare block-scoped variable 't'.
src/pages/reports/ReportsHome.tsx(22,17): error TS2304: Cannot find name 'useLanguageContext'.
src/pages/reports/ReportsHome.tsx(23,11): error TS2451: Cannot redeclare block-scoped variable 't'.
src/pages/reports/ReportsHome.tsx(23,17): error TS2304: Cannot find name 'useLanguageContext'.
src/pages/reports/ReportsHome.tsx(24,11): error TS2451: Cannot redeclare block-scoped variable 't'.
src/pages/reports/ReportsHome.tsx(24,17): error TS2304: Cannot find name 'useLanguageContext'.
src/pages/reports/ReportsHome.tsx(28,8): error TS2304: Cannot find name 'PageHeader'.
src/pages/reports/ReportsHome.tsx(32,8): error TS2304: Cannot find name 'Card'.
src/pages/reports/ReportsHome.tsx(35,17): error TS2304: Cannot find name 'ROUTE_PATHS'.
src/pages/reports/ReportsHome.tsx(40,17): error TS2304: Cannot find name 'ROUTE_PATHS'.
src/pages/reports/ReportsHome.tsx(45,17): error TS2304: Cannot find name 'ROUTE_PATHS'.
src/pages/reports/ReportsHome.tsx(50,17): error TS2304: Cannot find name 'ROUTE_PATHS'.
src/pages/reports/ReportsHome.tsx(55,17): error TS2304: Cannot find name 'ROUTE_PATHS'.
src/pages/reports/ReportsHome.tsx(60,9): error TS2304: Cannot find name 'Card'.
src/pages/ReportsHome.tsx(15,11): error TS2451: Cannot redeclare block-scoped variable 't'.
src/pages/ReportsHome.tsx(15,17): error TS2304: Cannot find name 'useLanguageContext'.
src/pages/ReportsHome.tsx(16,11): error TS2451: Cannot redeclare block-scoped variable 't'.
src/pages/ReportsHome.tsx(16,17): error TS2304: Cannot find name 'useLanguageContext'.
src/pages/ReportsHome.tsx(17,11): error TS2451: Cannot redeclare block-scoped variable 't'.
src/pages/ReportsHome.tsx(17,17): error TS2304: Cannot find name 'useLanguageContext'.
src/pages/ReportsHome.tsx(18,11): error TS2451: Cannot redeclare block-scoped variable 't'.
src/pages/ReportsHome.tsx(18,17): error TS2304: Cannot find name 'useLanguageContext'.
src/pages/ReportsHome.tsx(19,20): error TS2304: Cannot find name 'useNavigate'.
src/pages/ReportsHome.tsx(29,29): error TS2339: Property 'REPORTS_DELIVERYMAN' does not exist on type '{ readonly HOME: "/"; readonly LOGIN: "/login"; readonly DASHBOARD: "/admin/dashboard"; readonly CUSTOMER_DASHBOARD: "/customer/dashboard"; readonly MERCHANT_DASHBOARD: "/merchant/dashboard"; ... 26 more ...; readonly OFFICE: { ...; }; }'.
src/pages/ReportsHome.tsx(36,29): error TS2339: Property 'REPORTS_MERCHANT' does not exist on type '{ readonly HOME: "/"; readonly LOGIN: "/login"; readonly DASHBOARD: "/admin/dashboard"; readonly CUSTOMER_DASHBOARD: "/customer/dashboard"; readonly MERCHANT_DASHBOARD: "/merchant/dashboard"; ... 26 more ...; readonly OFFICE: { ...; }; }'.
src/pages/ReportsHome.tsx(43,29): error TS2339: Property 'REPORTS_TOWN' does not exist on type '{ readonly HOME: "/"; readonly LOGIN: "/login"; readonly DASHBOARD: "/admin/dashboard"; readonly CUSTOMER_DASHBOARD: "/customer/dashboard"; readonly MERCHANT_DASHBOARD: "/merchant/dashboard"; ... 26 more ...; readonly OFFICE: { ...; }; }'.
src/pages/ReportsHome.tsx(50,29): error TS2339: Property 'REPORTS_DELIVERY_WAYS' does not exist on type '{ readonly HOME: "/"; readonly LOGIN: "/login"; readonly DASHBOARD: "/admin/dashboard"; readonly CUSTOMER_DASHBOARD: "/customer/dashboard"; readonly MERCHANT_DASHBOARD: "/merchant/dashboard"; ... 26 more ...; readonly OFFICE: { ...; }; }'.
src/pages/ReportsHome.tsx(61,17): error TS2304: Cannot find name 'BarChart3'.
src/pages/ReportsHome.tsx(62,29): error TS2339: Property 'REPORTS_BALANCE_SHEET' does not exist on type '{ readonly HOME: "/"; readonly LOGIN: "/login"; readonly DASHBOARD: "/admin/dashboard"; readonly CUSTOMER_DASHBOARD: "/customer/dashboard"; readonly MERCHANT_DASHBOARD: "/merchant/dashboard"; ... 26 more ...; readonly OFFICE: { ...; }; }'.
src/pages/ReportsHome.tsx(68,17): error TS2304: Cannot find name 'FileText'.
src/pages/ReportsHome.tsx(69,29): error TS2339: Property 'REPORTS_GENERAL_LEDGER' does not exist on type '{ readonly HOME: "/"; readonly LOGIN: "/login"; readonly DASHBOARD: "/admin/dashboard"; readonly CUSTOMER_DASHBOARD: "/customer/dashboard"; readonly MERCHANT_DASHBOARD: "/merchant/dashboard"; ... 26 more ...; readonly OFFICE: { ...; }; }'.
src/pages/ReportsHome.tsx(76,29): error TS2339: Property 'REPORTS_INCOME_STATEMENT' does not exist on type '{ readonly HOME: "/"; readonly LOGIN: "/login"; readonly DASHBOARD: "/admin/dashboard"; readonly CUSTOMER_DASHBOARD: "/customer/dashboard"; readonly MERCHANT_DASHBOARD: "/merchant/dashboard"; ... 26 more ...; readonly OFFICE: { ...; }; }'.
src/pages/ReportsHome.tsx(83,29): error TS2339: Property 'REPORTS_PROFIT_LOSS' does not exist on type '{ readonly HOME: "/"; readonly LOGIN: "/login"; readonly DASHBOARD: "/admin/dashboard"; readonly CUSTOMER_DASHBOARD: "/customer/dashboard"; readonly MERCHANT_DASHBOARD: "/merchant/dashboard"; ... 26 more ...; readonly OFFICE: { ...; }; }'.
src/pages/ReportsHome.tsx(95,29): error TS2339: Property 'REPORTS_AUDIT' does not exist on type '{ readonly HOME: "/"; readonly LOGIN: "/login"; readonly DASHBOARD: "/admin/dashboard"; readonly CUSTOMER_DASHBOARD: "/customer/dashboard"; readonly MERCHANT_DASHBOARD: "/merchant/dashboard"; ... 26 more ...; readonly OFFICE: { ...; }; }'.
src/pages/ReportsHome.tsx(102,29): error TS2339: Property 'REPORTS_TICKETS_OPEN' does not exist on type '{ readonly HOME: "/"; readonly LOGIN: "/login"; readonly DASHBOARD: "/admin/dashboard"; readonly CUSTOMER_DASHBOARD: "/customer/dashboard"; readonly MERCHANT_DASHBOARD: "/merchant/dashboard"; ... 26 more ...; readonly OFFICE: { ...; }; }'.
src/pages/ReportsHome.tsx(108,17): error TS2304: Cannot find name 'FileText'.
src/pages/ReportsHome.tsx(109,29): error TS2339: Property 'REPORTS_TICKETS_CLOSED' does not exist on type '{ readonly HOME: "/"; readonly LOGIN: "/login"; readonly DASHBOARD: "/admin/dashboard"; readonly CUSTOMER_DASHBOARD: "/customer/dashboard"; readonly MERCHANT_DASHBOARD: "/merchant/dashboard"; ... 26 more ...; readonly OFFICE: { ...; }; }'.
src/pages/ReportsHome.tsx(131,12): error TS2304: Cannot find name 'Card'.
src/pages/ReportsHome.tsx(132,14): error TS2304: Cannot find name 'CardContent'.
src/pages/ReportsHome.tsx(136,15): error TS2304: Cannot find name 'CardContent'.
src/pages/ReportsHome.tsx(137,13): error TS2304: Cannot find name 'Card'.
src/pages/ReportsHome.tsx(139,12): error TS2304: Cannot find name 'Card'.
src/pages/ReportsHome.tsx(140,14): error TS2304: Cannot find name 'CardContent'.
src/pages/ReportsHome.tsx(144,15): error TS2304: Cannot find name 'CardContent'.
src/pages/ReportsHome.tsx(145,13): error TS2304: Cannot find name 'Card'.
src/pages/ReportsHome.tsx(147,12): error TS2304: Cannot find name 'Card'.
src/pages/ReportsHome.tsx(148,14): error TS2304: Cannot find name 'CardContent'.
src/pages/ReportsHome.tsx(152,15): error TS2304: Cannot find name 'CardContent'.
src/pages/ReportsHome.tsx(153,13): error TS2304: Cannot find name 'Card'.
src/pages/ReportsHome.tsx(155,12): error TS2304: Cannot find name 'Card'.
src/pages/ReportsHome.tsx(156,14): error TS2304: Cannot find name 'CardContent'.
src/pages/ReportsHome.tsx(160,15): error TS2304: Cannot find name 'CardContent'.
src/pages/ReportsHome.tsx(161,13): error TS2304: Cannot find name 'Card'.
src/pages/ReportsHome.tsx(170,18): error TS2304: Cannot find name 'Card'.
src/pages/ReportsHome.tsx(175,20): error TS2304: Cannot find name 'CardHeader'.
src/pages/ReportsHome.tsx(179,22): error TS2304: Cannot find name 'CardTitle'.
src/pages/ReportsHome.tsx(179,79): error TS2304: Cannot find name 'CardTitle'.
src/pages/ReportsHome.tsx(180,21): error TS2304: Cannot find name 'CardHeader'.
src/pages/ReportsHome.tsx(181,20): error TS2304: Cannot find name 'CardContent'.
src/pages/ReportsHome.tsx(183,21): error TS2304: Cannot find name 'CardContent'.
src/pages/ReportsHome.tsx(184,19): error TS2304: Cannot find name 'Card'.
src/pages/ReportsPage.tsx(76,11): error TS2451: Cannot redeclare block-scoped variable 't'.
src/pages/ReportsPage.tsx(76,17): error TS2304: Cannot find name 'useLanguageContext'.
src/pages/ReportsPage.tsx(77,11): error TS2451: Cannot redeclare block-scoped variable 't'.
src/pages/ReportsPage.tsx(77,17): error TS2304: Cannot find name 'useLanguageContext'.
src/pages/ReportsPage.tsx(78,11): error TS2451: Cannot redeclare block-scoped variable 't'.
src/pages/ReportsPage.tsx(78,17): error TS2304: Cannot find name 'useLanguageContext'.
src/pages/ReportsPage.tsx(79,11): error TS2451: Cannot redeclare block-scoped variable 't'.
src/pages/ReportsPage.tsx(79,17): error TS2304: Cannot find name 'useLanguageContext'.
src/pages/ReportsPage.tsx(80,37): error TS2304: Cannot find name 'useState'.
src/pages/ReportsPage.tsx(81,37): error TS2304: Cannot find name 'useState'.
src/pages/ReportsPage.tsx(82,47): error TS2304: Cannot find name 'useState'.
src/pages/ReportsPage.tsx(96,6): error TS2304: Cannot find name 'Card'.
src/pages/ReportsPage.tsx(97,8): error TS2304: Cannot find name 'CardHeader'.
src/pages/ReportsPage.tsx(98,10): error TS2304: Cannot find name 'CardTitle'.
src/pages/ReportsPage.tsx(98,29): error TS2304: Cannot find name 'CardTitle'.
src/pages/ReportsPage.tsx(99,10): error TS2304: Cannot find name 'CardDescription'.
src/pages/ReportsPage.tsx(99,41): error TS2304: Cannot find name 'CardDescription'.
src/pages/ReportsPage.tsx(100,9): error TS2304: Cannot find name 'CardHeader'.
src/pages/ReportsPage.tsx(101,8): error TS2304: Cannot find name 'CardContent'.
src/pages/ReportsPage.tsx(126,9): error TS2304: Cannot find name 'CardContent'.
src/pages/ReportsPage.tsx(127,7): error TS2304: Cannot find name 'Card'.
src/pages/ReportsPage.tsx(140,12): error TS2304: Cannot find name 'Button'.
src/pages/ReportsPage.tsx(143,13): error TS2304: Cannot find name 'Button'.
src/pages/ReportsPage.tsx(144,12): error TS2304: Cannot find name 'Button'.
src/pages/ReportsPage.tsx(147,13): error TS2304: Cannot find name 'Button'.
src/pages/ReportsPage.tsx(152,8): error TS2304: Cannot find name 'Card'.
src/pages/ReportsPage.tsx(153,10): error TS2304: Cannot find name 'CardHeader'.
src/pages/ReportsPage.tsx(154,12): error TS2304: Cannot find name 'CardTitle'.
src/pages/ReportsPage.tsx(154,41): error TS2304: Cannot find name 'CardTitle'.
src/pages/ReportsPage.tsx(155,12): error TS2304: Cannot find name 'CardDescription'.
src/pages/ReportsPage.tsx(157,13): error TS2304: Cannot find name 'CardDescription'.
src/pages/ReportsPage.tsx(158,11): error TS2304: Cannot find name 'CardHeader'.
src/pages/ReportsPage.tsx(159,10): error TS2304: Cannot find name 'CardContent'.
src/pages/ReportsPage.tsx(162,16): error TS2304: Cannot find name 'Label'.
src/pages/ReportsPage.tsx(162,35): error TS2304: Cannot find name 'Label'.
src/pages/ReportsPage.tsx(181,16): error TS2304: Cannot find name 'Label'.
src/pages/ReportsPage.tsx(181,35): error TS2304: Cannot find name 'Label'.
src/pages/ReportsPage.tsx(198,16): error TS2304: Cannot find name 'Label'.
src/pages/ReportsPage.tsx(198,37): error TS2304: Cannot find name 'Label'.
src/pages/ReportsPage.tsx(211,11): error TS2304: Cannot find name 'CardContent'.
src/pages/ReportsPage.tsx(212,9): error TS2304: Cannot find name 'Card'.
src/pages/ReportsPage.tsx(216,10): error TS2304: Cannot find name 'Card'.
src/pages/ReportsPage.tsx(217,12): error TS2304: Cannot find name 'CardHeader'.
src/pages/ReportsPage.tsx(218,14): error TS2304: Cannot find name 'CardTitle'.
src/pages/ReportsPage.tsx(218,68): error TS2304: Cannot find name 'CardTitle'.
src/pages/ReportsPage.tsx(220,13): error TS2304: Cannot find name 'CardHeader'.
src/pages/ReportsPage.tsx(221,12): error TS2304: Cannot find name 'CardContent'.
src/pages/ReportsPage.tsx(226,13): error TS2304: Cannot find name 'CardContent'.
src/pages/ReportsPage.tsx(227,11): error TS2304: Cannot find name 'Card'.
src/pages/ReportsPage.tsx(229,10): error TS2304: Cannot find name 'Card'.
src/pages/ReportsPage.tsx(230,12): error TS2304: Cannot find name 'CardHeader'.
src/pages/ReportsPage.tsx(231,14): error TS2304: Cannot find name 'CardTitle'.
src/pages/ReportsPage.tsx(231,76): error TS2304: Cannot find name 'CardTitle'.
src/pages/ReportsPage.tsx(233,13): error TS2304: Cannot find name 'CardHeader'.
src/pages/ReportsPage.tsx(234,12): error TS2304: Cannot find name 'CardContent'.
src/pages/ReportsPage.tsx(239,13): error TS2304: Cannot find name 'CardContent'.
src/pages/ReportsPage.tsx(240,11): error TS2304: Cannot find name 'Card'.
src/pages/ReportsPage.tsx(242,10): error TS2304: Cannot find name 'Card'.
src/pages/ReportsPage.tsx(243,12): error TS2304: Cannot find name 'CardHeader'.
src/pages/ReportsPage.tsx(244,14): error TS2304: Cannot find name 'CardTitle'.
src/pages/ReportsPage.tsx(244,74): error TS2304: Cannot find name 'CardTitle'.
src/pages/ReportsPage.tsx(246,13): error TS2304: Cannot find name 'CardHeader'.
src/pages/ReportsPage.tsx(247,12): error TS2304: Cannot find name 'CardContent'.
src/pages/ReportsPage.tsx(252,13): error TS2304: Cannot find name 'CardContent'.
src/pages/ReportsPage.tsx(253,11): error TS2304: Cannot find name 'Card'.
src/pages/ReportsPage.tsx(255,10): error TS2304: Cannot find name 'Card'.
src/pages/ReportsPage.tsx(256,12): error TS2304: Cannot find name 'CardHeader'.
src/pages/ReportsPage.tsx(257,14): error TS2304: Cannot find name 'CardTitle'.
src/pages/ReportsPage.tsx(257,70): error TS2304: Cannot find name 'CardTitle'.
src/pages/ReportsPage.tsx(259,13): error TS2304: Cannot find name 'CardHeader'.
src/pages/ReportsPage.tsx(260,12): error TS2304: Cannot find name 'CardContent'.
src/pages/ReportsPage.tsx(265,13): error TS2304: Cannot find name 'CardContent'.
src/pages/ReportsPage.tsx(266,11): error TS2304: Cannot find name 'Card'.
src/pages/ReportsPage.tsx(269,8): error TS2304: Cannot find name 'Tabs'.
src/pages/ReportsPage.tsx(270,10): error TS2304: Cannot find name 'TabsList'.
src/pages/ReportsPage.tsx(271,12): error TS2304: Cannot find name 'TabsTrigger'.
src/pages/ReportsPage.tsx(274,13): error TS2304: Cannot find name 'TabsTrigger'.
src/pages/ReportsPage.tsx(275,12): error TS2304: Cannot find name 'TabsTrigger'.
src/pages/ReportsPage.tsx(278,13): error TS2304: Cannot find name 'TabsTrigger'.
src/pages/ReportsPage.tsx(279,12): error TS2304: Cannot find name 'TabsTrigger'.
src/pages/ReportsPage.tsx(282,13): error TS2304: Cannot find name 'TabsTrigger'.
src/pages/ReportsPage.tsx(283,12): error TS2304: Cannot find name 'TabsTrigger'.
src/pages/ReportsPage.tsx(286,13): error TS2304: Cannot find name 'TabsTrigger'.
src/pages/ReportsPage.tsx(287,12): error TS2304: Cannot find name 'TabsTrigger'.
src/pages/ReportsPage.tsx(290,13): error TS2304: Cannot find name 'TabsTrigger'.
src/pages/ReportsPage.tsx(291,12): error TS2304: Cannot find name 'TabsTrigger'.
src/pages/ReportsPage.tsx(294,13): error TS2304: Cannot find name 'TabsTrigger'.
src/pages/ReportsPage.tsx(295,11): error TS2304: Cannot find name 'TabsList'.
src/pages/ReportsPage.tsx(297,10): error TS2304: Cannot find name 'TabsContent'.
src/pages/ReportsPage.tsx(303,11): error TS2304: Cannot find name 'TabsContent'.
src/pages/ReportsPage.tsx(305,10): error TS2304: Cannot find name 'TabsContent'.
src/pages/ReportsPage.tsx(311,11): error TS2304: Cannot find name 'TabsContent'.
src/pages/ReportsPage.tsx(313,10): error TS2304: Cannot find name 'TabsContent'.
src/pages/ReportsPage.tsx(319,11): error TS2304: Cannot find name 'TabsContent'.
src/pages/ReportsPage.tsx(321,10): error TS2304: Cannot find name 'TabsContent'.
src/pages/ReportsPage.tsx(327,11): error TS2304: Cannot find name 'TabsContent'.
src/pages/ReportsPage.tsx(329,10): error TS2304: Cannot find name 'TabsContent'.
src/pages/ReportsPage.tsx(338,16): error TS2304: Cannot find name 'Card'.
src/pages/ReportsPage.tsx(339,18): error TS2304: Cannot find name 'CardHeader'.
src/pages/ReportsPage.tsx(340,20): error TS2304: Cannot find name 'CardTitle'.
src/pages/ReportsPage.tsx(340,67): error TS2304: Cannot find name 'CardTitle'.
src/pages/ReportsPage.tsx(341,20): error TS2304: Cannot find name 'CardDescription'.
src/pages/ReportsPage.tsx(343,21): error TS2304: Cannot find name 'CardDescription'.
src/pages/ReportsPage.tsx(344,19): error TS2304: Cannot find name 'CardHeader'.
src/pages/ReportsPage.tsx(345,18): error TS2304: Cannot find name 'CardContent'.
src/pages/ReportsPage.tsx(357,19): error TS2304: Cannot find name 'CardContent'.
src/pages/ReportsPage.tsx(358,17): error TS2304: Cannot find name 'Card'.
src/pages/ReportsPage.tsx(360,16): error TS2304: Cannot find name 'Card'.
src/pages/ReportsPage.tsx(361,18): error TS2304: Cannot find name 'CardHeader'.
src/pages/ReportsPage.tsx(362,20): error TS2304: Cannot find name 'CardTitle'.
src/pages/ReportsPage.tsx(362,64): error TS2304: Cannot find name 'CardTitle'.
src/pages/ReportsPage.tsx(363,20): error TS2304: Cannot find name 'CardDescription'.
src/pages/ReportsPage.tsx(365,21): error TS2304: Cannot find name 'CardDescription'.
src/pages/ReportsPage.tsx(366,19): error TS2304: Cannot find name 'CardHeader'.
src/pages/ReportsPage.tsx(367,18): error TS2304: Cannot find name 'CardContent'.
src/pages/ReportsPage.tsx(379,19): error TS2304: Cannot find name 'CardContent'.
src/pages/ReportsPage.tsx(380,17): error TS2304: Cannot find name 'Card'.
src/pages/ReportsPage.tsx(383,11): error TS2304: Cannot find name 'TabsContent'.
src/pages/ReportsPage.tsx(385,10): error TS2304: Cannot find name 'TabsContent'.
src/pages/ReportsPage.tsx(387,14): error TS2304: Cannot find name 'Card'.
src/pages/ReportsPage.tsx(388,16): error TS2304: Cannot find name 'CardHeader'.
src/pages/ReportsPage.tsx(389,18): error TS2304: Cannot find name 'CardTitle'.
src/pages/ReportsPage.tsx(389,66): error TS2304: Cannot find name 'CardTitle'.
src/pages/ReportsPage.tsx(390,18): error TS2304: Cannot find name 'CardDescription'.
src/pages/ReportsPage.tsx(392,19): error TS2304: Cannot find name 'CardDescription'.
src/pages/ReportsPage.tsx(393,17): error TS2304: Cannot find name 'CardHeader'.
src/pages/ReportsPage.tsx(394,16): error TS2304: Cannot find name 'CardContent'.
src/pages/ReportsPage.tsx(413,17): error TS2304: Cannot find name 'CardContent'.
src/pages/ReportsPage.tsx(414,15): error TS2304: Cannot find name 'Card'.
src/pages/ReportsPage.tsx(416,14): error TS2304: Cannot find name 'Card'.
src/pages/ReportsPage.tsx(417,16): error TS2304: Cannot find name 'CardHeader'.
src/pages/ReportsPage.tsx(418,18): error TS2304: Cannot find name 'CardTitle'.
src/pages/ReportsPage.tsx(418,60): error TS2304: Cannot find name 'CardTitle'.
src/pages/ReportsPage.tsx(419,18): error TS2304: Cannot find name 'CardDescription'.
src/pages/ReportsPage.tsx(421,19): error TS2304: Cannot find name 'CardDescription'.
src/pages/ReportsPage.tsx(422,17): error TS2304: Cannot find name 'CardHeader'.
src/pages/ReportsPage.tsx(423,16): error TS2304: Cannot find name 'CardContent'.
src/pages/ReportsPage.tsx(446,17): error TS2304: Cannot find name 'CardContent'.
src/pages/ReportsPage.tsx(447,15): error TS2304: Cannot find name 'Card'.
src/pages/ReportsPage.tsx(449,11): error TS2304: Cannot find name 'TabsContent'.
src/pages/ReportsPage.tsx(450,9): error TS2304: Cannot find name 'Tabs'.
src/pages/RevenueForecast.tsx(13,11): error TS2451: Cannot redeclare block-scoped variable 't'.
src/pages/RevenueForecast.tsx(13,17): error TS2304: Cannot find name 'useLanguageContext'.
src/pages/RevenueForecast.tsx(14,11): error TS2451: Cannot redeclare block-scoped variable 't'.
src/pages/RevenueForecast.tsx(14,17): error TS2304: Cannot find name 'useLanguageContext'.
src/pages/RevenueForecast.tsx(15,11): error TS2451: Cannot redeclare block-scoped variable 't'.
src/pages/RevenueForecast.tsx(15,17): error TS2304: Cannot find name 'useLanguageContext'.
src/pages/RevenueForecast.tsx(19,8): error TS2304: Cannot find name 'ResponsiveContainer'.
src/pages/RevenueForecast.tsx(20,10): error TS2304: Cannot find name 'AreaChart'.
src/pages/RevenueForecast.tsx(21,12): error TS2304: Cannot find name 'XAxis'.
src/pages/RevenueForecast.tsx(22,12): error TS2304: Cannot find name 'YAxis'.
src/pages/RevenueForecast.tsx(23,12): error TS2304: Cannot find name 'Tooltip'.
src/pages/RevenueForecast.tsx(24,12): error TS2304: Cannot find name 'Area'.
src/pages/RevenueForecast.tsx(31,11): error TS2304: Cannot find name 'AreaChart'.
src/pages/RevenueForecast.tsx(32,9): error TS2304: Cannot find name 'ResponsiveContainer'.
src/pages/rider/DeliveryFlow.tsx(21,26): error TS2306: File 'D:/final1_23022026/src/components/ui/use-toast.ts' is not a module.
src/pages/rider/DeliveryFlow.tsx(73,11): error TS2451: Cannot redeclare block-scoped variable 't'.
src/pages/rider/DeliveryFlow.tsx(74,11): error TS2451: Cannot redeclare block-scoped variable 't'.
src/pages/rider/DeliveryFlow.tsx(75,11): error TS2451: Cannot redeclare block-scoped variable 't'.
src/pages/rider/DeliveryFlow.tsx(76,20): error TS2304: Cannot find name 'useNavigate'.
src/pages/rider/DeliveryFlow.tsx(80,27): error TS2304: Cannot find name 'useState'.
src/pages/rider/DeliveryFlow.tsx(81,35): error TS2304: Cannot find name 'useState'.
src/pages/rider/DeliveryFlow.tsx(82,33): error TS2304: Cannot find name 'useState'.
src/pages/rider/DeliveryFlow.tsx(83,41): error TS2304: Cannot find name 'useState'.
src/pages/rider/DeliveryFlow.tsx(84,35): error TS2304: Cannot find name 'useState'.
src/pages/rider/DeliveryFlow.tsx(85,41): error TS2304: Cannot find name 'useState'.
src/pages/rider/DeliveryFlow.tsx(86,33): error TS2304: Cannot find name 'useState'.
src/pages/rider/DeliveryFlow.tsx(87,39): error TS2304: Cannot find name 'useState'.
src/pages/rider/DeliveryFlow.tsx(89,18): error TS2304: Cannot find name 'useRef'.
src/pages/rider/DeliveryFlow.tsx(90,27): error TS2304: Cannot find name 'useRef'.
src/pages/rider/DeliveryFlow.tsx(92,33): error TS2304: Cannot find name 'useState'.
src/pages/rider/DeliveryFlow.tsx(99,33): error TS2304: Cannot find name 'useState'.
src/pages/rider/DeliveryFlow.tsx(101,31): error TS2304: Cannot find name 'useMemo'.
src/pages/rider/DeliveryFlow.tsx(103,29): error TS2304: Cannot find name 'useMemo'.
src/pages/rider/DeliveryFlow.tsx(109,3): error TS2304: Cannot find name 'useEffect'.
src/pages/rider/DeliveryFlow.tsx(120,22): error TS2304: Cannot find name 'useCallback'.
src/pages/rider/DeliveryFlow.tsx(132,25): error TS2304: Cannot find name 'useCallback'.
src/pages/rider/DeliveryFlow.tsx(137,27): error TS2304: Cannot find name 'useCallback'.
src/pages/rider/DeliveryFlow.tsx(146,25): error TS2304: Cannot find name 'useCallback'.
src/pages/rider/DeliveryFlow.tsx(164,12): error TS2304: Cannot find name 'ChevronLeft'.
src/pages/rider/DeliveryFlow.tsx(173,76): error TS2304: Cannot find name 'ChevronLeft'.
src/pages/rider/DeliveryFlow.tsx(180,61): error TS2304: Cannot find name 'User'.
src/pages/rider/DeliveryFlow.tsx(191,86): error TS2304: Cannot find name 'ShieldCheck'.
src/pages/rider/DeliveryFlow.tsx(214,84): error TS2304: Cannot find name 'PenTool'.
src/pages/rider/DeliveryFlow.tsx(233,31): error TS2322: Type '{ onSave: (sig: any) => any; }' is not assignable to type 'IntrinsicAttributes'.
  Property 'onSave' does not exist on type 'IntrinsicAttributes'.
src/pages/rider/DeliveryFlow.tsx(247,85): error TS2304: Cannot find name 'AlertTriangle'.
src/pages/rider/JobDetailScreen.tsx(28,21): error TS2304: Cannot find name 'useParams'.
src/pages/rider/JobDetailScreen.tsx(29,20): error TS2304: Cannot find name 'useNavigate'.
src/pages/rider/JobDetailScreen.tsx(33,36): error TS2749: 'RiderTask' refers to a value, but is being used as a type here. Did you mean 'typeof RiderTask'?
src/pages/rider/JobDetailScreen.tsx(201,6): error TS2304: Cannot find name 'motion'.
src/pages/rider/JobDetailScreen.tsx(208,8): error TS2304: Cannot find name 'motion'.
src/pages/rider/JobDetailScreen.tsx(234,9): error TS2304: Cannot find name 'motion'.
src/pages/rider/JobDetailScreen.tsx(238,10): error TS2304: Cannot find name 'motion'.
src/pages/rider/JobDetailScreen.tsx(254,11): error TS2304: Cannot find name 'motion'.
src/pages/rider/JobDetailScreen.tsx(257,10): error TS2304: Cannot find name 'motion'.
src/pages/rider/JobDetailScreen.tsx(280,20): error TS2304: Cannot find name 'Phone'.
src/pages/rider/JobDetailScreen.tsx(284,20): error TS2304: Cannot find name 'MessageCircle'.
src/pages/rider/JobDetailScreen.tsx(290,11): error TS2304: Cannot find name 'motion'.
src/pages/rider/JobDetailScreen.tsx(293,10): error TS2304: Cannot find name 'motion'.
src/pages/rider/JobDetailScreen.tsx(392,11): error TS2304: Cannot find name 'motion'.
src/pages/rider/JobDetailScreen.tsx(395,10): error TS2304: Cannot find name 'motion'.
src/pages/rider/JobDetailScreen.tsx(442,11): error TS2304: Cannot find name 'motion'.
src/pages/rider/JobDetailScreen.tsx(446,12): error TS2304: Cannot find name 'motion'.
src/pages/rider/JobDetailScreen.tsx(494,13): error TS2304: Cannot find name 'motion'.
src/pages/rider/JobDetailScreen.tsx(497,7): error TS2304: Cannot find name 'motion'.
src/pages/rider/PickupFlow.tsx(5,17): error TS2304: Cannot find name 'useLanguageContext'.
src/pages/rider/PickupFlow.tsx(6,39): error TS2304: Cannot find name 'useState'.
src/pages/rider/PickupFlow.tsx(7,39): error TS2304: Cannot find name 'useState'.
src/pages/rider/PickupFlow.tsx(8,39): error TS2304: Cannot find name 'useState'.
src/pages/rider/PickupFlow.tsx(11,3): error TS2304: Cannot find name 'useEffect'.
src/pages/rider/PickupFlow.tsx(13,27): error TS2304: Cannot find name 'Html5QrcodeScanner'.
src/pages/rider/PickupFlow.tsx(53,14): error TS2304: Cannot find name 'Button'.
src/pages/rider/PickupFlow.tsx(55,15): error TS2304: Cannot find name 'Button'.
src/pages/rider/PickupFlow.tsx(64,12): error TS2304: Cannot find name 'Button'.
src/pages/rider/PickupFlow.tsx(66,13): error TS2304: Cannot find name 'Button'.
src/pages/rider/PickupFlow.tsx(84,18): error TS2304: Cannot find name 'Button'.
src/pages/rider/PickupFlow.tsx(92,19): error TS2304: Cannot find name 'Button'.
src/pages/rider/PickupFlow.tsx(94,18): error TS2304: Cannot find name 'Button'.
src/pages/rider/PickupFlow.tsx(100,19): error TS2304: Cannot find name 'Button'.
src/pages/rider/PickupFlow.tsx(105,12): error TS2304: Cannot find name 'Button'.
src/pages/rider/PickupFlow.tsx(107,13): error TS2304: Cannot find name 'Button'.
src/pages/rider/RiderDashboard.tsx(25,20): error TS2304: Cannot find name 'useNavigate'.
src/pages/rider/RiderDashboard.tsx(32,38): error TS2749: 'Rider' refers to a value, but is being used as a type here. Did you mean 'typeof Rider'?
src/pages/rider/RiderDashboard.tsx(33,38): error TS2749: 'RiderTask' refers to a value, but is being used as a type here. Did you mean 'typeof RiderTask'?
src/pages/rider/RiderDashboard.tsx(167,6): error TS2304: Cannot find name 'motion'.
src/pages/rider/RiderDashboard.tsx(174,8): error TS2304: Cannot find name 'motion'.
src/pages/rider/RiderDashboard.tsx(179,18): error TS2304: Cannot find name 'Truck'.
src/pages/rider/RiderDashboard.tsx(206,18): error TS2304: Cannot find name 'Bell'.
src/pages/rider/RiderDashboard.tsx(233,9): error TS2304: Cannot find name 'motion'.
src/pages/rider/RiderDashboard.tsx(237,10): error TS2304: Cannot find name 'motion'.
src/pages/rider/RiderDashboard.tsx(244,18): error TS2304: Cannot find name 'Package'.
src/pages/rider/RiderDashboard.tsx(283,11): error TS2304: Cannot find name 'motion'.
src/pages/rider/RiderDashboard.tsx(286,10): error TS2304: Cannot find name 'motion'.
src/pages/rider/RiderDashboard.tsx(300,11): error TS2304: Cannot find name 'motion'.
src/pages/rider/RiderDashboard.tsx(304,12): error TS2304: Cannot find name 'motion'.
src/pages/rider/RiderDashboard.tsx(326,22): error TS2304: Cannot find name 'Package'.
src/pages/rider/RiderDashboard.tsx(330,21): error TS2607: JSX element class does not support attributes because it does not have a 'props' property.
src/pages/rider/RiderDashboard.tsx(330,22): error TS2786: 'Map' cannot be used as a JSX component.
  Its type 'MapConstructor' is not a valid JSX element type.
    Type 'MapConstructor' is not assignable to type 'new (props: any, deprecatedLegacyContext?: any) => Component<any, any, any>'.
      Type 'Map<any, any>' is missing the following properties from type 'Component<any, any, any>': context, setState, forceUpdate, render, and 3 more.
src/pages/rider/RiderDashboard.tsx(359,22): error TS2304: Cannot find name 'Package'.
src/pages/rider/RiderDashboard.tsx(379,13): error TS2304: Cannot find name 'motion'.
src/pages/rider/RiderDashboard.tsx(383,10): error TS2304: Cannot find name 'motion'.
src/pages/rider/RiderDashboard.tsx(395,20): error TS2304: Cannot find name 'Package'.
src/pages/rider/RiderDashboard.tsx(404,19): error TS2607: JSX element class does not support attributes because it does not have a 'props' property.
src/pages/rider/RiderDashboard.tsx(404,20): error TS2786: 'Map' cannot be used as a JSX component.
  Its type 'MapConstructor' is not a valid JSX element type.
    Type 'MapConstructor' is not assignable to type 'new (props: any, deprecatedLegacyContext?: any) => Component<any, any, any>'.
      Type 'Map<any, any>' is missing the following properties from type 'Component<any, any, any>': context, setState, forceUpdate, render, and 3 more.
src/pages/rider/RiderDashboard.tsx(422,20): error TS2304: Cannot find name 'Truck'.
src/pages/rider/RiderDashboard.tsx(428,11): error TS2304: Cannot find name 'motion'.
src/pages/rider/RiderDashboard.tsx(432,12): error TS2304: Cannot find name 'motion'.
src/pages/rider/RiderDashboard.tsx(459,13): error TS2304: Cannot find name 'motion'.
src/pages/rider/RiderDashboard.tsx(462,7): error TS2304: Cannot find name 'motion'.
src/pages/rider/RiderTaskList.tsx(27,20): error TS2304: Cannot find name 'useNavigate'.
src/pages/rider/RiderTaskList.tsx(28,26): error TS2304: Cannot find name 'useSearchParams'.
src/pages/rider/RiderTaskList.tsx(33,38): error TS2749: 'RiderTask' refers to a value, but is being used as a type here. Did you mean 'typeof RiderTask'?
src/pages/rider/RiderTaskList.tsx(34,54): error TS2749: 'RiderTask' refers to a value, but is being used as a type here. Did you mean 'typeof RiderTask'?
src/pages/rider/RiderTaskList.tsx(35,38): error TS2749: 'Rider' refers to a value, but is being used as a type here. Did you mean 'typeof Rider'?
src/pages/rider/RiderTaskList.tsx(167,17): error TS2304: Cannot find name 'ArrowUpCircle'.
src/pages/rider/RiderTaskList.tsx(200,6): error TS2304: Cannot find name 'motion'.
src/pages/rider/RiderTaskList.tsx(207,8): error TS2304: Cannot find name 'motion'.
src/pages/rider/RiderTaskList.tsx(232,9): error TS2304: Cannot find name 'motion'.
src/pages/rider/RiderTaskList.tsx(236,10): error TS2304: Cannot find name 'motion'.
src/pages/rider/RiderTaskList.tsx(277,11): error TS2304: Cannot find name 'motion'.
src/pages/rider/RiderTaskList.tsx(280,10): error TS2304: Cannot find name 'motion'.
src/pages/rider/RiderTaskList.tsx(284,18): error TS2304: Cannot find name 'ArrowUpCircle'.
src/pages/rider/RiderTaskList.tsx(309,20): error TS2304: Cannot find name 'motion'.
src/pages/rider/RiderTaskList.tsx(356,28): error TS2304: Cannot find name 'MapPin'.
src/pages/rider/RiderTaskList.tsx(367,34): error TS2304: Cannot find name 'Clock'.
src/pages/rider/RiderTaskList.tsx(427,21): error TS2304: Cannot find name 'motion'.
src/pages/rider/RiderTaskList.tsx(431,20): error TS2304: Cannot find name 'motion'.
src/pages/rider/RiderTaskList.tsx(446,21): error TS2304: Cannot find name 'motion'.
src/pages/rider/RiderTaskList.tsx(451,11): error TS2304: Cannot find name 'motion'.
src/pages/rider/RiderTaskList.tsx(453,7): error TS2304: Cannot find name 'motion'.
src/pages/rider/RiderWallet.tsx(26,20): error TS2304: Cannot find name 'useNavigate'.
src/pages/rider/RiderWallet.tsx(30,38): error TS2749: 'Rider' refers to a value, but is being used as a type here. Did you mean 'typeof Rider'?
src/pages/rider/RiderWallet.tsx(31,52): error TS2749: 'RiderTransaction' refers to a value, but is being used as a type here. Did you mean 'typeof RiderTransaction'?
src/pages/rider/RiderWallet.tsx(79,17): error TS2304: Cannot find name 'TrendingUp'.
src/pages/rider/RiderWallet.tsx(89,17): error TS2304: Cannot find name 'DollarSign'.
src/pages/rider/RiderWallet.tsx(108,46): error TS2749: 'RiderTransaction' refers to a value, but is being used as a type here. Did you mean 'typeof RiderTransaction'?
src/pages/rider/RiderWallet.tsx(131,47): error TS2749: 'RiderTransaction' refers to a value, but is being used as a type here. Did you mean 'typeof RiderTransaction'?
src/pages/rider/RiderWallet.tsx(137,42): error TS2749: 'RiderTransaction' refers to a value, but is being used as a type here. Did you mean 'typeof RiderTransaction'?
src/pages/rider/RiderWallet.tsx(165,6): error TS2304: Cannot find name 'motion'.
src/pages/rider/RiderWallet.tsx(172,8): error TS2304: Cannot find name 'motion'.
src/pages/rider/RiderWallet.tsx(177,18): error TS2304: Cannot find name 'Wallet'.
src/pages/rider/RiderWallet.tsx(206,9): error TS2304: Cannot find name 'motion'.
src/pages/rider/RiderWallet.tsx(210,10): error TS2304: Cannot find name 'motion'.
src/pages/rider/RiderWallet.tsx(214,18): error TS2304: Cannot find name 'Wallet'.
src/pages/rider/RiderWallet.tsx(226,18): error TS2304: Cannot find name 'DollarSign'.
src/pages/rider/RiderWallet.tsx(234,11): error TS2304: Cannot find name 'motion'.
src/pages/rider/RiderWallet.tsx(237,10): error TS2304: Cannot find name 'motion'.
src/pages/rider/RiderWallet.tsx(251,20): error TS2304: Cannot find name 'TrendingUp'.
src/pages/rider/RiderWallet.tsx(256,11): error TS2304: Cannot find name 'motion'.
src/pages/rider/RiderWallet.tsx(259,10): error TS2304: Cannot find name 'motion'.
src/pages/rider/RiderWallet.tsx(332,20): error TS2304: Cannot find name 'motion'.
src/pages/rider/RiderWallet.tsx(380,21): error TS2304: Cannot find name 'motion'.
src/pages/rider/RiderWallet.tsx(386,24): error TS2304: Cannot find name 'Wallet'.
src/pages/rider/RiderWallet.tsx(487,11): error TS2304: Cannot find name 'motion'.
src/pages/rider/RiderWallet.tsx(489,7): error TS2304: Cannot find name 'motion'.
src/pages/rider/WarehouseDrop.tsx(17,23): error TS2307: Cannot find module 'sonner' or its corresponding type declarations.
src/pages/rider/WarehouseDrop.tsx(22,20): error TS2304: Cannot find name 'useNavigate'.
src/pages/rider/WarehouseDrop.tsx(32,5): error TS2739: Type '{ id: string; awb: string; tamperTagId: string; status: string; pieces: number; type: string; condition: string; cod: { required: false; }; photos: undefined[]; riderId: any; createdAt: string; labelPrintedCount: number; }' is missing the following properties from type 'Shipment': senderName, receiverName, destinationTownship, weight
src/pages/rider/WarehouseDrop.tsx(46,5): error TS2739: Type '{ id: string; awb: string; tamperTagId: string; status: string; pieces: number; type: string; condition: string; cod: { required: true; amount: number; }; photos: undefined[]; riderId: any; createdAt: string; labelPrintedCount: number; }' is missing the following properties from type 'Shipment': senderName, receiverName, destinationTownship, weight
src/pages/rider/WarehouseDrop.tsx(138,16): error TS2304: Cannot find name 'MapPin'.
src/pages/rider/WarehouseDrop.tsx(246,22): error TS2304: Cannot find name 'Package'.
src/pages/rider/WarehouseDrop.tsx(254,28): error TS2304: Cannot find name 'Package'.
src/pages/rider/WarehouseDrop.tsx(262,29): error TS2304: Cannot find name 'CheckCircle2'.
src/pages/rider/WarehouseDrop.tsx(277,28): error TS2304: Cannot find name 'Package'.
src/pages/RiderCalculator.tsx(16,20): error TS2304: Cannot find name 'useAuth'.
src/pages/RiderCalculator.tsx(17,27): error TS2304: Cannot find name 'useLanguageContext'.
src/pages/RiderCalculator.tsx(20,35): error TS2304: Cannot find name 'useState'.
src/pages/RiderCalculator.tsx(21,37): error TS2304: Cannot find name 'useState'.
src/pages/RiderCalculator.tsx(22,33): error TS2304: Cannot find name 'useState'.
src/pages/RiderCalculator.tsx(23,37): error TS2304: Cannot find name 'useState'.
src/pages/RiderCalculator.tsx(24,31): error TS2304: Cannot find name 'useState'.
src/pages/RiderCalculator.tsx(25,39): error TS2304: Cannot find name 'useState'.
src/pages/RiderCalculator.tsx(26,41): error TS2304: Cannot find name 'useState'.
src/pages/RiderCalculator.tsx(29,37): error TS2304: Cannot find name 'useState'.
src/pages/RiderCalculator.tsx(29,46): error TS2304: Cannot find name 'MyanmarLocation'.
src/pages/RiderCalculator.tsx(30,31): error TS2304: Cannot find name 'useState'.
src/pages/RiderCalculator.tsx(30,40): error TS2304: Cannot find name 'RateCalculation'.
src/pages/RiderCalculator.tsx(31,37): error TS2304: Cannot find name 'useState'.
src/pages/RiderCalculator.tsx(32,29): error TS2304: Cannot find name 'useState'.
src/pages/RiderCalculator.tsx(35,3): error TS2304: Cannot find name 'useEffect'.
src/pages/RiderCalculator.tsx(38,32): error TS2304: Cannot find name 'logisticsAPI'.
src/pages/RiderCalculator.tsx(50,18): error TS2304: Cannot find name 'useMemo'.
src/pages/RiderCalculator.tsx(56,28): error TS2304: Cannot find name 'useMemo'.
src/pages/RiderCalculator.tsx(65,28): error TS2304: Cannot find name 'useMemo'.
src/pages/RiderCalculator.tsx(82,32): error TS2304: Cannot find name 'logisticsAPI'.
src/pages/RiderCalculator.tsx(132,8): error TS2304: Cannot find name 'motion'.
src/pages/RiderCalculator.tsx(141,14): error TS2304: Cannot find name 'Calculator'.
src/pages/RiderCalculator.tsx(164,22): error TS2304: Cannot find name 'Truck'.
src/pages/RiderCalculator.tsx(168,22): error TS2304: Cannot find name 'Globe'.
src/pages/RiderCalculator.tsx(178,20): error TS2304: Cannot find name 'Label'.
src/pages/RiderCalculator.tsx(178,89): error TS2304: Cannot find name 'Label'.
src/pages/RiderCalculator.tsx(194,24): error TS2304: Cannot find name 'Label'.
src/pages/RiderCalculator.tsx(194,91): error TS2304: Cannot find name 'Label'.
src/pages/RiderCalculator.tsx(208,24): error TS2304: Cannot find name 'Label'.
src/pages/RiderCalculator.tsx(208,62): error TS2304: Cannot find name 'Label'.
src/pages/RiderCalculator.tsx(209,24): error TS2304: Cannot find name 'Input'.
src/pages/RiderCalculator.tsx(223,20): error TS2304: Cannot find name 'Label'.
src/pages/RiderCalculator.tsx(223,99): error TS2304: Cannot find name 'Label'.
src/pages/RiderCalculator.tsx(225,22): error TS2304: Cannot find name 'Input'.
src/pages/RiderCalculator.tsx(233,22): error TS2304: Cannot find name 'Scale'.
src/pages/RiderCalculator.tsx(238,20): error TS2304: Cannot find name 'Label'.
src/pages/RiderCalculator.tsx(238,113): error TS2304: Cannot find name 'Label'.
src/pages/RiderCalculator.tsx(253,18): error TS2304: Cannot find name 'Label'.
src/pages/RiderCalculator.tsx(254,20): error TS2304: Cannot find name 'Maximize2'.
src/pages/RiderCalculator.tsx(256,19): error TS2304: Cannot find name 'Label'.
src/pages/RiderCalculator.tsx(258,20): error TS2304: Cannot find name 'Input'.
src/pages/RiderCalculator.tsx(265,20): error TS2304: Cannot find name 'Input'.
src/pages/RiderCalculator.tsx(272,20): error TS2304: Cannot find name 'Input'.
src/pages/RiderCalculator.tsx(282,22): error TS2304: Cannot find name 'Info'.
src/pages/RiderCalculator.tsx(295,18): error TS2304: Cannot find name 'Button'.
src/pages/RiderCalculator.tsx(301,22): error TS2304: Cannot find name 'RefreshCw'.
src/pages/RiderCalculator.tsx(305,19): error TS2304: Cannot find name 'Button'.
src/pages/RiderCalculator.tsx(306,18): error TS2304: Cannot find name 'Button'.
src/pages/RiderCalculator.tsx(311,20): error TS2304: Cannot find name 'RefreshCw'.
src/pages/RiderCalculator.tsx(312,19): error TS2304: Cannot find name 'Button'.
src/pages/RiderCalculator.tsx(319,14): error TS2304: Cannot find name 'AnimatePresence'.
src/pages/RiderCalculator.tsx(321,18): error TS2304: Cannot find name 'motion'.
src/pages/RiderCalculator.tsx(391,24): error TS2304: Cannot find name 'Button'.
src/pages/RiderCalculator.tsx(393,26): error TS2304: Cannot find name 'ChevronRight'.
src/pages/RiderCalculator.tsx(394,25): error TS2304: Cannot find name 'Button'.
src/pages/RiderCalculator.tsx(397,19): error TS2304: Cannot find name 'motion'.
src/pages/RiderCalculator.tsx(399,18): error TS2304: Cannot find name 'motion'.
src/pages/RiderCalculator.tsx(407,24): error TS2304: Cannot find name 'Package'.
src/pages/RiderCalculator.tsx(418,19): error TS2304: Cannot find name 'motion'.
src/pages/RiderCalculator.tsx(420,15): error TS2304: Cannot find name 'AnimatePresence'.
src/pages/RiderCalculator.tsx(429,18): error TS2304: Cannot find name 'DollarSign'.
src/pages/RiderCalculator.tsx(440,18): error TS2304: Cannot find name 'Scale'.
src/pages/RiderCalculator.tsx(451,18): error TS2304: Cannot find name 'Truck'.
src/pages/RiderCalculator.tsx(460,9): error TS2304: Cannot find name 'motion'.
src/pages/RiderDashboard.tsx(2,17): error TS2304: Cannot find name 'useLanguageContext'.
src/pages/RiderDashboard.tsx(3,19): error TS2304: Cannot find name 'useState'.
src/pages/RiderDashboard.tsx(12,10): error TS2304: Cannot find name 'Card'.
src/pages/RiderDashboard.tsx(13,12): error TS2304: Cannot find name 'CardHeader'.
src/pages/RiderDashboard.tsx(14,14): error TS2304: Cannot find name 'CardTitle'.
src/pages/RiderDashboard.tsx(15,16): error TS2304: Cannot find name 'Package'.
src/pages/RiderDashboard.tsx(16,15): error TS2304: Cannot find name 'CardTitle'.
src/pages/RiderDashboard.tsx(17,13): error TS2304: Cannot find name 'CardHeader'.
src/pages/RiderDashboard.tsx(18,12): error TS2304: Cannot find name 'CardContent'.
src/pages/RiderDashboard.tsx(20,13): error TS2304: Cannot find name 'CardContent'.
src/pages/RiderDashboard.tsx(21,11): error TS2304: Cannot find name 'Card'.
src/pages/RiderDashboard.tsx(24,8): error TS2304: Cannot find name 'Button'.
src/pages/RiderDashboard.tsx(25,10): error TS2304: Cannot find name 'Scan'.
src/pages/RiderDashboard.tsx(26,9): error TS2304: Cannot find name 'Button'.
src/pages/RiderDelivery.tsx(20,10): error TS2724: '"@/services/advanced-features-api"' has no exported member named 'advancedFeaturesAPI'. Did you mean 'advancedFeaturesApi'?
src/pages/RiderDelivery.tsx(44,11): error TS2451: Cannot redeclare block-scoped variable 't'.
src/pages/RiderDelivery.tsx(45,11): error TS2451: Cannot redeclare block-scoped variable 't'.
src/pages/RiderDelivery.tsx(46,11): error TS2451: Cannot redeclare block-scoped variable 't'.
src/pages/RiderDelivery.tsx(47,11): error TS2451: Cannot redeclare block-scoped variable 't'.
src/pages/RiderDelivery.tsx(92,26): error TS2345: Argument of type '{ delivery_location: { lat: number; lng: number; address: any; }; awb?: string; status?: string; }[]' is not assignable to parameter of type 'SetStateAction<DeliveryItem[]>'.
  Type '{ delivery_location: { lat: number; lng: number; address: any; }; awb?: string; status?: string; }[]' is not assignable to type 'DeliveryItem[]'.
    Type '{ delivery_location: { lat: number; lng: number; address: any; }; awb?: string; status?: string; }' is missing the following properties from type 'DeliveryItem': id, awb_number, sender_name, receiver_name, and 5 more.
src/pages/RiderDelivery.tsx(143,26): error TS2339: Property 'updateShipmentStatus' does not exist on type '{ getShipments: (_params?: GetShipmentsParams) => Promise<GetShipmentsResponse>; getShipmentByAwb: (_awb: string) => Promise<Shipment>; }'.
src/pages/RiderDelivery.tsx(194,10): error TS2304: Cannot find name 'Button'.
src/pages/RiderDelivery.tsx(196,11): error TS2304: Cannot find name 'Button'.
src/pages/RiderDelivery.tsx(205,10): error TS2304: Cannot find name 'Card'.
src/pages/RiderDelivery.tsx(206,12): error TS2304: Cannot find name 'CardContent'.
src/pages/RiderDelivery.tsx(211,13): error TS2304: Cannot find name 'CardContent'.
src/pages/RiderDelivery.tsx(212,11): error TS2304: Cannot find name 'Card'.
src/pages/RiderDelivery.tsx(216,14): error TS2304: Cannot find name 'Card'.
src/pages/RiderDelivery.tsx(217,16): error TS2304: Cannot find name 'CardContent'.
src/pages/RiderDelivery.tsx(221,24): error TS2304: Cannot find name 'Badge'.
src/pages/RiderDelivery.tsx(221,67): error TS2304: Cannot find name 'Badge'.
src/pages/RiderDelivery.tsx(222,24): error TS2304: Cannot find name 'Badge'.
src/pages/RiderDelivery.tsx(222,71): error TS2304: Cannot find name 'Badge'.
src/pages/RiderDelivery.tsx(224,26): error TS2304: Cannot find name 'Badge'.
src/pages/RiderDelivery.tsx(224,59): error TS2304: Cannot find name 'Badge'.
src/pages/RiderDelivery.tsx(253,20): error TS2304: Cannot find name 'Button'.
src/pages/RiderDelivery.tsx(255,21): error TS2304: Cannot find name 'Button'.
src/pages/RiderDelivery.tsx(257,17): error TS2304: Cannot find name 'CardContent'.
src/pages/RiderDelivery.tsx(258,15): error TS2304: Cannot find name 'Card'.
src/pages/RiderDelivery.tsx(268,10): error TS2304: Cannot find name 'Button'.
src/pages/RiderDelivery.tsx(270,11): error TS2304: Cannot find name 'Button'.
src/pages/RiderDelivery.tsx(277,10): error TS2304: Cannot find name 'Card'.
src/pages/RiderDelivery.tsx(278,12): error TS2304: Cannot find name 'CardHeader'.
src/pages/RiderDelivery.tsx(279,14): error TS2304: Cannot find name 'CardTitle'.
src/pages/RiderDelivery.tsx(282,15): error TS2304: Cannot find name 'CardTitle'.
src/pages/RiderDelivery.tsx(283,13): error TS2304: Cannot find name 'CardHeader'.
src/pages/RiderDelivery.tsx(284,12): error TS2304: Cannot find name 'CardContent'.
src/pages/RiderDelivery.tsx(324,14): error TS2304: Cannot find name 'Button'.
src/pages/RiderDelivery.tsx(331,15): error TS2304: Cannot find name 'Button'.
src/pages/RiderDelivery.tsx(332,13): error TS2304: Cannot find name 'CardContent'.
src/pages/RiderDelivery.tsx(333,11): error TS2304: Cannot find name 'Card'.
src/pages/RiderDelivery.tsx(341,10): error TS2304: Cannot find name 'Button'.
src/pages/RiderDelivery.tsx(343,11): error TS2304: Cannot find name 'Button'.
src/pages/RiderDelivery.tsx(352,12): error TS2304: Cannot find name 'Card'.
src/pages/RiderDelivery.tsx(353,14): error TS2304: Cannot find name 'CardHeader'.
src/pages/RiderDelivery.tsx(354,16): error TS2304: Cannot find name 'CardTitle'.
src/pages/RiderDelivery.tsx(357,17): error TS2304: Cannot find name 'CardTitle'.
src/pages/RiderDelivery.tsx(358,15): error TS2304: Cannot find name 'CardHeader'.
src/pages/RiderDelivery.tsx(359,14): error TS2304: Cannot find name 'CardContent'.
src/pages/RiderDelivery.tsx(364,18): error TS2304: Cannot find name 'Input'.
src/pages/RiderDelivery.tsx(374,15): error TS2304: Cannot find name 'CardContent'.
src/pages/RiderDelivery.tsx(375,13): error TS2304: Cannot find name 'Card'.
src/pages/RiderDelivery.tsx(379,10): error TS2304: Cannot find name 'Card'.
src/pages/RiderDelivery.tsx(380,12): error TS2304: Cannot find name 'CardHeader'.
src/pages/RiderDelivery.tsx(381,14): error TS2304: Cannot find name 'CardTitle'.
src/pages/RiderDelivery.tsx(384,15): error TS2304: Cannot find name 'CardTitle'.
src/pages/RiderDelivery.tsx(385,13): error TS2304: Cannot find name 'CardHeader'.
src/pages/RiderDelivery.tsx(386,12): error TS2304: Cannot find name 'CardContent'.
src/pages/RiderDelivery.tsx(399,20): error TS2304: Cannot find name 'Button'.
src/pages/RiderDelivery.tsx(401,21): error TS2304: Cannot find name 'Button'.
src/pages/RiderDelivery.tsx(404,18): error TS2304: Cannot find name 'Button'.
src/pages/RiderDelivery.tsx(412,19): error TS2304: Cannot find name 'Button'.
src/pages/RiderDelivery.tsx(431,16): error TS2304: Cannot find name 'Textarea'.
src/pages/RiderDelivery.tsx(441,13): error TS2304: Cannot find name 'CardContent'.
src/pages/RiderDelivery.tsx(442,11): error TS2304: Cannot find name 'Card'.
src/pages/RiderDelivery.tsx(444,10): error TS2304: Cannot find name 'Button'.
src/pages/RiderDelivery.tsx(456,11): error TS2304: Cannot find name 'Button'.
src/pages/RiderDelivery.tsx(475,12): error TS2304: Cannot find name 'Badge'.
src/pages/RiderDelivery.tsx(477,13): error TS2304: Cannot find name 'Badge'.
src/pages/RiderLabel.tsx(15,10): error TS2724: '"@/services/advanced-features-api"' has no exported member named 'advancedFeaturesAPI'. Did you mean 'advancedFeaturesApi'?
src/pages/RiderLabel.tsx(37,11): error TS2451: Cannot redeclare block-scoped variable 't'.
src/pages/RiderLabel.tsx(38,11): error TS2451: Cannot redeclare block-scoped variable 't'.
src/pages/RiderLabel.tsx(39,11): error TS2451: Cannot redeclare block-scoped variable 't'.
src/pages/RiderLabel.tsx(40,11): error TS2451: Cannot redeclare block-scoped variable 't'.
src/pages/RiderLabel.tsx(132,28): error TS2304: Cannot find name 'Package'.
src/pages/RiderLabel.tsx(133,24): error TS2304: Cannot find name 'Package'.
src/pages/RiderLabel.tsx(141,12): error TS2304: Cannot find name 'Button'.
src/pages/RiderLabel.tsx(143,13): error TS2304: Cannot find name 'Button'.
src/pages/RiderLabel.tsx(164,12): error TS2304: Cannot find name 'Button'.
src/pages/RiderLabel.tsx(166,13): error TS2304: Cannot find name 'Button'.
src/pages/RiderLabel.tsx(174,12): error TS2304: Cannot find name 'Card'.
src/pages/RiderLabel.tsx(175,14): error TS2304: Cannot find name 'CardHeader'.
src/pages/RiderLabel.tsx(176,16): error TS2304: Cannot find name 'CardTitle'.
src/pages/RiderLabel.tsx(178,18): error TS2304: Cannot find name 'Badge'.
src/pages/RiderLabel.tsx(188,19): error TS2304: Cannot find name 'Badge'.
src/pages/RiderLabel.tsx(189,17): error TS2304: Cannot find name 'CardTitle'.
src/pages/RiderLabel.tsx(190,15): error TS2304: Cannot find name 'CardHeader'.
src/pages/RiderLabel.tsx(191,14): error TS2304: Cannot find name 'CardContent'.
src/pages/RiderLabel.tsx(222,15): error TS2304: Cannot find name 'CardContent'.
src/pages/RiderLabel.tsx(223,13): error TS2304: Cannot find name 'Card'.
src/pages/RiderLabel.tsx(226,12): error TS2304: Cannot find name 'Card'.
src/pages/RiderLabel.tsx(227,14): error TS2304: Cannot find name 'CardHeader'.
src/pages/RiderLabel.tsx(228,16): error TS2304: Cannot find name 'CardTitle'.
src/pages/RiderLabel.tsx(229,18): error TS2304: Cannot find name 'QrCode'.
src/pages/RiderLabel.tsx(231,17): error TS2304: Cannot find name 'CardTitle'.
src/pages/RiderLabel.tsx(232,15): error TS2304: Cannot find name 'CardHeader'.
src/pages/RiderLabel.tsx(233,14): error TS2304: Cannot find name 'CardContent'.
src/pages/RiderLabel.tsx(243,20): error TS2304: Cannot find name 'Button'.
src/pages/RiderLabel.tsx(249,21): error TS2304: Cannot find name 'Button'.
src/pages/RiderLabel.tsx(252,18): error TS2304: Cannot find name 'Button'.
src/pages/RiderLabel.tsx(259,19): error TS2304: Cannot find name 'Button'.
src/pages/RiderLabel.tsx(261,15): error TS2304: Cannot find name 'CardContent'.
src/pages/RiderLabel.tsx(262,13): error TS2304: Cannot find name 'Card'.
src/pages/RiderLabel.tsx(265,12): error TS2304: Cannot find name 'Card'.
src/pages/RiderLabel.tsx(266,14): error TS2304: Cannot find name 'CardHeader'.
src/pages/RiderLabel.tsx(267,16): error TS2304: Cannot find name 'CardTitle'.
src/pages/RiderLabel.tsx(267,79): error TS2304: Cannot find name 'CardTitle'.
src/pages/RiderLabel.tsx(268,15): error TS2304: Cannot find name 'CardHeader'.
src/pages/RiderLabel.tsx(269,14): error TS2304: Cannot find name 'CardContent'.
src/pages/RiderLabel.tsx(294,24): error TS2304: Cannot find name 'Badge'.
src/pages/RiderLabel.tsx(304,25): error TS2304: Cannot find name 'Badge'.
src/pages/RiderLabel.tsx(306,26): error TS2304: Cannot find name 'Button'.
src/pages/RiderLabel.tsx(313,27): error TS2304: Cannot find name 'Button'.
src/pages/RiderLabel.tsx(324,15): error TS2304: Cannot find name 'CardContent'.
src/pages/RiderLabel.tsx(325,13): error TS2304: Cannot find name 'Card'.
src/pages/RiderLabel.tsx(337,10): error TS2304: Cannot find name 'Button'.
src/pages/RiderLabel.tsx(339,11): error TS2304: Cannot find name 'Button'.
src/pages/RiderLabel.tsx(344,10): error TS2304: Cannot find name 'Input'.
src/pages/RiderLabel.tsx(358,10): error TS2304: Cannot find name 'Card'.
src/pages/RiderLabel.tsx(359,12): error TS2304: Cannot find name 'CardContent'.
src/pages/RiderLabel.tsx(364,13): error TS2304: Cannot find name 'CardContent'.
src/pages/RiderLabel.tsx(365,11): error TS2304: Cannot find name 'Card'.
src/pages/RiderLabel.tsx(371,14): error TS2304: Cannot find name 'Card'.
src/pages/RiderLabel.tsx(372,16): error TS2304: Cannot find name 'CardContent'.
src/pages/RiderLabel.tsx(377,24): error TS2304: Cannot find name 'Badge'.
src/pages/RiderLabel.tsx(387,25): error TS2304: Cannot find name 'Badge'.
src/pages/RiderLabel.tsx(427,20): error TS2304: Cannot find name 'Button'.
src/pages/RiderLabel.tsx(430,21): error TS2304: Cannot find name 'Button'.
src/pages/RiderLabel.tsx(432,17): error TS2304: Cannot find name 'CardContent'.
src/pages/RiderLabel.tsx(433,15): error TS2304: Cannot find name 'Card'.
src/pages/RiderPickup.tsx(21,10): error TS2724: '"@/services/advanced-features-api"' has no exported member named 'advancedFeaturesAPI'. Did you mean 'advancedFeaturesApi'?
src/pages/RiderPickup.tsx(47,11): error TS2451: Cannot redeclare block-scoped variable 't'.
src/pages/RiderPickup.tsx(48,11): error TS2451: Cannot redeclare block-scoped variable 't'.
src/pages/RiderPickup.tsx(49,11): error TS2451: Cannot redeclare block-scoped variable 't'.
src/pages/RiderPickup.tsx(50,11): error TS2451: Cannot redeclare block-scoped variable 't'.
src/pages/RiderPickup.tsx(94,24): error TS2345: Argument of type '{ pickup_location: { lat: number; lng: number; address: any; }; awb?: string; status?: string; }[]' is not assignable to parameter of type 'SetStateAction<PickupItem[]>'.
  Type '{ pickup_location: { lat: number; lng: number; address: any; }; awb?: string; status?: string; }[]' is not assignable to type 'PickupItem[]'.
    Type '{ pickup_location: { lat: number; lng: number; address: any; }; awb?: string; status?: string; }' is missing the following properties from type 'PickupItem': id, awb_number, sender_name, sender_phone, and 7 more.
src/pages/RiderPickup.tsx(148,26): error TS2339: Property 'updateShipmentStatus' does not exist on type '{ getShipments: (_params?: GetShipmentsParams) => Promise<GetShipmentsResponse>; getShipmentByAwb: (_awb: string) => Promise<Shipment>; }'.
src/pages/RiderPickup.tsx(193,10): error TS2304: Cannot find name 'Button'.
src/pages/RiderPickup.tsx(195,11): error TS2304: Cannot find name 'Button'.
src/pages/RiderPickup.tsx(204,10): error TS2304: Cannot find name 'Card'.
src/pages/RiderPickup.tsx(205,12): error TS2304: Cannot find name 'CardContent'.
src/pages/RiderPickup.tsx(210,13): error TS2304: Cannot find name 'CardContent'.
src/pages/RiderPickup.tsx(211,11): error TS2304: Cannot find name 'Card'.
src/pages/RiderPickup.tsx(215,14): error TS2304: Cannot find name 'Card'.
src/pages/RiderPickup.tsx(216,16): error TS2304: Cannot find name 'CardContent'.
src/pages/RiderPickup.tsx(220,24): error TS2304: Cannot find name 'Badge'.
src/pages/RiderPickup.tsx(220,67): error TS2304: Cannot find name 'Badge'.
src/pages/RiderPickup.tsx(221,24): error TS2304: Cannot find name 'Badge'.
src/pages/RiderPickup.tsx(221,71): error TS2304: Cannot find name 'Badge'.
src/pages/RiderPickup.tsx(249,20): error TS2304: Cannot find name 'Button'.
src/pages/RiderPickup.tsx(251,21): error TS2304: Cannot find name 'Button'.
src/pages/RiderPickup.tsx(253,17): error TS2304: Cannot find name 'CardContent'.
src/pages/RiderPickup.tsx(254,15): error TS2304: Cannot find name 'Card'.
src/pages/RiderPickup.tsx(264,10): error TS2304: Cannot find name 'Button'.
src/pages/RiderPickup.tsx(266,11): error TS2304: Cannot find name 'Button'.
src/pages/RiderPickup.tsx(273,10): error TS2304: Cannot find name 'Card'.
src/pages/RiderPickup.tsx(274,12): error TS2304: Cannot find name 'CardHeader'.
src/pages/RiderPickup.tsx(275,14): error TS2304: Cannot find name 'CardTitle'.
src/pages/RiderPickup.tsx(278,15): error TS2304: Cannot find name 'CardTitle'.
src/pages/RiderPickup.tsx(279,13): error TS2304: Cannot find name 'CardHeader'.
src/pages/RiderPickup.tsx(280,12): error TS2304: Cannot find name 'CardContent'.
src/pages/RiderPickup.tsx(308,14): error TS2304: Cannot find name 'Button'.
src/pages/RiderPickup.tsx(315,15): error TS2304: Cannot find name 'Button'.
src/pages/RiderPickup.tsx(316,13): error TS2304: Cannot find name 'CardContent'.
src/pages/RiderPickup.tsx(317,11): error TS2304: Cannot find name 'Card'.
src/pages/RiderPickup.tsx(325,10): error TS2304: Cannot find name 'Button'.
src/pages/RiderPickup.tsx(327,11): error TS2304: Cannot find name 'Button'.
src/pages/RiderPickup.tsx(333,8): error TS2304: Cannot find name 'Card'.
src/pages/RiderPickup.tsx(334,10): error TS2304: Cannot find name 'CardContent'.
src/pages/RiderPickup.tsx(363,11): error TS2304: Cannot find name 'CardContent'.
src/pages/RiderPickup.tsx(364,9): error TS2304: Cannot find name 'Card'.
src/pages/RiderPickup.tsx(371,10): error TS2304: Cannot find name 'Button'.
src/pages/RiderPickup.tsx(373,11): error TS2304: Cannot find name 'Button'.
src/pages/RiderPickup.tsx(379,8): error TS2304: Cannot find name 'Card'.
src/pages/RiderPickup.tsx(380,10): error TS2304: Cannot find name 'CardContent'.
src/pages/RiderPickup.tsx(394,14): error TS2304: Cannot find name 'Textarea'.
src/pages/RiderPickup.tsx(405,12): error TS2304: Cannot find name 'Button'.
src/pages/RiderPickup.tsx(417,13): error TS2304: Cannot find name 'Button'.
src/pages/RiderPickup.tsx(418,11): error TS2304: Cannot find name 'CardContent'.
src/pages/RiderPickup.tsx(419,9): error TS2304: Cannot find name 'Card'.
src/pages/RiderPickup.tsx(436,10): error TS2304: Cannot find name 'Badge'.
src/pages/RiderPickup.tsx(438,11): error TS2304: Cannot find name 'Badge'.
src/pages/RiderTags.tsx(15,10): error TS2724: '"@/services/advanced-features-api"' has no exported member named 'advancedFeaturesAPI'. Did you mean 'advancedFeaturesApi'?
src/pages/RiderTags.tsx(36,11): error TS2451: Cannot redeclare block-scoped variable 't'.
src/pages/RiderTags.tsx(37,11): error TS2451: Cannot redeclare block-scoped variable 't'.
src/pages/RiderTags.tsx(38,11): error TS2451: Cannot redeclare block-scoped variable 't'.
src/pages/RiderTags.tsx(39,11): error TS2451: Cannot redeclare block-scoped variable 't'.
src/pages/RiderTags.tsx(144,24): error TS2304: Cannot find name 'Package'.
src/pages/RiderTags.tsx(152,12): error TS2304: Cannot find name 'Button'.
src/pages/RiderTags.tsx(154,13): error TS2304: Cannot find name 'Button'.
src/pages/RiderTags.tsx(162,12): error TS2304: Cannot find name 'Card'.
src/pages/RiderTags.tsx(163,14): error TS2304: Cannot find name 'CardHeader'.
src/pages/RiderTags.tsx(164,16): error TS2304: Cannot find name 'CardTitle'.
src/pages/RiderTags.tsx(166,18): error TS2304: Cannot find name 'Badge'.
src/pages/RiderTags.tsx(176,19): error TS2304: Cannot find name 'Badge'.
src/pages/RiderTags.tsx(177,17): error TS2304: Cannot find name 'CardTitle'.
src/pages/RiderTags.tsx(178,15): error TS2304: Cannot find name 'CardHeader'.
src/pages/RiderTags.tsx(179,14): error TS2304: Cannot find name 'CardContent'.
src/pages/RiderTags.tsx(210,15): error TS2304: Cannot find name 'CardContent'.
src/pages/RiderTags.tsx(211,13): error TS2304: Cannot find name 'Card'.
src/pages/RiderTags.tsx(214,12): error TS2304: Cannot find name 'Card'.
src/pages/RiderTags.tsx(215,14): error TS2304: Cannot find name 'CardHeader'.
src/pages/RiderTags.tsx(216,16): error TS2304: Cannot find name 'CardTitle'.
src/pages/RiderTags.tsx(219,17): error TS2304: Cannot find name 'CardTitle'.
src/pages/RiderTags.tsx(220,15): error TS2304: Cannot find name 'CardHeader'.
src/pages/RiderTags.tsx(221,14): error TS2304: Cannot find name 'CardContent'.
src/pages/RiderTags.tsx(231,20): error TS2304: Cannot find name 'Button'.
src/pages/RiderTags.tsx(237,21): error TS2304: Cannot find name 'Button'.
src/pages/RiderTags.tsx(240,18): error TS2304: Cannot find name 'Button'.
src/pages/RiderTags.tsx(247,19): error TS2304: Cannot find name 'Button'.
src/pages/RiderTags.tsx(249,15): error TS2304: Cannot find name 'CardContent'.
src/pages/RiderTags.tsx(250,13): error TS2304: Cannot find name 'Card'.
src/pages/RiderTags.tsx(253,12): error TS2304: Cannot find name 'Card'.
src/pages/RiderTags.tsx(254,14): error TS2304: Cannot find name 'CardHeader'.
src/pages/RiderTags.tsx(255,16): error TS2304: Cannot find name 'CardTitle'.
src/pages/RiderTags.tsx(257,18): error TS2304: Cannot find name 'Button'.
src/pages/RiderTags.tsx(264,19): error TS2304: Cannot find name 'Button'.
src/pages/RiderTags.tsx(265,17): error TS2304: Cannot find name 'CardTitle'.
src/pages/RiderTags.tsx(266,15): error TS2304: Cannot find name 'CardHeader'.
src/pages/RiderTags.tsx(267,14): error TS2304: Cannot find name 'CardContent'.
src/pages/RiderTags.tsx(283,24): error TS2304: Cannot find name 'Badge'.
src/pages/RiderTags.tsx(288,25): error TS2304: Cannot find name 'Badge'.
src/pages/RiderTags.tsx(298,15): error TS2304: Cannot find name 'CardContent'.
src/pages/RiderTags.tsx(299,13): error TS2304: Cannot find name 'Card'.
src/pages/RiderTags.tsx(311,10): error TS2304: Cannot find name 'Button'.
src/pages/RiderTags.tsx(313,11): error TS2304: Cannot find name 'Button'.
src/pages/RiderTags.tsx(319,12): error TS2304: Cannot find name 'Input'.
src/pages/RiderTags.tsx(344,10): error TS2304: Cannot find name 'Card'.
src/pages/RiderTags.tsx(345,12): error TS2304: Cannot find name 'CardContent'.
src/pages/RiderTags.tsx(346,14): error TS2304: Cannot find name 'Package'.
src/pages/RiderTags.tsx(350,13): error TS2304: Cannot find name 'CardContent'.
src/pages/RiderTags.tsx(351,11): error TS2304: Cannot find name 'Card'.
src/pages/RiderTags.tsx(355,14): error TS2304: Cannot find name 'Card'.
src/pages/RiderTags.tsx(356,16): error TS2304: Cannot find name 'CardContent'.
src/pages/RiderTags.tsx(361,24): error TS2304: Cannot find name 'Badge'.
src/pages/RiderTags.tsx(371,25): error TS2304: Cannot find name 'Badge'.
src/pages/RiderTags.tsx(412,22): error TS2304: Cannot find name 'Button'.
src/pages/RiderTags.tsx(418,23): error TS2304: Cannot find name 'Button'.
src/pages/RiderTags.tsx(419,22): error TS2304: Cannot find name 'Button'.
src/pages/RiderTags.tsx(422,23): error TS2304: Cannot find name 'Button'.
src/pages/RiderTags.tsx(425,17): error TS2304: Cannot find name 'CardContent'.
src/pages/RiderTags.tsx(426,15): error TS2304: Cannot find name 'Card'.
src/pages/RiderWarehouse.tsx(22,10): error TS2724: '"@/services/advanced-features-api"' has no exported member named 'advancedFeaturesAPI'. Did you mean 'advancedFeaturesApi'?
src/pages/RiderWarehouse.tsx(55,11): error TS2451: Cannot redeclare block-scoped variable 't'.
src/pages/RiderWarehouse.tsx(56,11): error TS2451: Cannot redeclare block-scoped variable 't'.
src/pages/RiderWarehouse.tsx(57,11): error TS2451: Cannot redeclare block-scoped variable 't'.
src/pages/RiderWarehouse.tsx(58,11): error TS2451: Cannot redeclare block-scoped variable 't'.
src/pages/RiderWarehouse.tsx(239,10): error TS2304: Cannot find name 'Button'.
src/pages/RiderWarehouse.tsx(241,11): error TS2304: Cannot find name 'Button'.
src/pages/RiderWarehouse.tsx(250,10): error TS2304: Cannot find name 'Card'.
src/pages/RiderWarehouse.tsx(251,12): error TS2304: Cannot find name 'CardContent'.
src/pages/RiderWarehouse.tsx(256,13): error TS2304: Cannot find name 'CardContent'.
src/pages/RiderWarehouse.tsx(257,11): error TS2304: Cannot find name 'Card'.
src/pages/RiderWarehouse.tsx(261,14): error TS2304: Cannot find name 'Card'.
src/pages/RiderWarehouse.tsx(262,16): error TS2304: Cannot find name 'CardContent'.
src/pages/RiderWarehouse.tsx(266,24): error TS2304: Cannot find name 'Badge'.
src/pages/RiderWarehouse.tsx(266,70): error TS2304: Cannot find name 'Badge'.
src/pages/RiderWarehouse.tsx(267,24): error TS2304: Cannot find name 'Badge'.
src/pages/RiderWarehouse.tsx(272,25): error TS2304: Cannot find name 'Badge'.
src/pages/RiderWarehouse.tsx(307,20): error TS2304: Cannot find name 'Button'.
src/pages/RiderWarehouse.tsx(309,21): error TS2304: Cannot find name 'Button'.
src/pages/RiderWarehouse.tsx(311,17): error TS2304: Cannot find name 'CardContent'.
src/pages/RiderWarehouse.tsx(312,15): error TS2304: Cannot find name 'Card'.
src/pages/RiderWarehouse.tsx(322,10): error TS2304: Cannot find name 'Button'.
src/pages/RiderWarehouse.tsx(324,11): error TS2304: Cannot find name 'Button'.
src/pages/RiderWarehouse.tsx(331,10): error TS2304: Cannot find name 'Card'.
src/pages/RiderWarehouse.tsx(332,12): error TS2304: Cannot find name 'CardHeader'.
src/pages/RiderWarehouse.tsx(333,14): error TS2304: Cannot find name 'CardTitle'.
src/pages/RiderWarehouse.tsx(336,15): error TS2304: Cannot find name 'CardTitle'.
src/pages/RiderWarehouse.tsx(337,13): error TS2304: Cannot find name 'CardHeader'.
src/pages/RiderWarehouse.tsx(338,12): error TS2304: Cannot find name 'CardContent'.
src/pages/RiderWarehouse.tsx(376,14): error TS2304: Cannot find name 'Button'.
src/pages/RiderWarehouse.tsx(383,15): error TS2304: Cannot find name 'Button'.
src/pages/RiderWarehouse.tsx(384,13): error TS2304: Cannot find name 'CardContent'.
src/pages/RiderWarehouse.tsx(385,11): error TS2304: Cannot find name 'Card'.
src/pages/RiderWarehouse.tsx(393,10): error TS2304: Cannot find name 'Button'.
src/pages/RiderWarehouse.tsx(395,11): error TS2304: Cannot find name 'Button'.
src/pages/RiderWarehouse.tsx(403,10): error TS2304: Cannot find name 'Card'.
src/pages/RiderWarehouse.tsx(404,12): error TS2304: Cannot find name 'CardHeader'.
src/pages/RiderWarehouse.tsx(405,14): error TS2304: Cannot find name 'CardTitle'.
src/pages/RiderWarehouse.tsx(408,15): error TS2304: Cannot find name 'CardTitle'.
src/pages/RiderWarehouse.tsx(409,13): error TS2304: Cannot find name 'CardHeader'.
src/pages/RiderWarehouse.tsx(410,12): error TS2304: Cannot find name 'CardContent'.
src/pages/RiderWarehouse.tsx(420,16): error TS2304: Cannot find name 'Button'.
src/pages/RiderWarehouse.tsx(427,17): error TS2304: Cannot find name 'Button'.
src/pages/RiderWarehouse.tsx(429,13): error TS2304: Cannot find name 'CardContent'.
src/pages/RiderWarehouse.tsx(430,11): error TS2304: Cannot find name 'Card'.
src/pages/RiderWarehouse.tsx(433,10): error TS2304: Cannot find name 'Card'.
src/pages/RiderWarehouse.tsx(434,12): error TS2304: Cannot find name 'CardHeader'.
src/pages/RiderWarehouse.tsx(435,14): error TS2304: Cannot find name 'CardTitle'.
src/pages/RiderWarehouse.tsx(435,73): error TS2304: Cannot find name 'CardTitle'.
src/pages/RiderWarehouse.tsx(436,13): error TS2304: Cannot find name 'CardHeader'.
src/pages/RiderWarehouse.tsx(437,12): error TS2304: Cannot find name 'CardContent'.
src/pages/RiderWarehouse.tsx(458,18): error TS2304: Cannot find name 'Button'.
src/pages/RiderWarehouse.tsx(465,19): error TS2304: Cannot find name 'Button'.
src/pages/RiderWarehouse.tsx(468,13): error TS2304: Cannot find name 'CardContent'.
src/pages/RiderWarehouse.tsx(469,11): error TS2304: Cannot find name 'Card'.
src/pages/RiderWarehouse.tsx(474,10): error TS2304: Cannot find name 'Card'.
src/pages/RiderWarehouse.tsx(475,12): error TS2304: Cannot find name 'CardHeader'.
src/pages/RiderWarehouse.tsx(476,14): error TS2304: Cannot find name 'CardTitle'.
src/pages/RiderWarehouse.tsx(476,80): error TS2304: Cannot find name 'CardTitle'.
src/pages/RiderWarehouse.tsx(477,13): error TS2304: Cannot find name 'CardHeader'.
src/pages/RiderWarehouse.tsx(478,12): error TS2304: Cannot find name 'CardContent'.
src/pages/RiderWarehouse.tsx(510,13): error TS2304: Cannot find name 'CardContent'.
src/pages/RiderWarehouse.tsx(511,11): error TS2304: Cannot find name 'Card'.
src/pages/RiderWarehouse.tsx(519,10): error TS2304: Cannot find name 'Button'.
src/pages/RiderWarehouse.tsx(521,11): error TS2304: Cannot find name 'Button'.
src/pages/RiderWarehouse.tsx(529,10): error TS2304: Cannot find name 'Card'.
src/pages/RiderWarehouse.tsx(530,12): error TS2304: Cannot find name 'CardHeader'.
src/pages/RiderWarehouse.tsx(531,14): error TS2304: Cannot find name 'CardTitle'.
src/pages/RiderWarehouse.tsx(534,15): error TS2304: Cannot find name 'CardTitle'.
src/pages/RiderWarehouse.tsx(535,13): error TS2304: Cannot find name 'CardHeader'.
src/pages/RiderWarehouse.tsx(536,12): error TS2304: Cannot find name 'CardContent'.
src/pages/RiderWarehouse.tsx(544,18): error TS2304: Cannot find name 'Button'.
src/pages/RiderWarehouse.tsx(546,19): error TS2304: Cannot find name 'Button'.
src/pages/RiderWarehouse.tsx(549,16): error TS2304: Cannot find name 'Button'.
src/pages/RiderWarehouse.tsx(557,17): error TS2304: Cannot find name 'Button'.
src/pages/RiderWarehouse.tsx(559,13): error TS2304: Cannot find name 'CardContent'.
src/pages/RiderWarehouse.tsx(560,11): error TS2304: Cannot find name 'Card'.
src/pages/RiderWarehouse.tsx(563,10): error TS2304: Cannot find name 'Card'.
src/pages/RiderWarehouse.tsx(564,12): error TS2304: Cannot find name 'CardHeader'.
src/pages/RiderWarehouse.tsx(565,14): error TS2304: Cannot find name 'CardTitle'.
src/pages/RiderWarehouse.tsx(568,15): error TS2304: Cannot find name 'CardTitle'.
src/pages/RiderWarehouse.tsx(569,13): error TS2304: Cannot find name 'CardHeader'.
src/pages/RiderWarehouse.tsx(570,12): error TS2304: Cannot find name 'CardContent'.
src/pages/RiderWarehouse.tsx(574,13): error TS2304: Cannot find name 'CardContent'.
src/pages/RiderWarehouse.tsx(575,11): error TS2304: Cannot find name 'Card'.
src/pages/RiderWarehouse.tsx(578,10): error TS2304: Cannot find name 'Card'.
src/pages/RiderWarehouse.tsx(579,12): error TS2304: Cannot find name 'CardHeader'.
src/pages/RiderWarehouse.tsx(580,14): error TS2304: Cannot find name 'CardTitle'.
src/pages/RiderWarehouse.tsx(580,72): error TS2304: Cannot find name 'CardTitle'.
src/pages/RiderWarehouse.tsx(581,13): error TS2304: Cannot find name 'CardHeader'.
src/pages/RiderWarehouse.tsx(582,12): error TS2304: Cannot find name 'CardContent'.
src/pages/RiderWarehouse.tsx(583,14): error TS2304: Cannot find name 'Textarea'.
src/pages/RiderWarehouse.tsx(592,13): error TS2304: Cannot find name 'CardContent'.
src/pages/RiderWarehouse.tsx(593,11): error TS2304: Cannot find name 'Card'.
src/pages/RiderWarehouse.tsx(595,10): error TS2304: Cannot find name 'Button'.
src/pages/RiderWarehouse.tsx(607,11): error TS2304: Cannot find name 'Button'.
src/pages/RiderWarehouse.tsx(626,12): error TS2304: Cannot find name 'Badge'.
src/pages/RiderWarehouse.tsx(628,13): error TS2304: Cannot find name 'Badge'.
src/pages/RouteOptimizationDashboard.tsx(27,10): error TS2724: '"@/services/advanced-features-api"' has no exported member named 'advancedFeaturesAPI'. Did you mean 'advancedFeaturesApi'?
src/pages/RouteOptimizationDashboard.tsx(96,11): error TS2451: Cannot redeclare block-scoped variable 't'.
src/pages/RouteOptimizationDashboard.tsx(97,11): error TS2451: Cannot redeclare block-scoped variable 't'.
src/pages/RouteOptimizationDashboard.tsx(98,11): error TS2451: Cannot redeclare block-scoped variable 't'.
src/pages/RouteOptimizationDashboard.tsx(99,11): error TS2451: Cannot redeclare block-scoped variable 't'.
src/pages/RouteOptimizationDashboard.tsx(331,8): error TS2304: Cannot find name 'Card'.
src/pages/RouteOptimizationDashboard.tsx(332,10): error TS2304: Cannot find name 'CardContent'.
src/pages/RouteOptimizationDashboard.tsx(335,16): error TS2304: Cannot find name 'Input'.
src/pages/RouteOptimizationDashboard.tsx(354,14): error TS2304: Cannot find name 'Button'.
src/pages/RouteOptimizationDashboard.tsx(357,15): error TS2304: Cannot find name 'Button'.
src/pages/RouteOptimizationDashboard.tsx(359,11): error TS2304: Cannot find name 'CardContent'.
src/pages/RouteOptimizationDashboard.tsx(360,9): error TS2304: Cannot find name 'Card'.
src/pages/RouteOptimizationDashboard.tsx(370,12): error TS2304: Cannot find name 'Card'.
src/pages/RouteOptimizationDashboard.tsx(371,14): error TS2304: Cannot find name 'CardContent'.
src/pages/RouteOptimizationDashboard.tsx(376,15): error TS2304: Cannot find name 'CardContent'.
src/pages/RouteOptimizationDashboard.tsx(377,13): error TS2304: Cannot find name 'Card'.
src/pages/RouteOptimizationDashboard.tsx(382,16): error TS2304: Cannot find name 'Card'.
src/pages/RouteOptimizationDashboard.tsx(383,18): error TS2304: Cannot find name 'CardContent'.
src/pages/RouteOptimizationDashboard.tsx(387,26): error TS2304: Cannot find name 'Navigation'.
src/pages/RouteOptimizationDashboard.tsx(389,26): error TS2304: Cannot find name 'Badge'.
src/pages/RouteOptimizationDashboard.tsx(398,27): error TS2304: Cannot find name 'Badge'.
src/pages/RouteOptimizationDashboard.tsx(484,26): error TS2304: Cannot find name 'Button'.
src/pages/RouteOptimizationDashboard.tsx(491,27): error TS2304: Cannot find name 'Button'.
src/pages/RouteOptimizationDashboard.tsx(494,26): error TS2304: Cannot find name 'Button'.
src/pages/RouteOptimizationDashboard.tsx(499,27): error TS2304: Cannot find name 'Button'.
src/pages/RouteOptimizationDashboard.tsx(502,26): error TS2304: Cannot find name 'Button'.
src/pages/RouteOptimizationDashboard.tsx(508,27): error TS2304: Cannot find name 'Button'.
src/pages/RouteOptimizationDashboard.tsx(510,24): error TS2304: Cannot find name 'Button'.
src/pages/RouteOptimizationDashboard.tsx(516,25): error TS2304: Cannot find name 'Button'.
src/pages/RouteOptimizationDashboard.tsx(519,19): error TS2304: Cannot find name 'CardContent'.
src/pages/RouteOptimizationDashboard.tsx(520,17): error TS2304: Cannot find name 'Card'.
src/pages/RouteOptimizationDashboard.tsx(531,8): error TS2304: Cannot find name 'Card'.
src/pages/RouteOptimizationDashboard.tsx(532,10): error TS2304: Cannot find name 'CardHeader'.
src/pages/RouteOptimizationDashboard.tsx(533,12): error TS2304: Cannot find name 'CardTitle'.
src/pages/RouteOptimizationDashboard.tsx(536,13): error TS2304: Cannot find name 'CardTitle'.
src/pages/RouteOptimizationDashboard.tsx(537,11): error TS2304: Cannot find name 'CardHeader'.
src/pages/RouteOptimizationDashboard.tsx(538,10): error TS2304: Cannot find name 'CardContent'.
src/pages/RouteOptimizationDashboard.tsx(544,16): error TS2304: Cannot find name 'Input'.
src/pages/RouteOptimizationDashboard.tsx(573,11): error TS2304: Cannot find name 'CardContent'.
src/pages/RouteOptimizationDashboard.tsx(574,9): error TS2304: Cannot find name 'Card'.
src/pages/RouteOptimizationDashboard.tsx(577,8): error TS2304: Cannot find name 'Card'.
src/pages/RouteOptimizationDashboard.tsx(578,10): error TS2304: Cannot find name 'CardHeader'.
src/pages/RouteOptimizationDashboard.tsx(579,12): error TS2304: Cannot find name 'CardTitle'.
src/pages/RouteOptimizationDashboard.tsx(582,13): error TS2304: Cannot find name 'CardTitle'.
src/pages/RouteOptimizationDashboard.tsx(583,11): error TS2304: Cannot find name 'CardHeader'.
src/pages/RouteOptimizationDashboard.tsx(584,10): error TS2304: Cannot find name 'CardContent'.
src/pages/RouteOptimizationDashboard.tsx(611,16): error TS2304: Cannot find name 'Input'.
src/pages/RouteOptimizationDashboard.tsx(661,11): error TS2304: Cannot find name 'CardContent'.
src/pages/RouteOptimizationDashboard.tsx(662,9): error TS2304: Cannot find name 'Card'.
src/pages/RouteOptimizationDashboard.tsx(665,8): error TS2304: Cannot find name 'Card'.
src/pages/RouteOptimizationDashboard.tsx(666,10): error TS2304: Cannot find name 'CardHeader'.
src/pages/RouteOptimizationDashboard.tsx(667,12): error TS2304: Cannot find name 'CardTitle'.
src/pages/RouteOptimizationDashboard.tsx(670,13): error TS2304: Cannot find name 'CardTitle'.
src/pages/RouteOptimizationDashboard.tsx(671,11): error TS2304: Cannot find name 'CardHeader'.
src/pages/RouteOptimizationDashboard.tsx(672,10): error TS2304: Cannot find name 'CardContent'.
src/pages/RouteOptimizationDashboard.tsx(678,16): error TS2304: Cannot find name 'Input'.
src/pages/RouteOptimizationDashboard.tsx(703,16): error TS2304: Cannot find name 'Input'.
src/pages/RouteOptimizationDashboard.tsx(712,12): error TS2304: Cannot find name 'Button'.
src/pages/RouteOptimizationDashboard.tsx(715,13): error TS2304: Cannot find name 'Button'.
src/pages/RouteOptimizationDashboard.tsx(716,11): error TS2304: Cannot find name 'CardContent'.
src/pages/RouteOptimizationDashboard.tsx(717,9): error TS2304: Cannot find name 'Card'.
src/pages/RouteOptimizationDashboard.tsx(721,10): error TS2304: Cannot find name 'Card'.
src/pages/RouteOptimizationDashboard.tsx(722,12): error TS2304: Cannot find name 'CardHeader'.
src/pages/RouteOptimizationDashboard.tsx(723,14): error TS2304: Cannot find name 'CardTitle'.
src/pages/RouteOptimizationDashboard.tsx(725,15): error TS2304: Cannot find name 'CardTitle'.
src/pages/RouteOptimizationDashboard.tsx(726,13): error TS2304: Cannot find name 'CardHeader'.
src/pages/RouteOptimizationDashboard.tsx(727,12): error TS2304: Cannot find name 'CardContent'.
src/pages/RouteOptimizationDashboard.tsx(743,20): error TS2304: Cannot find name 'Button'.
src/pages/RouteOptimizationDashboard.tsx(749,21): error TS2304: Cannot find name 'Button'.
src/pages/RouteOptimizationDashboard.tsx(753,13): error TS2304: Cannot find name 'CardContent'.
src/pages/RouteOptimizationDashboard.tsx(754,11): error TS2304: Cannot find name 'Card'.
src/pages/RouteOptimizationDashboard.tsx(759,10): error TS2304: Cannot find name 'Button'.
src/pages/RouteOptimizationDashboard.tsx(770,11): error TS2304: Cannot find name 'Button'.
src/pages/RouteOptimizationDashboard.tsx(779,10): error TS2304: Cannot find name 'Card'.
src/pages/RouteOptimizationDashboard.tsx(780,12): error TS2304: Cannot find name 'CardContent'.
src/pages/RouteOptimizationDashboard.tsx(789,13): error TS2304: Cannot find name 'CardContent'.
src/pages/RouteOptimizationDashboard.tsx(790,11): error TS2304: Cannot find name 'Card'.
src/pages/RouteOptimizationDashboard.tsx(791,10): error TS2304: Cannot find name 'Card'.
src/pages/RouteOptimizationDashboard.tsx(792,12): error TS2304: Cannot find name 'CardContent'.
src/pages/RouteOptimizationDashboard.tsx(801,13): error TS2304: Cannot find name 'CardContent'.
src/pages/RouteOptimizationDashboard.tsx(802,11): error TS2304: Cannot find name 'Card'.
src/pages/RouteOptimizationDashboard.tsx(803,10): error TS2304: Cannot find name 'Card'.
src/pages/RouteOptimizationDashboard.tsx(804,12): error TS2304: Cannot find name 'CardContent'.
src/pages/RouteOptimizationDashboard.tsx(813,13): error TS2304: Cannot find name 'CardContent'.
src/pages/RouteOptimizationDashboard.tsx(814,11): error TS2304: Cannot find name 'Card'.
src/pages/RouteOptimizationDashboard.tsx(815,10): error TS2304: Cannot find name 'Card'.
src/pages/RouteOptimizationDashboard.tsx(816,12): error TS2304: Cannot find name 'CardContent'.
src/pages/RouteOptimizationDashboard.tsx(825,13): error TS2304: Cannot find name 'CardContent'.
src/pages/RouteOptimizationDashboard.tsx(826,11): error TS2304: Cannot find name 'Card'.
src/pages/RouteOptimizationDashboard.tsx(830,8): error TS2304: Cannot find name 'Card'.
src/pages/RouteOptimizationDashboard.tsx(831,10): error TS2304: Cannot find name 'CardHeader'.
src/pages/RouteOptimizationDashboard.tsx(832,12): error TS2304: Cannot find name 'CardTitle'.
src/pages/RouteOptimizationDashboard.tsx(835,13): error TS2304: Cannot find name 'CardTitle'.
src/pages/RouteOptimizationDashboard.tsx(836,11): error TS2304: Cannot find name 'CardHeader'.
src/pages/RouteOptimizationDashboard.tsx(837,10): error TS2304: Cannot find name 'CardContent'.
src/pages/RouteOptimizationDashboard.tsx(847,11): error TS2304: Cannot find name 'CardContent'.
src/pages/RouteOptimizationDashboard.tsx(848,9): error TS2304: Cannot find name 'Card'.
src/pages/RouteOptimizationDashboard.tsx(855,8): error TS2304: Cannot find name 'Card'.
src/pages/RouteOptimizationDashboard.tsx(856,10): error TS2304: Cannot find name 'CardHeader'.
src/pages/RouteOptimizationDashboard.tsx(857,12): error TS2304: Cannot find name 'CardTitle'.
src/pages/RouteOptimizationDashboard.tsx(862,14): error TS2304: Cannot find name 'Button'.
src/pages/RouteOptimizationDashboard.tsx(865,15): error TS2304: Cannot find name 'Button'.
src/pages/RouteOptimizationDashboard.tsx(866,13): error TS2304: Cannot find name 'CardTitle'.
src/pages/RouteOptimizationDashboard.tsx(867,11): error TS2304: Cannot find name 'CardHeader'.
src/pages/RouteOptimizationDashboard.tsx(868,10): error TS2304: Cannot find name 'CardContent'.
src/pages/RouteOptimizationDashboard.tsx(890,22): error TS2304: Cannot find name 'Button'.
src/pages/RouteOptimizationDashboard.tsx(892,23): error TS2304: Cannot find name 'Button'.
src/pages/RouteOptimizationDashboard.tsx(893,22): error TS2304: Cannot find name 'Button'.
src/pages/RouteOptimizationDashboard.tsx(895,23): error TS2304: Cannot find name 'Button'.
src/pages/RouteOptimizationDashboard.tsx(901,11): error TS2304: Cannot find name 'CardContent'.
src/pages/RouteOptimizationDashboard.tsx(902,9): error TS2304: Cannot find name 'Card'.
src/pages/RouteOptimizationDashboard.tsx(905,8): error TS2304: Cannot find name 'Card'.
src/pages/RouteOptimizationDashboard.tsx(906,10): error TS2304: Cannot find name 'CardHeader'.
src/pages/RouteOptimizationDashboard.tsx(907,12): error TS2304: Cannot find name 'CardTitle'.
src/pages/RouteOptimizationDashboard.tsx(910,13): error TS2304: Cannot find name 'CardTitle'.
src/pages/RouteOptimizationDashboard.tsx(911,11): error TS2304: Cannot find name 'CardHeader'.
src/pages/RouteOptimizationDashboard.tsx(912,10): error TS2304: Cannot find name 'CardContent'.
src/pages/RouteOptimizationDashboard.tsx(918,16): error TS2304: Cannot find name 'Input'.
src/pages/RouteOptimizationDashboard.tsx(924,16): error TS2304: Cannot find name 'Input'.
src/pages/RouteOptimizationDashboard.tsx(930,16): error TS2304: Cannot find name 'Input'.
src/pages/RouteOptimizationDashboard.tsx(936,16): error TS2304: Cannot find name 'Input'.
src/pages/RouteOptimizationDashboard.tsx(940,12): error TS2304: Cannot find name 'Button'.
src/pages/RouteOptimizationDashboard.tsx(942,13): error TS2304: Cannot find name 'Button'.
src/pages/RouteOptimizationDashboard.tsx(943,11): error TS2304: Cannot find name 'CardContent'.
src/pages/RouteOptimizationDashboard.tsx(944,9): error TS2304: Cannot find name 'Card'.
src/pages/RouteOptimizationDashboard.tsx(954,10): error TS2304: Cannot find name 'Button'.
src/pages/RouteOptimizationDashboard.tsx(957,11): error TS2304: Cannot find name 'Button'.
src/pages/RouteOptimizationDashboard.tsx(992,12): error TS2304: Cannot find name 'Card'.
src/pages/RouteOptimizationDashboard.tsx(993,14): error TS2304: Cannot find name 'CardHeader'.
src/pages/RouteOptimizationDashboard.tsx(994,16): error TS2304: Cannot find name 'CardTitle'.
src/pages/RouteOptimizationDashboard.tsx(996,18): error TS2304: Cannot find name 'Button'.
src/pages/RouteOptimizationDashboard.tsx(998,19): error TS2304: Cannot find name 'Button'.
src/pages/RouteOptimizationDashboard.tsx(999,17): error TS2304: Cannot find name 'CardTitle'.
src/pages/RouteOptimizationDashboard.tsx(1000,15): error TS2304: Cannot find name 'CardHeader'.
src/pages/RouteOptimizationDashboard.tsx(1001,14): error TS2304: Cannot find name 'CardContent'.
src/pages/RouteOptimizationDashboard.tsx(1030,24): error TS2304: Cannot find name 'Badge'.
src/pages/RouteOptimizationDashboard.tsx(1039,25): error TS2304: Cannot find name 'Badge'.
src/pages/RouteOptimizationDashboard.tsx(1044,15): error TS2304: Cannot find name 'CardContent'.
src/pages/RouteOptimizationDashboard.tsx(1045,13): error TS2304: Cannot find name 'Card'.
src/pages/Settings.tsx(5,23): error TS2307: Cannot find module 'sonner' or its corresponding type declarations.
src/pages/Settings.tsx(14,31): error TS2304: Cannot find name 'useState'.
src/pages/Settings.tsx(15,55): error TS2304: Cannot find name 'useState'.
src/pages/Settings.tsx(30,6): error TS2304: Cannot find name 'motion'.
src/pages/Settings.tsx(45,10): error TS2304: Cannot find name 'Card'.
src/pages/Settings.tsx(46,12): error TS2304: Cannot find name 'CardHeader'.
src/pages/Settings.tsx(47,14): error TS2304: Cannot find name 'CardTitle'.
src/pages/Settings.tsx(48,16): error TS2304: Cannot find name 'UserIcon'.
src/pages/Settings.tsx(49,15): error TS2304: Cannot find name 'CardTitle'.
src/pages/Settings.tsx(50,14): error TS2304: Cannot find name 'CardDescription'.
src/pages/Settings.tsx(50,92): error TS2304: Cannot find name 'CardDescription'.
src/pages/Settings.tsx(51,13): error TS2304: Cannot find name 'CardHeader'.
src/pages/Settings.tsx(52,12): error TS2304: Cannot find name 'CardContent'.
src/pages/Settings.tsx(55,16): error TS2304: Cannot find name 'Input'.
src/pages/Settings.tsx(63,13): error TS2304: Cannot find name 'CardContent'.
src/pages/Settings.tsx(64,11): error TS2304: Cannot find name 'Card'.
src/pages/Settings.tsx(67,10): error TS2304: Cannot find name 'Card'.
src/pages/Settings.tsx(68,12): error TS2304: Cannot find name 'CardHeader'.
src/pages/Settings.tsx(69,14): error TS2304: Cannot find name 'CardTitle'.
src/pages/Settings.tsx(70,16): error TS2304: Cannot find name 'Bell'.
src/pages/Settings.tsx(71,15): error TS2304: Cannot find name 'CardTitle'.
src/pages/Settings.tsx(72,14): error TS2304: Cannot find name 'CardDescription'.
src/pages/Settings.tsx(72,82): error TS2304: Cannot find name 'CardDescription'.
src/pages/Settings.tsx(73,13): error TS2304: Cannot find name 'CardHeader'.
src/pages/Settings.tsx(74,12): error TS2304: Cannot find name 'CardContent'.
src/pages/Settings.tsx(77,18): error TS2304: Cannot find name 'Shield'.
src/pages/Settings.tsx(80,16): error TS2304: Cannot find name 'Switch'.
src/pages/Settings.tsx(83,14): error TS2304: Cannot find name 'Button'.
src/pages/Settings.tsx(84,16): error TS2304: Cannot find name 'Save'.
src/pages/Settings.tsx(86,15): error TS2304: Cannot find name 'Button'.
src/pages/Settings.tsx(87,13): error TS2304: Cannot find name 'CardContent'.
src/pages/Settings.tsx(88,11): error TS2304: Cannot find name 'Card'.
src/pages/Settings.tsx(90,7): error TS2304: Cannot find name 'motion'.
src/pages/SignUpCustomer.tsx(2,11): error TS2451: Cannot redeclare block-scoped variable 't'.
src/pages/SignUpCustomer.tsx(2,17): error TS2304: Cannot find name 'useLanguageContext'.
src/pages/SignUpCustomer.tsx(3,11): error TS2451: Cannot redeclare block-scoped variable 't'.
src/pages/SignUpCustomer.tsx(3,17): error TS2304: Cannot find name 'useLanguageContext'.
src/pages/SignUpCustomer.tsx(4,11): error TS2451: Cannot redeclare block-scoped variable 't'.
src/pages/SignUpCustomer.tsx(4,17): error TS2304: Cannot find name 'useLanguageContext'.
src/pages/SignUpCustomer.tsx(5,15): error TS2304: Cannot find name 'useNavigate'.
src/pages/SignUpCustomer.tsx(7,27): error TS2304: Cannot find name 'useState'.
src/pages/SignUpCustomer.tsx(8,29): error TS2304: Cannot find name 'useState'.
src/pages/SignUpCustomer.tsx(9,29): error TS2304: Cannot find name 'useState'.
src/pages/SignUpCustomer.tsx(10,23): error TS2304: Cannot find name 'useState'.
src/pages/SignUpCustomer.tsx(11,25): error TS2304: Cannot find name 'useState'.
src/pages/SignUpCustomer.tsx(12,29): error TS2304: Cannot find name 'useState'.
src/pages/SignUpCustomer.tsx(13,33): error TS2304: Cannot find name 'useState'.
src/pages/SignUpCustomer.tsx(19,10): error TS2304: Cannot find name 'strongPassword'.
src/pages/SignUpCustomer.tsx(23,35): error TS2304: Cannot find name 'supabase'.
src/pages/SignUpCustomer.tsx(40,15): error TS2304: Cannot find name 'supabase'.
src/pages/SignUpCustomer.tsx(56,8): error TS2304: Cannot find name 'Card'.
src/pages/SignUpCustomer.tsx(57,10): error TS2304: Cannot find name 'CardContent'.
src/pages/SignUpCustomer.tsx(60,12): error TS2304: Cannot find name 'Input'.
src/pages/SignUpCustomer.tsx(61,12): error TS2304: Cannot find name 'Input'.
src/pages/SignUpCustomer.tsx(62,12): error TS2304: Cannot find name 'Input'.
src/pages/SignUpCustomer.tsx(64,12): error TS2304: Cannot find name 'Input'.
src/pages/SignUpCustomer.tsx(65,12): error TS2304: Cannot find name 'Input'.
src/pages/SignUpCustomer.tsx(69,12): error TS2304: Cannot find name 'Button'.
src/pages/SignUpCustomer.tsx(71,13): error TS2304: Cannot find name 'Button'.
src/pages/SignUpCustomer.tsx(74,39): error TS2304: Cannot find name 'Link'.
src/pages/SignUpCustomer.tsx(74,98): error TS2304: Cannot find name 'Link'.
src/pages/SignUpCustomer.tsx(76,11): error TS2304: Cannot find name 'CardContent'.
src/pages/SignUpCustomer.tsx(77,9): error TS2304: Cannot find name 'Card'.
src/pages/SignUpMerchant.tsx(2,11): error TS2451: Cannot redeclare block-scoped variable 't'.
src/pages/SignUpMerchant.tsx(2,17): error TS2304: Cannot find name 'useLanguageContext'.
src/pages/SignUpMerchant.tsx(3,11): error TS2451: Cannot redeclare block-scoped variable 't'.
src/pages/SignUpMerchant.tsx(3,17): error TS2304: Cannot find name 'useLanguageContext'.
src/pages/SignUpMerchant.tsx(4,11): error TS2451: Cannot redeclare block-scoped variable 't'.
src/pages/SignUpMerchant.tsx(4,17): error TS2304: Cannot find name 'useLanguageContext'.
src/pages/SignUpMerchant.tsx(5,15): error TS2304: Cannot find name 'useNavigate'.
src/pages/SignUpMerchant.tsx(7,27): error TS2304: Cannot find name 'useState'.
src/pages/SignUpMerchant.tsx(8,29): error TS2304: Cannot find name 'useState'.
src/pages/SignUpMerchant.tsx(9,29): error TS2304: Cannot find name 'useState'.
src/pages/SignUpMerchant.tsx(10,23): error TS2304: Cannot find name 'useState'.
src/pages/SignUpMerchant.tsx(11,25): error TS2304: Cannot find name 'useState'.
src/pages/SignUpMerchant.tsx(12,29): error TS2304: Cannot find name 'useState'.
src/pages/SignUpMerchant.tsx(13,33): error TS2304: Cannot find name 'useState'.
src/pages/SignUpMerchant.tsx(19,10): error TS2304: Cannot find name 'strongPassword'.
src/pages/SignUpMerchant.tsx(23,35): error TS2304: Cannot find name 'supabase'.
src/pages/SignUpMerchant.tsx(39,15): error TS2304: Cannot find name 'supabase'.
src/pages/SignUpMerchant.tsx(55,8): error TS2304: Cannot find name 'Card'.
src/pages/SignUpMerchant.tsx(56,10): error TS2304: Cannot find name 'CardContent'.
src/pages/SignUpMerchant.tsx(59,12): error TS2304: Cannot find name 'Input'.
src/pages/SignUpMerchant.tsx(60,12): error TS2304: Cannot find name 'Input'.
src/pages/SignUpMerchant.tsx(61,12): error TS2304: Cannot find name 'Input'.
src/pages/SignUpMerchant.tsx(63,12): error TS2304: Cannot find name 'Input'.
src/pages/SignUpMerchant.tsx(64,12): error TS2304: Cannot find name 'Input'.
src/pages/SignUpMerchant.tsx(68,12): error TS2304: Cannot find name 'Button'.
src/pages/SignUpMerchant.tsx(70,13): error TS2304: Cannot find name 'Button'.
src/pages/SignUpMerchant.tsx(73,39): error TS2304: Cannot find name 'Link'.
src/pages/SignUpMerchant.tsx(73,98): error TS2304: Cannot find name 'Link'.
src/pages/SignUpMerchant.tsx(75,11): error TS2304: Cannot find name 'CardContent'.
src/pages/SignUpMerchant.tsx(76,9): error TS2304: Cannot find name 'Card'.
src/pages/SimpleTransactionPage.tsx(2,11): error TS2451: Cannot redeclare block-scoped variable 't'.
src/pages/SimpleTransactionPage.tsx(2,17): error TS2304: Cannot find name 'useLanguageContext'.
src/pages/SimpleTransactionPage.tsx(3,11): error TS2451: Cannot redeclare block-scoped variable 't'.
src/pages/SimpleTransactionPage.tsx(3,17): error TS2304: Cannot find name 'useLanguageContext'.
src/pages/SimpleTransactionPage.tsx(4,11): error TS2451: Cannot redeclare block-scoped variable 't'.
src/pages/SimpleTransactionPage.tsx(4,17): error TS2304: Cannot find name 'useLanguageContext'.
src/pages/SimpleTransactionPage.tsx(5,11): error TS2451: Cannot redeclare block-scoped variable 't'.
src/pages/SimpleTransactionPage.tsx(5,17): error TS2304: Cannot find name 'useLanguageContext'.
src/pages/SimpleTransactionPage.tsx(6,41): error TS2304: Cannot find name 'useState'.
src/pages/SimpleTransactionPage.tsx(56,10): error TS2304: Cannot find name 'Card'.
src/pages/SimpleTransactionPage.tsx(57,12): error TS2304: Cannot find name 'CardHeader'.
src/pages/SimpleTransactionPage.tsx(58,14): error TS2304: Cannot find name 'CardTitle'.
src/pages/SimpleTransactionPage.tsx(59,16): error TS2304: Cannot find name 'DollarSign'.
src/pages/SimpleTransactionPage.tsx(61,15): error TS2304: Cannot find name 'CardTitle'.
src/pages/SimpleTransactionPage.tsx(62,13): error TS2304: Cannot find name 'CardHeader'.
src/pages/SimpleTransactionPage.tsx(63,12): error TS2304: Cannot find name 'CardContent'.
src/pages/SimpleTransactionPage.tsx(70,20): error TS2304: Cannot find name 'Input'.
src/pages/SimpleTransactionPage.tsx(82,20): error TS2304: Cannot find name 'Select'.
src/pages/SimpleTransactionPage.tsx(86,22): error TS2304: Cannot find name 'SelectTrigger'.
src/pages/SimpleTransactionPage.tsx(87,24): error TS2304: Cannot find name 'SelectValue'.
src/pages/SimpleTransactionPage.tsx(88,23): error TS2304: Cannot find name 'SelectTrigger'.
src/pages/SimpleTransactionPage.tsx(89,22): error TS2304: Cannot find name 'SelectContent'.
src/pages/SimpleTransactionPage.tsx(90,24): error TS2304: Cannot find name 'SelectItem'.
src/pages/SimpleTransactionPage.tsx(90,67): error TS2304: Cannot find name 'SelectItem'.
src/pages/SimpleTransactionPage.tsx(91,24): error TS2304: Cannot find name 'SelectItem'.
src/pages/SimpleTransactionPage.tsx(91,70): error TS2304: Cannot find name 'SelectItem'.
src/pages/SimpleTransactionPage.tsx(92,23): error TS2304: Cannot find name 'SelectContent'.
src/pages/SimpleTransactionPage.tsx(93,21): error TS2304: Cannot find name 'Select'.
src/pages/SimpleTransactionPage.tsx(101,18): error TS2304: Cannot find name 'Input'.
src/pages/SimpleTransactionPage.tsx(114,20): error TS2304: Cannot find name 'Input'.
src/pages/SimpleTransactionPage.tsx(127,20): error TS2304: Cannot find name 'Select'.
src/pages/SimpleTransactionPage.tsx(131,22): error TS2304: Cannot find name 'SelectTrigger'.
src/pages/SimpleTransactionPage.tsx(132,24): error TS2304: Cannot find name 'SelectValue'.
src/pages/SimpleTransactionPage.tsx(133,23): error TS2304: Cannot find name 'SelectTrigger'.
src/pages/SimpleTransactionPage.tsx(134,22): error TS2304: Cannot find name 'SelectContent'.
src/pages/SimpleTransactionPage.tsx(136,26): error TS2304: Cannot find name 'SelectItem'.
src/pages/SimpleTransactionPage.tsx(136,66): error TS2304: Cannot find name 'SelectItem'.
src/pages/SimpleTransactionPage.tsx(138,23): error TS2304: Cannot find name 'SelectContent'.
src/pages/SimpleTransactionPage.tsx(139,21): error TS2304: Cannot find name 'Select'.
src/pages/SimpleTransactionPage.tsx(147,18): error TS2304: Cannot find name 'Input'.
src/pages/SimpleTransactionPage.tsx(156,18): error TS2304: Cannot find name 'Button'.
src/pages/SimpleTransactionPage.tsx(157,20): error TS2304: Cannot find name 'Save'.
src/pages/SimpleTransactionPage.tsx(159,19): error TS2304: Cannot find name 'Button'.
src/pages/SimpleTransactionPage.tsx(160,18): error TS2304: Cannot find name 'Button'.
src/pages/SimpleTransactionPage.tsx(174,19): error TS2304: Cannot find name 'Button'.
src/pages/SimpleTransactionPage.tsx(177,13): error TS2304: Cannot find name 'CardContent'.
src/pages/SimpleTransactionPage.tsx(178,11): error TS2304: Cannot find name 'Card'.
src/pages/SimpleTransactionPage.tsx(181,10): error TS2304: Cannot find name 'Card'.
src/pages/SimpleTransactionPage.tsx(182,12): error TS2304: Cannot find name 'CardHeader'.
src/pages/SimpleTransactionPage.tsx(183,14): error TS2304: Cannot find name 'CardTitle'.
src/pages/SimpleTransactionPage.tsx(183,68): error TS2304: Cannot find name 'CardTitle'.
src/pages/SimpleTransactionPage.tsx(184,13): error TS2304: Cannot find name 'CardHeader'.
src/pages/SimpleTransactionPage.tsx(185,12): error TS2304: Cannot find name 'CardContent'.
src/pages/SimpleTransactionPage.tsx(207,13): error TS2304: Cannot find name 'CardContent'.
src/pages/SimpleTransactionPage.tsx(208,11): error TS2304: Cannot find name 'Card'.
src/pages/substation/SubstationReceiving.tsx(19,23): error TS2307: Cannot find module 'sonner' or its corresponding type declarations.
src/pages/substation/SubstationReceiving.tsx(29,73): error TS2339: Property 'IN_TRANSIT_TO_SUBSTATION' does not exist on type '{ readonly PENDING: "pending"; readonly PICKED_UP: "picked_up"; readonly IN_TRANSIT: "in_transit"; readonly ARRIVED_AT_WAREHOUSE: "arrived_at_warehouse"; readonly OUT_FOR_DELIVERY: "out_for_delivery"; readonly DELIVERED: "delivered"; readonly FAILED: "failed"; readonly PENDING_REG: "pending_reg"; readonly REGISTERED...'.
src/pages/substation/SubstationReceiving.tsx(30,73): error TS2339: Property 'IN_TRANSIT_TO_SUBSTATION' does not exist on type '{ readonly PENDING: "pending"; readonly PICKED_UP: "picked_up"; readonly IN_TRANSIT: "in_transit"; readonly ARRIVED_AT_WAREHOUSE: "arrived_at_warehouse"; readonly OUT_FOR_DELIVERY: "out_for_delivery"; readonly DELIVERED: "delivered"; readonly FAILED: "failed"; readonly PENDING_REG: "pending_reg"; readonly REGISTERED...'.
src/pages/substation/SubstationReceiving.tsx(31,73): error TS2339: Property 'IN_TRANSIT_TO_SUBSTATION' does not exist on type '{ readonly PENDING: "pending"; readonly PICKED_UP: "picked_up"; readonly IN_TRANSIT: "in_transit"; readonly ARRIVED_AT_WAREHOUSE: "arrived_at_warehouse"; readonly OUT_FOR_DELIVERY: "out_for_delivery"; readonly DELIVERED: "delivered"; readonly FAILED: "failed"; readonly PENDING_REG: "pending_reg"; readonly REGISTERED...'.
src/pages/substation/SubstationReceiving.tsx(118,12): error TS2304: Cannot find name 'QrCode'.
src/pages/substation/SubstationReceiving.tsx(154,22): error TS2304: Cannot find name 'Package'.
src/pages/substation/SubstationReceiving.tsx(195,20): error TS2304: Cannot find name 'QrCode'.
src/pages/substation/SubstationReceiving.tsx(246,28): error TS2304: Cannot find name 'CheckCircle2'.
src/pages/substation/SubstationReceiving.tsx(301,26): error TS2304: Cannot find name 'CheckCircle2'.
src/pages/supervisor/TrackingMapPage.tsx(469,18): error TS2304: Cannot find name 'AlertCircle'.
src/pages/supervisor/TrackingMapPage.tsx(580,30): error TS2304: Cannot find name 'Battery'.
src/pages/supervisor/TrackingMapPage.tsx(597,30): error TS2304: Cannot find name 'Activity'.
src/pages/supervisor/TrackingMapPage.tsx(644,30): error TS2304: Cannot find name 'Battery'.
src/pages/supervisor/WayPlanningPage.tsx(17,11): error TS2451: Cannot redeclare block-scoped variable 't'.
src/pages/supervisor/WayPlanningPage.tsx(18,11): error TS2451: Cannot redeclare block-scoped variable 't'.
src/pages/supervisor/WayPlanningPage.tsx(19,11): error TS2451: Cannot redeclare block-scoped variable 't'.
src/pages/supervisor/WayPlanningPage.tsx(20,11): error TS2451: Cannot redeclare block-scoped variable 't'.
src/pages/supervisor/WayPlanningPage.tsx(34,34): error TS2749: 'LngLat' refers to a value, but is being used as a type here. Did you mean 'typeof LngLat'?
src/pages/supervisor/WayPlanningPage.tsx(96,14): error TS2304: Cannot find name 'Button'.
src/pages/supervisor/WayPlanningPage.tsx(107,15): error TS2304: Cannot find name 'Button'.
src/pages/supervisor/WayPlanningPage.tsx(109,14): error TS2304: Cannot find name 'Button'.
src/pages/supervisor/WayPlanningPage.tsx(115,15): error TS2304: Cannot find name 'Button'.
src/pages/supervisor/WayPlanningPage.tsx(129,12): error TS2304: Cannot find name 'ScrollArea'.
src/pages/supervisor/WayPlanningPage.tsx(154,13): error TS2304: Cannot find name 'ScrollArea'.
src/pages/supervisor/WayPlanningPage.tsx(159,11): error TS2607: JSX element class does not support attributes because it does not have a 'props' property.
src/pages/supervisor/WayPlanningPage.tsx(159,12): error TS2786: 'Map' cannot be used as a JSX component.
  Its type 'MapConstructor' is not a valid JSX element type.
    Type 'MapConstructor' is not assignable to type 'new (props: any, deprecatedLegacyContext?: any) => Component<any, any, any>'.
      Type 'Map<any, any>' is missing the following properties from type 'Component<any, any, any>': context, setState, forceUpdate, render, and 3 more.
src/pages/supervisor/WayPlanningPage.tsx(164,14): error TS2304: Cannot find name 'NavigationControl'.
src/pages/supervisor/WayPlanningPage.tsx(167,14): error TS2304: Cannot find name 'Marker'.
src/pages/supervisor/WayPlanningPage.tsx(171,15): error TS2304: Cannot find name 'Marker'.
src/pages/SupervisorDashboard.tsx(35,11): error TS2451: Cannot redeclare block-scoped variable 't'.
src/pages/SupervisorDashboard.tsx(36,11): error TS2451: Cannot redeclare block-scoped variable 't'.
src/pages/SupervisorDashboard.tsx(37,11): error TS2451: Cannot redeclare block-scoped variable 't'.
src/pages/SupervisorDashboard.tsx(38,11): error TS2451: Cannot redeclare block-scoped variable 't'.
src/pages/SupervisorDashboard.tsx(39,33): error TS2304: Cannot find name 'useState'.
src/pages/SupervisorDashboard.tsx(40,29): error TS2304: Cannot find name 'useState'.
src/pages/SupervisorDashboard.tsx(47,3): error TS2304: Cannot find name 'useEffect'.
src/pages/SupervisorDashboard.tsx(90,14): error TS2304: Cannot find name 'LayoutDashboard'.
src/pages/SupervisorDashboard.tsx(93,14): error TS2304: Cannot find name 'Truck'.
src/pages/SupervisorDashboard.tsx(103,17): error TS2304: Cannot find name 'AlertTriangle'.
src/pages/SupervisorDashboard.tsx(109,17): error TS2304: Cannot find name 'Truck'.
src/pages/SupervisorDashboard.tsx(116,17): error TS2304: Cannot find name 'CheckCircle'.
src/pages/SupervisorDashboard.tsx(122,17): error TS2304: Cannot find name 'Package'.
src/pages/SupervisorDashboard.tsx(132,16): error TS2304: Cannot find name 'BarChart3'.
src/pages/SupervisorDashboard.tsx(139,18): error TS2304: Cannot find name 'Clock'.
src/pages/SupervisorDashboard.tsx(154,16): error TS2304: Cannot find name 'AlertTriangle'.
src/pages/SupportPage.tsx(1,26): error TS2306: File 'D:/final1_23022026/src/integrations/supabase/client.ts' is not a module.
src/pages/SupportPage.tsx(28,11): error TS2451: Cannot redeclare block-scoped variable 't'.
src/pages/SupportPage.tsx(28,17): error TS2304: Cannot find name 'useLanguageContext'.
src/pages/SupportPage.tsx(29,11): error TS2451: Cannot redeclare block-scoped variable 't'.
src/pages/SupportPage.tsx(29,17): error TS2304: Cannot find name 'useLanguageContext'.
src/pages/SupportPage.tsx(30,11): error TS2451: Cannot redeclare block-scoped variable 't'.
src/pages/SupportPage.tsx(30,17): error TS2304: Cannot find name 'useLanguageContext'.
src/pages/SupportPage.tsx(31,11): error TS2451: Cannot redeclare block-scoped variable 't'.
src/pages/SupportPage.tsx(31,17): error TS2304: Cannot find name 'useLanguageContext'.
src/pages/SupportPage.tsx(32,27): error TS2304: Cannot find name 'useState'.
src/pages/SupportPage.tsx(33,49): error TS2304: Cannot find name 'useState'.
src/pages/SupportPage.tsx(34,43): error TS2304: Cannot find name 'useState'.
src/pages/SupportPage.tsx(35,33): error TS2304: Cannot find name 'useState'.
src/pages/SupportPage.tsx(37,3): error TS2304: Cannot find name 'useEffect'.
src/pages/SupportPage.tsx(84,17): error TS2304: Cannot find name 'AlertTriangle'.
src/pages/SupportPage.tsx(86,17): error TS2304: Cannot find name 'AlertTriangle'.
src/pages/SupportPage.tsx(88,17): error TS2304: Cannot find name 'AlertTriangle'.
src/pages/SupportPage.tsx(90,17): error TS2304: Cannot find name 'Package'.
src/pages/SupportPage.tsx(92,17): error TS2304: Cannot find name 'Ban'.
src/pages/SupportPage.tsx(94,17): error TS2304: Cannot find name 'AlertTriangle'.
src/pages/SupportPage.tsx(96,17): error TS2304: Cannot find name 'Ban'.
src/pages/SupportPage.tsx(104,12): error TS2304: Cannot find name 'Loader2'.
src/pages/SupportPage.tsx(117,16): error TS2304: Cannot find name 'IMAGES'.
src/pages/SupportPage.tsx(136,12): error TS2304: Cannot find name 'Tabs'.
src/pages/SupportPage.tsx(137,14): error TS2304: Cannot find name 'TabsList'.
src/pages/SupportPage.tsx(138,16): error TS2304: Cannot find name 'TabsTrigger'.
src/pages/SupportPage.tsx(139,18): error TS2304: Cannot find name 'HelpCircle'.
src/pages/SupportPage.tsx(141,17): error TS2304: Cannot find name 'TabsTrigger'.
src/pages/SupportPage.tsx(142,16): error TS2304: Cannot find name 'TabsTrigger'.
src/pages/SupportPage.tsx(143,18): error TS2304: Cannot find name 'Package'.
src/pages/SupportPage.tsx(145,17): error TS2304: Cannot find name 'TabsTrigger'.
src/pages/SupportPage.tsx(146,16): error TS2304: Cannot find name 'TabsTrigger'.
src/pages/SupportPage.tsx(147,18): error TS2304: Cannot find name 'Ban'.
src/pages/SupportPage.tsx(149,17): error TS2304: Cannot find name 'TabsTrigger'.
src/pages/SupportPage.tsx(150,16): error TS2304: Cannot find name 'TabsTrigger'.
src/pages/SupportPage.tsx(151,18): error TS2304: Cannot find name 'FileText'.
src/pages/SupportPage.tsx(153,17): error TS2304: Cannot find name 'TabsTrigger'.
src/pages/SupportPage.tsx(154,15): error TS2304: Cannot find name 'TabsList'.
src/pages/SupportPage.tsx(157,14): error TS2304: Cannot find name 'TabsContent'.
src/pages/SupportPage.tsx(158,16): error TS2304: Cannot find name 'Card'.
src/pages/SupportPage.tsx(159,18): error TS2304: Cannot find name 'CardHeader'.
src/pages/SupportPage.tsx(160,20): error TS2304: Cannot find name 'CardTitle'.
src/pages/SupportPage.tsx(160,79): error TS2304: Cannot find name 'CardTitle'.
src/pages/SupportPage.tsx(162,19): error TS2304: Cannot find name 'CardHeader'.
src/pages/SupportPage.tsx(163,18): error TS2304: Cannot find name 'CardContent'.
src/pages/SupportPage.tsx(164,20): error TS2304: Cannot find name 'Accordion'.
src/pages/SupportPage.tsx(166,24): error TS2304: Cannot find name 'AccordionItem'.
src/pages/SupportPage.tsx(167,26): error TS2304: Cannot find name 'AccordionTrigger'.
src/pages/SupportPage.tsx(169,27): error TS2304: Cannot find name 'AccordionTrigger'.
src/pages/SupportPage.tsx(170,26): error TS2304: Cannot find name 'AccordionContent'.
src/pages/SupportPage.tsx(172,27): error TS2304: Cannot find name 'AccordionContent'.
src/pages/SupportPage.tsx(173,25): error TS2304: Cannot find name 'AccordionItem'.
src/pages/SupportPage.tsx(175,21): error TS2304: Cannot find name 'Accordion'.
src/pages/SupportPage.tsx(176,19): error TS2304: Cannot find name 'CardContent'.
src/pages/SupportPage.tsx(177,17): error TS2304: Cannot find name 'Card'.
src/pages/SupportPage.tsx(178,15): error TS2304: Cannot find name 'TabsContent'.
src/pages/SupportPage.tsx(181,14): error TS2304: Cannot find name 'TabsContent'.
src/pages/SupportPage.tsx(182,16): error TS2304: Cannot find name 'Card'.
src/pages/SupportPage.tsx(183,18): error TS2304: Cannot find name 'CardHeader'.
src/pages/SupportPage.tsx(184,20): error TS2304: Cannot find name 'CardTitle'.
src/pages/SupportPage.tsx(184,77): error TS2304: Cannot find name 'CardTitle'.
src/pages/SupportPage.tsx(186,19): error TS2304: Cannot find name 'CardHeader'.
src/pages/SupportPage.tsx(187,18): error TS2304: Cannot find name 'CardContent'.
src/pages/SupportPage.tsx(222,24): error TS2304: Cannot find name 'Calculator'.
src/pages/SupportPage.tsx(237,19): error TS2304: Cannot find name 'CardContent'.
src/pages/SupportPage.tsx(238,17): error TS2304: Cannot find name 'Card'.
src/pages/SupportPage.tsx(239,15): error TS2304: Cannot find name 'TabsContent'.
src/pages/SupportPage.tsx(242,14): error TS2304: Cannot find name 'TabsContent'.
src/pages/SupportPage.tsx(243,16): error TS2304: Cannot find name 'Card'.
src/pages/SupportPage.tsx(244,18): error TS2304: Cannot find name 'CardHeader'.
src/pages/SupportPage.tsx(245,20): error TS2304: Cannot find name 'CardTitle'.
src/pages/SupportPage.tsx(245,95): error TS2304: Cannot find name 'CardTitle'.
src/pages/SupportPage.tsx(249,19): error TS2304: Cannot find name 'CardHeader'.
src/pages/SupportPage.tsx(250,18): error TS2304: Cannot find name 'CardContent'.
src/pages/SupportPage.tsx(251,20): error TS2304: Cannot find name 'Alert'.
src/pages/SupportPage.tsx(252,22): error TS2304: Cannot find name 'AlertTriangle'.
src/pages/SupportPage.tsx(253,22): error TS2304: Cannot find name 'AlertDescription'.
src/pages/SupportPage.tsx(255,23): error TS2304: Cannot find name 'AlertDescription'.
src/pages/SupportPage.tsx(256,21): error TS2304: Cannot find name 'Alert'.
src/pages/SupportPage.tsx(278,24): error TS2304: Cannot find name 'Button'.
src/pages/SupportPage.tsx(280,28): error TS2304: Cannot find name 'Phone'.
src/pages/SupportPage.tsx(283,25): error TS2304: Cannot find name 'Button'.
src/pages/SupportPage.tsx(284,24): error TS2304: Cannot find name 'Button'.
src/pages/SupportPage.tsx(286,28): error TS2304: Cannot find name 'Mail'.
src/pages/SupportPage.tsx(289,25): error TS2304: Cannot find name 'Button'.
src/pages/SupportPage.tsx(292,19): error TS2304: Cannot find name 'CardContent'.
src/pages/SupportPage.tsx(293,17): error TS2304: Cannot find name 'Card'.
src/pages/SupportPage.tsx(294,15): error TS2304: Cannot find name 'TabsContent'.
src/pages/SupportPage.tsx(297,14): error TS2304: Cannot find name 'TabsContent'.
src/pages/SupportPage.tsx(298,16): error TS2304: Cannot find name 'Card'.
src/pages/SupportPage.tsx(299,18): error TS2304: Cannot find name 'CardHeader'.
src/pages/SupportPage.tsx(300,20): error TS2304: Cannot find name 'CardTitle'.
src/pages/SupportPage.tsx(300,90): error TS2304: Cannot find name 'CardTitle'.
src/pages/SupportPage.tsx(304,19): error TS2304: Cannot find name 'CardHeader'.
src/pages/SupportPage.tsx(305,18): error TS2304: Cannot find name 'CardContent'.
src/pages/SupportPage.tsx(345,22): error TS2304: Cannot find name 'Button'.
src/pages/SupportPage.tsx(349,23): error TS2304: Cannot find name 'Button'.
src/pages/SupportPage.tsx(351,19): error TS2304: Cannot find name 'CardContent'.
src/pages/SupportPage.tsx(352,17): error TS2304: Cannot find name 'Card'.
src/pages/SupportPage.tsx(353,15): error TS2304: Cannot find name 'TabsContent'.
src/pages/SupportPage.tsx(354,13): error TS2304: Cannot find name 'Tabs'.
src/pages/SupportPage.tsx(367,14): error TS2304: Cannot find name 'Card'.
src/pages/SupportPage.tsx(368,16): error TS2304: Cannot find name 'CardContent'.
src/pages/SupportPage.tsx(370,20): error TS2304: Cannot find name 'Phone'.
src/pages/SupportPage.tsx(375,20): error TS2304: Cannot find name 'Button'.
src/pages/SupportPage.tsx(377,21): error TS2304: Cannot find name 'Button'.
src/pages/SupportPage.tsx(378,20): error TS2304: Cannot find name 'Button'.
src/pages/SupportPage.tsx(380,21): error TS2304: Cannot find name 'Button'.
src/pages/SupportPage.tsx(382,17): error TS2304: Cannot find name 'CardContent'.
src/pages/SupportPage.tsx(383,15): error TS2304: Cannot find name 'Card'.
src/pages/SupportPage.tsx(385,14): error TS2304: Cannot find name 'Card'.
src/pages/SupportPage.tsx(386,16): error TS2304: Cannot find name 'CardContent'.
src/pages/SupportPage.tsx(388,20): error TS2304: Cannot find name 'Mail'.
src/pages/SupportPage.tsx(392,18): error TS2304: Cannot find name 'Button'.
src/pages/SupportPage.tsx(396,19): error TS2304: Cannot find name 'Button'.
src/pages/SupportPage.tsx(397,17): error TS2304: Cannot find name 'CardContent'.
src/pages/SupportPage.tsx(398,15): error TS2304: Cannot find name 'Card'.
src/pages/SupportPage.tsx(400,14): error TS2304: Cannot find name 'Card'.
src/pages/SupportPage.tsx(401,16): error TS2304: Cannot find name 'CardContent'.
src/pages/SupportPage.tsx(403,20): error TS2304: Cannot find name 'CheckCircle'.
src/pages/SupportPage.tsx(412,17): error TS2304: Cannot find name 'CardContent'.
src/pages/SupportPage.tsx(413,15): error TS2304: Cannot find name 'Card'.
src/pages/SystemConfigurationPage.tsx(22,35): error TS2304: Cannot find name 'useState'.
src/pages/SystemConfigurationPage.tsx(33,43): error TS2304: Cannot find name 'useState'.
src/pages/SystemConfigurationPage.tsx(34,33): error TS2304: Cannot find name 'useState'.
src/pages/SystemConfigurationPage.tsx(35,31): error TS2304: Cannot find name 'useState'.
src/pages/SystemConfigurationPage.tsx(36,37): error TS2304: Cannot find name 'useState'.
src/pages/SystemConfigurationPage.tsx(37,39): error TS2304: Cannot find name 'useState'.
src/pages/SystemConfigurationPage.tsx(38,31): error TS2304: Cannot find name 'useState'.
src/pages/SystemConfigurationPage.tsx(39,39): error TS2304: Cannot find name 'useState'.
src/pages/SystemConfigurationPage.tsx(40,37): error TS2304: Cannot find name 'useState'.
src/pages/SystemConfigurationPage.tsx(43,29): error TS2304: Cannot find name 'useCallback'.
src/pages/SystemConfigurationPage.tsx(118,3): error TS2304: Cannot find name 'useEffect'.
src/pages/SystemConfigurationPage.tsx(122,3): error TS2304: Cannot find name 'useEffect'.
src/pages/SystemConfigurationPage.tsx(288,12): error TS2304: Cannot find name 'Loader2'.
src/pages/SystemConfigurationPage.tsx(296,6): error TS2304: Cannot find name 'motion'.
src/pages/SystemConfigurationPage.tsx(303,8): error TS2304: Cannot find name 'motion'.
src/pages/SystemConfigurationPage.tsx(306,14): error TS2304: Cannot find name 'Settings'.
src/pages/SystemConfigurationPage.tsx(322,12): error TS2304: Cannot find name 'Button'.
src/pages/SystemConfigurationPage.tsx(328,14): error TS2304: Cannot find name 'RefreshCw'.
src/pages/SystemConfigurationPage.tsx(330,13): error TS2304: Cannot find name 'Button'.
src/pages/SystemConfigurationPage.tsx(332,12): error TS2304: Cannot find name 'Button'.
src/pages/SystemConfigurationPage.tsx(339,14): error TS2304: Cannot find name 'CheckCircle2'.
src/pages/SystemConfigurationPage.tsx(341,13): error TS2304: Cannot find name 'Button'.
src/pages/SystemConfigurationPage.tsx(345,16): error TS2304: Cannot find name 'AlertCircle'.
src/pages/SystemConfigurationPage.tsx(350,9): error TS2304: Cannot find name 'motion'.
src/pages/SystemConfigurationPage.tsx(353,8): error TS2304: Cannot find name 'motion'.
src/pages/SystemConfigurationPage.tsx(354,10): error TS2304: Cannot find name 'Tabs'.
src/pages/SystemConfigurationPage.tsx(355,12): error TS2304: Cannot find name 'TabsList'.
src/pages/SystemConfigurationPage.tsx(356,14): error TS2304: Cannot find name 'TabsTrigger'.
src/pages/SystemConfigurationPage.tsx(357,16): error TS2304: Cannot find name 'Settings'.
src/pages/SystemConfigurationPage.tsx(359,15): error TS2304: Cannot find name 'TabsTrigger'.
src/pages/SystemConfigurationPage.tsx(360,14): error TS2304: Cannot find name 'TabsTrigger'.
src/pages/SystemConfigurationPage.tsx(361,16): error TS2304: Cannot find name 'Hash'.
src/pages/SystemConfigurationPage.tsx(363,15): error TS2304: Cannot find name 'TabsTrigger'.
src/pages/SystemConfigurationPage.tsx(364,14): error TS2304: Cannot find name 'TabsTrigger'.
src/pages/SystemConfigurationPage.tsx(365,16): error TS2304: Cannot find name 'CheckCircle2'.
src/pages/SystemConfigurationPage.tsx(367,15): error TS2304: Cannot find name 'TabsTrigger'.
src/pages/SystemConfigurationPage.tsx(368,14): error TS2304: Cannot find name 'TabsTrigger'.
src/pages/SystemConfigurationPage.tsx(369,16): error TS2304: Cannot find name 'Building'.
src/pages/SystemConfigurationPage.tsx(371,15): error TS2304: Cannot find name 'TabsTrigger'.
src/pages/SystemConfigurationPage.tsx(372,13): error TS2304: Cannot find name 'TabsList'.
src/pages/SystemConfigurationPage.tsx(374,12): error TS2304: Cannot find name 'TabsContent'.
src/pages/SystemConfigurationPage.tsx(375,14): error TS2304: Cannot find name 'Card'.
src/pages/SystemConfigurationPage.tsx(376,16): error TS2304: Cannot find name 'CardHeader'.
src/pages/SystemConfigurationPage.tsx(377,18): error TS2304: Cannot find name 'CardTitle'.
src/pages/SystemConfigurationPage.tsx(378,20): error TS2304: Cannot find name 'Settings'.
src/pages/SystemConfigurationPage.tsx(380,19): error TS2304: Cannot find name 'CardTitle'.
src/pages/SystemConfigurationPage.tsx(381,17): error TS2304: Cannot find name 'CardHeader'.
src/pages/SystemConfigurationPage.tsx(382,16): error TS2304: Cannot find name 'CardContent'.
src/pages/SystemConfigurationPage.tsx(386,22): error TS2304: Cannot find name 'Label'.
src/pages/SystemConfigurationPage.tsx(387,24): error TS2304: Cannot find name 'Hash'.
src/pages/SystemConfigurationPage.tsx(389,23): error TS2304: Cannot find name 'Label'.
src/pages/SystemConfigurationPage.tsx(390,22): error TS2304: Cannot find name 'Input'.
src/pages/SystemConfigurationPage.tsx(409,22): error TS2304: Cannot find name 'Label'.
src/pages/SystemConfigurationPage.tsx(410,24): error TS2304: Cannot find name 'Hash'.
src/pages/SystemConfigurationPage.tsx(412,23): error TS2304: Cannot find name 'Label'.
src/pages/SystemConfigurationPage.tsx(413,22): error TS2304: Cannot find name 'Input'.
src/pages/SystemConfigurationPage.tsx(432,22): error TS2304: Cannot find name 'Label'.
src/pages/SystemConfigurationPage.tsx(433,24): error TS2304: Cannot find name 'Phone'.
src/pages/SystemConfigurationPage.tsx(435,23): error TS2304: Cannot find name 'Label'.
src/pages/SystemConfigurationPage.tsx(436,22): error TS2304: Cannot find name 'Input'.
src/pages/SystemConfigurationPage.tsx(453,22): error TS2304: Cannot find name 'Label'.
src/pages/SystemConfigurationPage.tsx(454,24): error TS2304: Cannot find name 'MapPin'.
src/pages/SystemConfigurationPage.tsx(456,23): error TS2304: Cannot find name 'Label'.
src/pages/SystemConfigurationPage.tsx(457,22): error TS2304: Cannot find name 'Input'.
src/pages/SystemConfigurationPage.tsx(474,17): error TS2304: Cannot find name 'CardContent'.
src/pages/SystemConfigurationPage.tsx(475,15): error TS2304: Cannot find name 'Card'.
src/pages/SystemConfigurationPage.tsx(476,13): error TS2304: Cannot find name 'TabsContent'.
src/pages/SystemConfigurationPage.tsx(478,12): error TS2304: Cannot find name 'TabsContent'.
src/pages/SystemConfigurationPage.tsx(479,14): error TS2304: Cannot find name 'Card'.
src/pages/SystemConfigurationPage.tsx(480,16): error TS2304: Cannot find name 'CardHeader'.
src/pages/SystemConfigurationPage.tsx(481,18): error TS2304: Cannot find name 'CardTitle'.
src/pages/SystemConfigurationPage.tsx(482,20): error TS2304: Cannot find name 'Hash'.
src/pages/SystemConfigurationPage.tsx(484,19): error TS2304: Cannot find name 'CardTitle'.
src/pages/SystemConfigurationPage.tsx(485,17): error TS2304: Cannot find name 'CardHeader'.
src/pages/SystemConfigurationPage.tsx(486,16): error TS2304: Cannot find name 'CardContent'.
src/pages/SystemConfigurationPage.tsx(490,22): error TS2304: Cannot find name 'Label'.
src/pages/SystemConfigurationPage.tsx(491,24): error TS2304: Cannot find name 'Building'.
src/pages/SystemConfigurationPage.tsx(493,23): error TS2304: Cannot find name 'Label'.
src/pages/SystemConfigurationPage.tsx(494,22): error TS2304: Cannot find name 'Input'.
src/pages/SystemConfigurationPage.tsx(506,22): error TS2304: Cannot find name 'Label'.
src/pages/SystemConfigurationPage.tsx(506,72): error TS2304: Cannot find name 'Label'.
src/pages/SystemConfigurationPage.tsx(507,22): error TS2304: Cannot find name 'Input'.
src/pages/SystemConfigurationPage.tsx(517,17): error TS2304: Cannot find name 'CardContent'.
src/pages/SystemConfigurationPage.tsx(518,15): error TS2304: Cannot find name 'Card'.
src/pages/SystemConfigurationPage.tsx(519,13): error TS2304: Cannot find name 'TabsContent'.
src/pages/SystemConfigurationPage.tsx(521,12): error TS2304: Cannot find name 'TabsContent'.
src/pages/SystemConfigurationPage.tsx(522,14): error TS2304: Cannot find name 'Card'.
src/pages/SystemConfigurationPage.tsx(523,16): error TS2304: Cannot find name 'CardHeader'.
src/pages/SystemConfigurationPage.tsx(524,18): error TS2304: Cannot find name 'CardTitle'.
src/pages/SystemConfigurationPage.tsx(525,20): error TS2304: Cannot find name 'CheckCircle2'.
src/pages/SystemConfigurationPage.tsx(527,19): error TS2304: Cannot find name 'CardTitle'.
src/pages/SystemConfigurationPage.tsx(528,17): error TS2304: Cannot find name 'CardHeader'.
src/pages/SystemConfigurationPage.tsx(529,16): error TS2304: Cannot find name 'CardContent'.
src/pages/SystemConfigurationPage.tsx(533,22): error TS2304: Cannot find name 'Label'.
src/pages/SystemConfigurationPage.tsx(533,77): error TS2304: Cannot find name 'Label'.
src/pages/SystemConfigurationPage.tsx(534,22): error TS2304: Cannot find name 'Input'.
src/pages/SystemConfigurationPage.tsx(547,22): error TS2304: Cannot find name 'Label'.
src/pages/SystemConfigurationPage.tsx(547,81): error TS2304: Cannot find name 'Label'.
src/pages/SystemConfigurationPage.tsx(548,22): error TS2304: Cannot find name 'Input'.
src/pages/SystemConfigurationPage.tsx(559,17): error TS2304: Cannot find name 'CardContent'.
src/pages/SystemConfigurationPage.tsx(560,15): error TS2304: Cannot find name 'Card'.
src/pages/SystemConfigurationPage.tsx(561,13): error TS2304: Cannot find name 'TabsContent'.
src/pages/SystemConfigurationPage.tsx(563,12): error TS2304: Cannot find name 'TabsContent'.
src/pages/SystemConfigurationPage.tsx(564,14): error TS2304: Cannot find name 'Card'.
src/pages/SystemConfigurationPage.tsx(565,16): error TS2304: Cannot find name 'CardHeader'.
src/pages/SystemConfigurationPage.tsx(566,18): error TS2304: Cannot find name 'CardTitle'.
src/pages/SystemConfigurationPage.tsx(567,20): error TS2304: Cannot find name 'Building'.
src/pages/SystemConfigurationPage.tsx(569,19): error TS2304: Cannot find name 'CardTitle'.
src/pages/SystemConfigurationPage.tsx(570,17): error TS2304: Cannot find name 'CardHeader'.
src/pages/SystemConfigurationPage.tsx(571,16): error TS2304: Cannot find name 'CardContent'.
src/pages/SystemConfigurationPage.tsx(573,17): error TS2304: Cannot find name 'CardContent'.
src/pages/SystemConfigurationPage.tsx(574,15): error TS2304: Cannot find name 'Card'.
src/pages/SystemConfigurationPage.tsx(575,13): error TS2304: Cannot find name 'TabsContent'.
src/pages/SystemConfigurationPage.tsx(576,11): error TS2304: Cannot find name 'Tabs'.
src/pages/SystemConfigurationPage.tsx(577,9): error TS2304: Cannot find name 'motion'.
src/pages/SystemConfigurationPage.tsx(580,8): error TS2304: Cannot find name 'motion'.
src/pages/SystemConfigurationPage.tsx(582,12): error TS2304: Cannot find name 'Button'.
src/pages/SystemConfigurationPage.tsx(589,16): error TS2304: Cannot find name 'Loader2'.
src/pages/SystemConfigurationPage.tsx(591,16): error TS2304: Cannot find name 'RotateCcw'.
src/pages/SystemConfigurationPage.tsx(594,13): error TS2304: Cannot find name 'Button'.
src/pages/SystemConfigurationPage.tsx(597,14): error TS2304: Cannot find name 'Button'.
src/pages/SystemConfigurationPage.tsx(604,15): error TS2304: Cannot find name 'Button'.
src/pages/SystemConfigurationPage.tsx(608,10): error TS2304: Cannot find name 'Button'.
src/pages/SystemConfigurationPage.tsx(614,14): error TS2304: Cannot find name 'Loader2'.
src/pages/SystemConfigurationPage.tsx(616,14): error TS2304: Cannot find name 'Save'.
src/pages/SystemConfigurationPage.tsx(619,11): error TS2304: Cannot find name 'Button'.
src/pages/SystemConfigurationPage.tsx(620,9): error TS2304: Cannot find name 'motion'.
src/pages/SystemConfigurationPage.tsx(621,7): error TS2304: Cannot find name 'motion'.
src/pages/SystemSettings.tsx(60,11): error TS2451: Cannot redeclare block-scoped variable 't'.
src/pages/SystemSettings.tsx(60,17): error TS2304: Cannot find name 'useLanguageContext'.
src/pages/SystemSettings.tsx(61,11): error TS2451: Cannot redeclare block-scoped variable 't'.
src/pages/SystemSettings.tsx(61,17): error TS2304: Cannot find name 'useLanguageContext'.
src/pages/SystemSettings.tsx(62,11): error TS2451: Cannot redeclare block-scoped variable 't'.
src/pages/SystemSettings.tsx(62,17): error TS2304: Cannot find name 'useLanguageContext'.
src/pages/SystemSettings.tsx(63,11): error TS2451: Cannot redeclare block-scoped variable 't'.
src/pages/SystemSettings.tsx(63,17): error TS2304: Cannot find name 'useLanguageContext'.
src/pages/SystemSettings.tsx(64,35): error TS2304: Cannot find name 'useState'.
src/pages/SystemSettings.tsx(65,37): error TS2304: Cannot find name 'useState'.
src/pages/SystemSettings.tsx(97,12): error TS2304: Cannot find name 'Button'.
src/pages/SystemSettings.tsx(100,13): error TS2304: Cannot find name 'Button'.
src/pages/SystemSettings.tsx(101,12): error TS2304: Cannot find name 'Button'.
src/pages/SystemSettings.tsx(104,13): error TS2304: Cannot find name 'Button'.
src/pages/SystemSettings.tsx(108,8): error TS2304: Cannot find name 'Tabs'.
src/pages/SystemSettings.tsx(109,10): error TS2304: Cannot find name 'TabsList'.
src/pages/SystemSettings.tsx(110,12): error TS2304: Cannot find name 'TabsTrigger'.
src/pages/SystemSettings.tsx(113,13): error TS2304: Cannot find name 'TabsTrigger'.
src/pages/SystemSettings.tsx(114,12): error TS2304: Cannot find name 'TabsTrigger'.
src/pages/SystemSettings.tsx(117,13): error TS2304: Cannot find name 'TabsTrigger'.
src/pages/SystemSettings.tsx(118,12): error TS2304: Cannot find name 'TabsTrigger'.
src/pages/SystemSettings.tsx(121,13): error TS2304: Cannot find name 'TabsTrigger'.
src/pages/SystemSettings.tsx(122,12): error TS2304: Cannot find name 'TabsTrigger'.
src/pages/SystemSettings.tsx(125,13): error TS2304: Cannot find name 'TabsTrigger'.
src/pages/SystemSettings.tsx(126,11): error TS2304: Cannot find name 'TabsList'.
src/pages/SystemSettings.tsx(128,10): error TS2304: Cannot find name 'TabsContent'.
src/pages/SystemSettings.tsx(129,12): error TS2304: Cannot find name 'Card'.
src/pages/SystemSettings.tsx(130,14): error TS2304: Cannot find name 'CardHeader'.
src/pages/SystemSettings.tsx(131,16): error TS2304: Cannot find name 'CardTitle'.
src/pages/SystemSettings.tsx(131,48): error TS2304: Cannot find name 'CardTitle'.
src/pages/SystemSettings.tsx(132,16): error TS2304: Cannot find name 'CardDescription'.
src/pages/SystemSettings.tsx(134,17): error TS2304: Cannot find name 'CardDescription'.
src/pages/SystemSettings.tsx(135,15): error TS2304: Cannot find name 'CardHeader'.
src/pages/SystemSettings.tsx(136,14): error TS2304: Cannot find name 'CardContent'.
src/pages/SystemSettings.tsx(139,20): error TS2304: Cannot find name 'Label'.
src/pages/SystemSettings.tsx(142,21): error TS2304: Cannot find name 'Label'.
src/pages/SystemSettings.tsx(143,20): error TS2304: Cannot find name 'Input'.
src/pages/SystemSettings.tsx(157,20): error TS2304: Cannot find name 'Label'.
src/pages/SystemSettings.tsx(160,21): error TS2304: Cannot find name 'Label'.
src/pages/SystemSettings.tsx(161,20): error TS2304: Cannot find name 'Input'.
src/pages/SystemSettings.tsx(175,20): error TS2304: Cannot find name 'Label'.
src/pages/SystemSettings.tsx(178,21): error TS2304: Cannot find name 'Label'.
src/pages/SystemSettings.tsx(179,20): error TS2304: Cannot find name 'Input'.
src/pages/SystemSettings.tsx(191,20): error TS2304: Cannot find name 'Label'.
src/pages/SystemSettings.tsx(194,21): error TS2304: Cannot find name 'Label'.
src/pages/SystemSettings.tsx(195,20): error TS2304: Cannot find name 'Input'.
src/pages/SystemSettings.tsx(208,15): error TS2304: Cannot find name 'CardContent'.
src/pages/SystemSettings.tsx(209,13): error TS2304: Cannot find name 'Card'.
src/pages/SystemSettings.tsx(210,11): error TS2304: Cannot find name 'TabsContent'.
src/pages/SystemSettings.tsx(212,10): error TS2304: Cannot find name 'TabsContent'.
src/pages/SystemSettings.tsx(213,12): error TS2304: Cannot find name 'Card'.
src/pages/SystemSettings.tsx(214,14): error TS2304: Cannot find name 'CardHeader'.
src/pages/SystemSettings.tsx(215,16): error TS2304: Cannot find name 'CardTitle'.
src/pages/SystemSettings.tsx(215,55): error TS2304: Cannot find name 'CardTitle'.
src/pages/SystemSettings.tsx(216,16): error TS2304: Cannot find name 'CardDescription'.
src/pages/SystemSettings.tsx(218,17): error TS2304: Cannot find name 'CardDescription'.
src/pages/SystemSettings.tsx(219,15): error TS2304: Cannot find name 'CardHeader'.
src/pages/SystemSettings.tsx(220,14): error TS2304: Cannot find name 'CardContent'.
src/pages/SystemSettings.tsx(223,20): error TS2304: Cannot find name 'Label'.
src/pages/SystemSettings.tsx(226,21): error TS2304: Cannot find name 'Label'.
src/pages/SystemSettings.tsx(227,20): error TS2304: Cannot find name 'Input'.
src/pages/SystemSettings.tsx(241,20): error TS2304: Cannot find name 'Label'.
src/pages/SystemSettings.tsx(244,21): error TS2304: Cannot find name 'Label'.
src/pages/SystemSettings.tsx(245,20): error TS2304: Cannot find name 'Input'.
src/pages/SystemSettings.tsx(259,20): error TS2304: Cannot find name 'Label'.
src/pages/SystemSettings.tsx(262,21): error TS2304: Cannot find name 'Label'.
src/pages/SystemSettings.tsx(263,20): error TS2304: Cannot find name 'Input'.
src/pages/SystemSettings.tsx(277,20): error TS2304: Cannot find name 'Label'.
src/pages/SystemSettings.tsx(280,21): error TS2304: Cannot find name 'Label'.
src/pages/SystemSettings.tsx(281,20): error TS2304: Cannot find name 'Input'.
src/pages/SystemSettings.tsx(294,15): error TS2304: Cannot find name 'CardContent'.
src/pages/SystemSettings.tsx(295,13): error TS2304: Cannot find name 'Card'.
src/pages/SystemSettings.tsx(296,11): error TS2304: Cannot find name 'TabsContent'.
src/pages/SystemSettings.tsx(298,10): error TS2304: Cannot find name 'TabsContent'.
src/pages/SystemSettings.tsx(299,12): error TS2304: Cannot find name 'Card'.
src/pages/SystemSettings.tsx(300,14): error TS2304: Cannot find name 'CardHeader'.
src/pages/SystemSettings.tsx(301,16): error TS2304: Cannot find name 'CardTitle'.
src/pages/SystemSettings.tsx(301,47): error TS2304: Cannot find name 'CardTitle'.
src/pages/SystemSettings.tsx(302,16): error TS2304: Cannot find name 'CardDescription'.
src/pages/SystemSettings.tsx(304,17): error TS2304: Cannot find name 'CardDescription'.
src/pages/SystemSettings.tsx(305,15): error TS2304: Cannot find name 'CardHeader'.
src/pages/SystemSettings.tsx(306,14): error TS2304: Cannot find name 'CardContent'.
src/pages/SystemSettings.tsx(310,22): error TS2304: Cannot find name 'Label'.
src/pages/SystemSettings.tsx(310,89): error TS2304: Cannot find name 'Label'.
src/pages/SystemSettings.tsx(325,22): error TS2304: Cannot find name 'Label'.
src/pages/SystemSettings.tsx(325,86): error TS2304: Cannot find name 'Label'.
src/pages/SystemSettings.tsx(340,22): error TS2304: Cannot find name 'Label'.
src/pages/SystemSettings.tsx(340,84): error TS2304: Cannot find name 'Label'.
src/pages/SystemSettings.tsx(355,22): error TS2304: Cannot find name 'Label'.
src/pages/SystemSettings.tsx(358,23): error TS2304: Cannot find name 'Label'.
src/pages/SystemSettings.tsx(369,15): error TS2304: Cannot find name 'CardContent'.
src/pages/SystemSettings.tsx(370,13): error TS2304: Cannot find name 'Card'.
src/pages/SystemSettings.tsx(371,11): error TS2304: Cannot find name 'TabsContent'.
src/pages/SystemSettings.tsx(373,10): error TS2304: Cannot find name 'TabsContent'.
src/pages/SystemSettings.tsx(374,12): error TS2304: Cannot find name 'Card'.
src/pages/SystemSettings.tsx(375,14): error TS2304: Cannot find name 'CardHeader'.
src/pages/SystemSettings.tsx(376,16): error TS2304: Cannot find name 'CardTitle'.
src/pages/SystemSettings.tsx(376,48): error TS2304: Cannot find name 'CardTitle'.
src/pages/SystemSettings.tsx(377,16): error TS2304: Cannot find name 'CardDescription'.
src/pages/SystemSettings.tsx(379,17): error TS2304: Cannot find name 'CardDescription'.
src/pages/SystemSettings.tsx(380,15): error TS2304: Cannot find name 'CardHeader'.
src/pages/SystemSettings.tsx(381,14): error TS2304: Cannot find name 'CardContent'.
src/pages/SystemSettings.tsx(385,22): error TS2304: Cannot find name 'Label'.
src/pages/SystemSettings.tsx(388,23): error TS2304: Cannot find name 'Label'.
src/pages/SystemSettings.tsx(403,22): error TS2304: Cannot find name 'Label'.
src/pages/SystemSettings.tsx(403,84): error TS2304: Cannot find name 'Label'.
src/pages/SystemSettings.tsx(418,22): error TS2304: Cannot find name 'Label'.
src/pages/SystemSettings.tsx(418,94): error TS2304: Cannot find name 'Label'.
src/pages/SystemSettings.tsx(434,22): error TS2304: Cannot find name 'Label'.
src/pages/SystemSettings.tsx(434,86): error TS2304: Cannot find name 'Label'.
src/pages/SystemSettings.tsx(449,22): error TS2304: Cannot find name 'Label'.
src/pages/SystemSettings.tsx(449,96): error TS2304: Cannot find name 'Label'.
src/pages/SystemSettings.tsx(461,15): error TS2304: Cannot find name 'CardContent'.
src/pages/SystemSettings.tsx(462,13): error TS2304: Cannot find name 'Card'.
src/pages/SystemSettings.tsx(463,11): error TS2304: Cannot find name 'TabsContent'.
src/pages/SystemSettings.tsx(464,9): error TS2304: Cannot find name 'Tabs'.
src/pages/Tracking.tsx(2,11): error TS2451: Cannot redeclare block-scoped variable 't'.
src/pages/Tracking.tsx(2,17): error TS2304: Cannot find name 'useLanguageContext'.
src/pages/Tracking.tsx(3,11): error TS2451: Cannot redeclare block-scoped variable 't'.
src/pages/Tracking.tsx(3,17): error TS2304: Cannot find name 'useLanguageContext'.
src/pages/Tracking.tsx(4,11): error TS2451: Cannot redeclare block-scoped variable 't'.
src/pages/Tracking.tsx(4,17): error TS2304: Cannot find name 'useLanguageContext'.
src/pages/Tracking.tsx(7,65): error TS2304: Cannot find name 'useEnterpriseShipments'.
src/pages/Tracking.tsx(9,36): error TS2304: Cannot find name 'useState'.
src/pages/Tracking.tsx(10,43): error TS2304: Cannot find name 'useState'.
src/pages/Tracking.tsx(34,16): error TS2304: Cannot find name 'Search'.
src/pages/Tracking.tsx(35,16): error TS2304: Cannot find name 'Input'.
src/pages/Tracking.tsx(42,14): error TS2304: Cannot find name 'Button'.
src/pages/Tracking.tsx(48,18): error TS2304: Cannot find name 'Loader2'.
src/pages/Tracking.tsx(52,15): error TS2304: Cannot find name 'Button'.
src/pages/Tracking.tsx(69,18): error TS2304: Cannot find name 'CheckCircle2'.
src/pages/Tracking.tsx(74,20): error TS2304: Cannot find name 'Package'.
src/pages/Tracking.tsx(81,20): error TS2304: Cannot find name 'Truck'.
src/pages/UserManagement.tsx(23,11): error TS2451: Cannot redeclare block-scoped variable 't'.
src/pages/UserManagement.tsx(23,17): error TS2304: Cannot find name 'useLanguageContext'.
src/pages/UserManagement.tsx(24,11): error TS2451: Cannot redeclare block-scoped variable 't'.
src/pages/UserManagement.tsx(24,17): error TS2304: Cannot find name 'useLanguageContext'.
src/pages/UserManagement.tsx(25,11): error TS2451: Cannot redeclare block-scoped variable 't'.
src/pages/UserManagement.tsx(25,17): error TS2304: Cannot find name 'useLanguageContext'.
src/pages/UserManagement.tsx(34,37): error TS2304: Cannot find name 'supabase'.
src/pages/UserManagement.tsx(77,13): error TS2304: Cannot find name 'Button'.
src/pages/UserManagement.tsx(81,15): error TS2304: Cannot find name 'Plus'.
src/pages/UserManagement.tsx(83,14): error TS2304: Cannot find name 'Button'.
src/pages/UserManagement.tsx(90,12): error TS2304: Cannot find name 'Search'.
src/pages/UserManagement.tsx(187,24): error TS2304: Cannot find name 'Button'.
src/pages/UserManagement.tsx(193,26): error TS2304: Cannot find name 'MoreHorizontal'.
src/pages/UserManagement.tsx(194,25): error TS2304: Cannot find name 'Button'.
src/pages/warehouse/DispatchManagement.tsx(3,23): error TS2307: Cannot find module 'sonner' or its corresponding type declarations.
src/pages/warehouse/DispatchManagement.tsx(6,20): error TS2304: Cannot find name 'useNavigate'.
src/pages/warehouse/DispatchManagement.tsx(7,17): error TS2304: Cannot find name 'useLanguageContext'.
src/pages/warehouse/DispatchManagement.tsx(8,27): error TS2304: Cannot find name 'useState'.
src/pages/warehouse/DispatchManagement.tsx(9,49): error TS2304: Cannot find name 'useState'.
src/pages/warehouse/DispatchManagement.tsx(22,14): error TS2304: Cannot find name 'ShieldAlert'.
src/pages/warehouse/DispatchManagement.tsx(30,18): error TS2304: Cannot find name 'Truck'.
src/pages/warehouse/DispatchManagement.tsx(33,16): error TS2304: Cannot find name 'Button'.
src/pages/warehouse/DispatchManagement.tsx(35,17): error TS2304: Cannot find name 'Button'.
src/pages/warehouse/DispatchManagement.tsx(47,17): error TS2304: Cannot find name 'Button'.
src/pages/warehouse/DispatchManagement.tsx(47,154): error TS2304: Cannot find name 'Button'.
src/pages/warehouse/WarehouseOperationsPage.tsx(4,11): error TS2451: Cannot redeclare block-scoped variable 't'.
src/pages/warehouse/WarehouseOperationsPage.tsx(4,17): error TS2304: Cannot find name 'useLanguageContext'.
src/pages/warehouse/WarehouseOperationsPage.tsx(5,11): error TS2451: Cannot redeclare block-scoped variable 't'.
src/pages/warehouse/WarehouseOperationsPage.tsx(5,17): error TS2304: Cannot find name 'useLanguageContext'.
src/pages/warehouse/WarehouseOperationsPage.tsx(6,11): error TS2451: Cannot redeclare block-scoped variable 't'.
src/pages/warehouse/WarehouseOperationsPage.tsx(6,17): error TS2304: Cannot find name 'useLanguageContext'.
src/pages/warehouse/WarehouseOperationsPage.tsx(7,11): error TS2451: Cannot redeclare block-scoped variable 't'.
src/pages/warehouse/WarehouseOperationsPage.tsx(7,17): error TS2304: Cannot find name 'useLanguageContext'.
src/pages/warehouse/WarehouseOperationsPage.tsx(12,10): error TS2304: Cannot find name 'Card'.
src/pages/warehouse/WarehouseOperationsPage.tsx(13,12): error TS2304: Cannot find name 'CardHeader'.
src/pages/warehouse/WarehouseOperationsPage.tsx(14,14): error TS2304: Cannot find name 'CardTitle'.
src/pages/warehouse/WarehouseOperationsPage.tsx(14,98): error TS2304: Cannot find name 'CardTitle'.
src/pages/warehouse/WarehouseOperationsPage.tsx(15,14): error TS2304: Cannot find name 'Package'.
src/pages/warehouse/WarehouseOperationsPage.tsx(16,13): error TS2304: Cannot find name 'CardHeader'.
src/pages/warehouse/WarehouseOperationsPage.tsx(17,12): error TS2304: Cannot find name 'CardContent'.
src/pages/warehouse/WarehouseOperationsPage.tsx(20,13): error TS2304: Cannot find name 'CardContent'.
src/pages/warehouse/WarehouseOperationsPage.tsx(21,11): error TS2304: Cannot find name 'Card'.
src/pages/warehouse/WarehouseOperationsPage.tsx(27,10): error TS2304: Cannot find name 'Warehouse'.
src/pages/warehouse/WarehouseSorting.tsx(7,17): error TS2304: Cannot find name 'useTranslation'.
src/pages/warehouse/WarehouseSorting.tsx(12,12): error TS2304: Cannot find name 'PackageSearch'.
src/pages/warehouse/WarehouseSorting.tsx(18,9): error TS2304: Cannot find name 'Card'.
src/pages/warehouse/WarehouseSorting.tsx(19,11): error TS2304: Cannot find name 'CardHeader'.
src/pages/warehouse/WarehouseSorting.tsx(20,13): error TS2304: Cannot find name 'CardTitle'.
src/pages/warehouse/WarehouseSorting.tsx(22,14): error TS2304: Cannot find name 'CardTitle'.
src/pages/warehouse/WarehouseSorting.tsx(23,12): error TS2304: Cannot find name 'CardHeader'.
src/pages/warehouse/WarehouseSorting.tsx(24,11): error TS2304: Cannot find name 'CardContent'.
src/pages/warehouse/WarehouseSorting.tsx(30,14): error TS2304: Cannot find name 'Button'.
src/pages/warehouse/WarehouseSorting.tsx(32,15): error TS2304: Cannot find name 'Button'.
src/pages/warehouse/WarehouseSorting.tsx(33,12): error TS2304: Cannot find name 'CardContent'.
src/pages/warehouse/WarehouseSorting.tsx(34,10): error TS2304: Cannot find name 'Card'.
src/routes/EnterpriseRoutes.tsx(4,23): error TS2307: Cannot find module 'sonner' or its corresponding type declarations.
src/routes/EnterpriseRoutes.tsx(10,31): error TS2304: Cannot find name 'useState'.
src/routes/EnterpriseRoutes.tsx(11,55): error TS2304: Cannot find name 'useState'.
src/routes/EnterpriseRoutes.tsx(26,6): error TS2304: Cannot find name 'motion'.
src/routes/EnterpriseRoutes.tsx(33,10): error TS2304: Cannot find name 'Card'.
src/routes/EnterpriseRoutes.tsx(34,12): error TS2304: Cannot find name 'CardHeader'.
src/routes/EnterpriseRoutes.tsx(35,14): error TS2304: Cannot find name 'CardTitle'.
src/routes/EnterpriseRoutes.tsx(36,16): error TS2304: Cannot find name 'UserIcon'.
src/routes/EnterpriseRoutes.tsx(37,15): error TS2304: Cannot find name 'CardTitle'.
src/routes/EnterpriseRoutes.tsx(38,13): error TS2304: Cannot find name 'CardHeader'.
src/routes/EnterpriseRoutes.tsx(39,12): error TS2304: Cannot find name 'CardContent'.
src/routes/EnterpriseRoutes.tsx(41,14): error TS2304: Cannot find name 'Input'.
src/routes/EnterpriseRoutes.tsx(45,13): error TS2304: Cannot find name 'CardContent'.
src/routes/EnterpriseRoutes.tsx(46,11): error TS2304: Cannot find name 'Card'.
src/routes/EnterpriseRoutes.tsx(48,10): error TS2304: Cannot find name 'Card'.
src/routes/EnterpriseRoutes.tsx(49,12): error TS2304: Cannot find name 'CardHeader'.
src/routes/EnterpriseRoutes.tsx(50,14): error TS2304: Cannot find name 'CardTitle'.
src/routes/EnterpriseRoutes.tsx(51,16): error TS2304: Cannot find name 'Bell'.
src/routes/EnterpriseRoutes.tsx(52,15): error TS2304: Cannot find name 'CardTitle'.
src/routes/EnterpriseRoutes.tsx(53,13): error TS2304: Cannot find name 'CardHeader'.
src/routes/EnterpriseRoutes.tsx(54,12): error TS2304: Cannot find name 'CardContent'.
src/routes/EnterpriseRoutes.tsx(57,16): error TS2304: Cannot find name 'Switch'.
src/routes/EnterpriseRoutes.tsx(59,14): error TS2304: Cannot find name 'Button'.
src/routes/EnterpriseRoutes.tsx(61,15): error TS2304: Cannot find name 'Button'.
src/routes/EnterpriseRoutes.tsx(62,13): error TS2304: Cannot find name 'CardContent'.
src/routes/EnterpriseRoutes.tsx(63,11): error TS2304: Cannot find name 'Card'.
src/routes/EnterpriseRoutes.tsx(65,7): error TS2304: Cannot find name 'motion'.
src/supabaseClient.ts(8,25): error TS2304: Cannot find name 'createClient'.
